text;attention
Knitting;0.032044105632624206
uses;0.02324194073517861
a;0.017258196299817802
pair;0.01765979141768449
of;0.01715852563385678
long;0.017554408137366993
needles;0.02429026599834147
to;0.017194482480254184
form;0.01784551455749654
the;0.016167217868926945
loops,;0.02330352796494757
moving;0.020376418226766623
a;0.016535160641760974
set;0.01677937240955189
of;0.016252911933601587
loops;0.017596160534826738
from;0.017653229115065353
one;0.016130635049991914
needle;0.0167098585977006
to;0.0158491832244636
"another;";0.019505154131488317
the;0.01663639559055857
stitches;0.020443953422913275
are;0.015784923060353902
held;0.017366007724347772
on;0.015929620990553405
the;0.015247243979917877
needle.;0.018742703437460474
Crochet;0.021185053958506377
uses;0.018045261603031715
a;0.01554345784297104
single;0.016596090572802393
hook;0.018241199089132354
to;0.015945733491285276
hook;0.019198351218466733
the;0.015708677231050638
loops;0.016250301969982676
together;0.01718193802525652
directly;0.016472292529992997
on;0.01597312359509589
the;0.014986612364972177
piece.;0.017534779874311106
It;0.016235663191966912
is;0.015553935839812065
this;0.01727217153272158
major;0.0164863469674117
difference;0.017342141398775653
that;0.016435871304705536
makes;0.01671241100465803
crochet;0.01805655026709024
much;0.0158501323069829
easier;0.016459812862148548
to;0.015411351995338834
work;0.015418093954704871
with;0.015427470617812857
than;0.015573376589964872
knitting.;0.015644888001229162
