text;attention
***;0.06450385764003794
python;0.007854626169877352
def;0.008542748737979547
tribonacci(n):;0.7280401022826719
if;0.007379025627113603
n;0.006165855401946054
==;0.00638853281605424
0;0.009991295036153026
or;0.007242318491810084
n;0.005379180032134746
==;0.005709799701050269
1:;0.01383835966831118
return;0.006725493242720592
0;0.006736825771701028
ifn;0.00780309569001798
==;0.005618905945552744
2:;0.01198552123260561
return;0.0051273687120812735
1;0.006099461860446235
return;0.00645209342036687
tribonacci(n-1);0.03805537850684682
+;0.006340705877481657
tribonacci(n-2);0.012541738913971466
+;0.004929698900643047
tribonacci(n-3);0.00583546975062113
***;0.004712540569803515
