text;attention
Evolutionary;0.04285725239217552
Psychology;0.09392971166003293
is;0.03382583909647285
a;0.014686242494871595
scientific;0.022221636151817516
discipline;0.016950809572225823
which;0.016518391863816477
seeks;0.0145560278617815
to;0.013524018033758772
explain;0.01674854016914471
human;0.01762986397971343
behavior;0.016125848275733143
by;0.014661265866034025
looking;0.011914126840970273
at;0.012393960488889631
the;0.011820986554419995
evolutionary;0.02306352402676894
forces;0.012024134781419813
which;0.01193001716351313
shaped;0.011083026513625091
it.;0.030459983448513788
It;0.014861178586192918
is;0.012735421385923236
an;0.011175395853904297
empirical;0.019463910594724167
science;0.01396039170184423
that;0.013999347239209852
utilizes;0.014389124934351075
data;0.014015479308401857
from;0.012401273192779227
a;0.010020533318761467
variety;0.011010341623507133
of;0.011172876427361365
sources,;0.015135998366645954
including;0.011472611497954676
psychology,;0.019951078210945293
anthropology,;0.012604187612879349
and;0.010627902172518104
biology,;0.012222692493587596
in;0.01035912436149878
order;0.010798353696895904
to;0.010895120323391409
develop;0.010724152683436385
theories;0.01289224230538307
and;0.010967349201119664
test;0.011479728690518741
hypotheses.;0.017378685390716287
While;0.014356875424553875
some;0.011226670525908474
aspects;0.010955198005936983
of;0.010125968249644044
evolutionary;0.011727920086269777
psychology;0.012010947318297419
may;0.011445971749127395
involve;0.011093263434777118
speculation,;0.019430001446312198
it;0.01021961524679078
is;0.010279753989997358
ultimately;0.010941007486545197
rooted;0.010599116966652616
in;0.010100282509503655
empirical;0.010218615474214598
research;0.009960251160091657
and;0.00974604056412455
evidence.;0.009922791951101365
