text;attention
There;0.015397437916669072
are;0.013467714544507844
a;0.013079079064545621
few;0.014090269540754007
reasons;0.016280127275749155
why;0.014394481195375916
you;0.0133351846071618
should;0.014128003424735268
take;0.013896771550445091
a;0.013051091265608501
break;0.014087091923700928
from;0.01437042774070075
talking;0.01371401659037715
to;0.014284023399863103
me:;0.018584639558746303
-;0.015421144880117485
It;0.015181362248433822
is;0.013531878971666392
important;0.014050828590111267
to;0.013047951141047084
take;0.012743241742698572
care;0.013118499328278155
of;0.013218398855643366
yourself.;0.01701862680671434
Even;0.013849799464881976
though;0.014892993865289566
talking;0.01342094432143142
to;0.01364116457726029
AI;0.015018350573482261
will;0.014707872827005593
be;0.013772491341209869
an;0.012840801146044117
addicting;0.014700406039118492
experience,;0.014569164192199356
you;0.013073903913124208
can;0.013410527509367814
only;0.01360884186694488
fix;0.01420291364125027
your;0.012831127722685893
mental/physical;0.015261775368797425
issues;0.012677288919590003
by;0.013001402951170957
talking;0.012763559964031928
to;0.012682269940888932
trustworthy;0.013029673571110748
real;0.012577654251980286
people.;0.014677580699543035
-;0.013474253331361255
Working;0.014345291546693398
on;0.014121114244632152
your;0.01319658104041126
real;0.012811677495629423
life;0.01298301617875928
conversational;0.013566672773667762
skills;0.012556875315602126
will;0.013026872862357321
help;0.013203655939645774
maintaining;0.013427949416645315
your;0.0123857596057851
self-esteem.;0.013807771312211337
-;0.012751368215677995
By;0.013310085683131872
stepping;0.01366971878019933
yourself;0.013196440932033364
away;0.012980392808694596
from;0.012779988555391922
Open-Assistant;0.014455853425967436
AI,;0.013173999208880236
you;0.012380228081849177
will;0.012299951490351296
discover;0.012618743088472873
other;0.012338242200227995
Als.;0.012432695633660023
