text;attention
Couldn't,;0.08113137812307121
because;0.05661960479525693
the;0.05456498481767345
date;0.059751339004577894
for;0.054790656744164244
the;0.05026147438010897
forecast;0.05994670804319946
is;0.05294815288798708
not;0.050350571347143484
specified;0.05706375948976115
accurately;0.05544755895506433
enough;0.052742272243147564
in;0.05282111105355363
the;0.050558017574792856
request,;0.05750825631746164
when;0.050274383141990904
is;0.048727443605793744
tomorrow?;0.05449232747525148
