text;attention
There;0.03432118850188157
are;0.032065802188232004
many;0.0349026026272536
important;0.03786165004804115
elements;0.03868172910384174
in;0.03681810224078836
building;0.03535876047560372
an;0.03535674361126244
AI;0.04402610158357731
chatbot.;0.10188882134983557
If;0.037597494672671775
I;0.035931356333851465
were;0.03227417456998802
to;0.030441105024844893
choose;0.032309070415146204
one,;0.041313629072553225
it;0.03079620406157223
would;0.030029903347491033
be;0.03482172377711349
the;0.03571215575990654
cultivation;0.03459513485173525
of;0.03290872433136802
a;0.03127277152119997
beneficial;0.03352489260160885
and;0.030400276880571037
ethical;0.030699898019783088
alignment.;0.03408998302827753
