text;attention
A;0.026685800017720602
good;0.027470808638101054
prompt;0.03055984801131404
for;0.02801349796923236
a;0.02705090812129201
1800's;0.03792016304883163
fantasy;0.02713058612158452
landscape;0.027135873774496323
with;0.027793483988145917
pastel;0.02879951456537557
colors;0.026417191853750573
and;0.026716114728086594
rich;0.026263677569448633
details;0.026603504987512034
would;0.027559338199783977
be;0.02805013856413996
the;0.02610901966892757
following:;0.0330184479344687
"""Create";0.035424198003807146
a;0.027215044691124127
pastel-hued,;0.038614224071242306
detailed;0.027875299596035893
1800's;0.034777170728295004
fantasy;0.02617196949626493
landscape;0.027794749675209597
with;0.02728895827104807
rolling;0.026261151564533756
hills,;0.029086224640075056
babbling;0.027643572119061734
brooks,;0.028963426345807227
towering;0.02623847360872556
castles,;0.028586206322243648
and;0.025679194553931802
magical;0.02550551458650671
"creatures.""";0.027576703963875387
