text;attention
If;0.015786049701771165
you;0.013100578562384559
want;0.014098497501368814
a;0.012889353829893275
subjective;0.018265834594662574
opinion;0.01887220631115547
to;0.01307388979571338
agree;0.015031777653612998
or;0.012972499789038779
disagree;0.015467967551094156
with;0.012397857339816184
then;0.01762013834910791
you;0.013591855136394809
have;0.012636543035655062
come;0.012611717988422162
to;0.012136802802137386
the;0.01169179626392729
wrong;0.012880290910198225
place,;0.018248289999407204
as;0.012916876508873878
I;0.012613532199877504
am;0.011896055801645596
a;0.01217054967908651
language;0.013140630778800767
model;0.01741538535368944
that;0.013142617623919961
strives;0.012639533015172425
towards;0.012610075593793062
neutrality;0.01504708895546251
and;0.012231578084760195
objectivity.;0.019669066789215518
Also,;0.015587981648970085
there;0.012077361752012683
is;0.011809861582275613
no;0.012324893992038136
consensus;0.014985543702296784
on;0.013508682073448415
what;0.013180531458165497
constitutes;0.013685501498451408
a;0.012182285214396337
"""better""";0.02087770360953154
fictional;0.015183235359713762
character,;0.023344859567382126
so;0.013207544787086082
you;0.012162109609919423
will;0.012137542692082375
have;0.011309804525319092
to;0.012563181363969243
elaborate;0.013140415976265224
about;0.012935159108320531
what;0.012267160241182804
metric;0.014018350984063078
you;0.012123269567913084
want;0.012627511106145411
me;0.012494494300987568
to;0.011738462257045425
compare.;0.015942966452906476
Is;0.01264247547485137
it;0.012552192687930027
financial;0.013000718797213623
success,;0.016108924312000367
critical;0.012061986552629144
acclaim,;0.014727741330249995
magical;0.012746189216406733
powers,;0.013716537238674009
story;0.012203171628504653
or;0.012331458843173881
character;0.011556464796718843
depth?;0.013240311937644389
Maybe;0.012104618547466316
something;0.011525209615334174
else;0.011576519060060023
entirely.;0.011622128029195513
