text;attention
I'm;0.21388790126011206
doing;0.0835589286743356
swell,;0.16837016294592072
thanks;0.09638933863713568
for;0.0811321774676305
asking!;0.11139638661596671
How;0.0840197003820049
about;0.08057204376711245
you?;0.08067336024978132
