text;attention
To;3.066960540025846e-10
use;2.1838321073518647e-10
ChatGPT;1.085067305051922e-08
you;3.0133795518693466e-10
can;2.11758157152487e-10
follow;2.063452711572498e-10
these;2.1475225411161164e-10
steps:;6.195100652430647e-10
1.;0.9999999732873937
Go;2.2688436448466826e-10
to;2.592011906772953e-10
the;2.0873618156877917e-10
website;2.199053737853129e-10
for;2.298715191879129e-10
ChatGPT.;2.682560052370603e-09
2.;5.192070804167668e-10
Click;1.9770664532447675e-10
Sign;2.572798820537605e-10
Up.;4.0126867196088626e-10
3.;3.5394837004868504e-10
Enter;2.1071630236240075e-10
your;1.8976343355151371e-10
Email;1.997341192681904e-10
Address.;3.0693997638345536e-10
4.;2.3044394519807223e-10
Confirm;3.304950951059473e-10
your;1.8604754658685082e-10
account;1.917958931970397e-10
by;1.9919549011666272e-10
clicking;1.9199528668070971e-10
the;1.946282509909326e-10
prompt;2.1790189793995172e-10
in;1.8043464049668686e-10
the;1.784007474264556e-10
email;1.8127994754245687e-10
you;1.8665078498726483e-10
are;2.09366342226093e-10
sent.;2.3847860605185985e-10
5.;2.374301785848756e-10
Enter;1.7999653835573096e-10
a;1.8325489474887148e-10
phone;1.9127347532476654e-10
number.;2.2004326077633317e-10
6.;2.0290631669507299e-10
Type;1.818999012694346e-10
the;2.0217569224277073e-10
code;1.8338310002073524e-10
that;1.7588464118480045e-10
is;1.6856061515105516e-10
sent;1.671359301615522e-10
to;1.6545257021849266e-10
your;1.707237511438183e-10
phone;1.6655571774181327e-10
into;1.7006548211708233e-10
the;1.6869656183784291e-10
prompt.;1.9302028580996833e-10
7.;1.8577467293153568e-10
Enter;1.6343432497707064e-10
a;1.6295982713060456e-10
prompt;1.7894582956821678e-10
for;1.6884938304701607e-10
ChatGPT.;2.1388989097215808e-10
