text;attention
Taste;0.01672360360891933
of;0.012493609925632925
chocolate;0.01360233441361434
is;0.013515875814570056
a;0.010178399054628678
matter;0.010796285989395814
of;0.010516753009682307
personal;0.010860373625394874
preference,;0.01704302545890878
and;0.011020044631611799
what;0.011013319925932755
one;0.01112567767808551
person;0.011412611084321293
considers;0.012539183311211557
to;0.010029423526249071
be;0.010484363639333416
a;0.010029907905579035
minty;0.015103691588360934
aftertaste;0.018822499091247277
may;0.011313582281139477
not;0.009982220264241497
be;0.009428397724172336
noticeable;0.012512738183018391
to;0.009998387975590934
someone;0.00998577802604522
else.;0.014656275448440632
If;0.010857151215729013
you;0.01065313962085042
enjoy;0.012662519920127957
the;0.010227552867755294
taste;0.011245920646227233
of;0.010435511983469061
Tony's;0.013409596786224439
chocolate;0.011392018952179709
and;0.011537987340719112
find;0.010795735159922683
that;0.010963629192547883
it;0.01025458600950784
doesn't;0.012171329311718052
have;0.010246232647949603
a;0.010045899416465444
minty;0.011995292834136053
aftertaste,;0.017771363055493036
then;0.010870607370480076
it;0.00978064453585453
may;0.009995641468672373
simply;0.010649189211567968
be;0.009671224465975552
a;0.00944675890741299
matter;0.00957798977089859
of;0.009660852276463018
personal;0.009742811609991398
taste.;0.012692471681817245
Some;0.010399416935501163
possible;0.010608231053792175
causes;0.012928062458291634
for;0.011061114557503547
the;0.01034118171856951
minty;0.012147058534594307
aftertaste;0.012566150668094744
in;0.010163980912472228
some;0.009930948071305169
chocolate;0.010305627782785404
brands;0.010614731348105737
can;0.010096473248984536
include:;0.013328952305176528
*;0.011116135345192351
Use;0.010355872833412468
of;0.010558710197933299
natural;0.010661497920176996
or;0.009756099115843119
artificial;0.010180145684120807
mint;0.010275306064954214
flavoring;0.010932212505143944
*;0.011229017608913544
Quality;0.01022139781546814
of;0.009695383486564287
ingredients;0.010291554800282852
used;0.00951015842979171
*;0.01024025205631807
Processing;0.010228840444389528
methods;0.00959196770625726
*;0.009778730972253026
Storage;0.010197716303612192
conditions;0.009738265730696694
and;0.009579588118299506
age;0.00987440035668974
of;0.009417251897798573
the;0.009082051540528293
product;0.00905349202469788
