text;attention
First;0.011573320102753575
of;0.009919760282423836
all;0.011776310777291668
you;0.011374435186161118
should;0.011998260769338447
always;0.011592843384089186
follow;0.011372237253009208
the;0.010252224272548257
3-2-1;0.024825908613710763
backup;0.018831175224707737
rule.;0.018207279425713548
-;0.012632050666408925
At;0.01095488358060516
least;0.011936444765286673
3;0.014935998733737558
separate;0.011045835166850827
backups;0.01610196464123543
-;0.012602636786557384
On;0.011694872832446458
at;0.009718643724644534
least;0.010428211166880886
2;0.014822129178101646
different;0.01053769743049549
devices;0.011979274217235937
-;0.01218926798427622
At;0.01012417417308434
least;0.009926606596147842
one;0.010931622871428215
backup;0.011357101379691295
off;0.010893431508288257
site,;0.012774420577107544
so;0.010466471364577854
outside;0.01057301447683065
of;0.009773117092862752
your;0.010177419519475527
home.;0.014215704071962867
You;0.010908879537877251
should;0.011378237703223769
also;0.012206899609190011
make;0.011025470422571017
sure;0.011387502406481788
that;0.010437779026727781
you;0.010282611104006908
take;0.011072432235794542
backups;0.013933616350824195
regularly;0.013222651357761952
and;0.010713066039873128
that;0.010167238227645866
you;0.010298179823628522
have;0.010456772960906496
a;0.009888363045806944
plan;0.012779478895426858
to;0.0103550161695304
restore;0.012652612176750906
the;0.009909503171299029
backup;0.011460532160710508
and;0.0100372090619966
you;0.010269127914069451
test;0.01216973036903355
that;0.010002938399909024
plan.;0.013278531570292735
A;0.010278861045958107
backup;0.012653677464761074
that;0.011463485586599919
you;0.01020719517812615
can't;0.010445037880794846
restore;0.009990098742869635
is;0.010088556237032406
a;0.009407955424927197
useless;0.009813166060437844
backup.;0.011502919834629493
It;0.009818246150854089
is;0.009888011332167185
also;0.010145773154626633
very;0.009684128807427668
useful;0.01029137351288591
to;0.009877514677450239
automate;0.011668814110270808
your;0.009778427869937973
backups;0.010695403199511785
so;0.010125703953404216
that;0.009870385259167983
they;0.009750775962143729
will;0.009676058753144543
be;0.009543950390077882
up;0.009501324691457456
to;0.009282120624804397
date.;0.009739904555224046
