text;attention
Intermittent;6.190793032452004e-09
Fasting;9.674408225862482e-09
is;4.027883238971737e-09
an;3.3804786897083573e-09
eating;3.5203453363493886e-09
pattern;3.6249032917234864e-09
where;4.0675166735677564e-09
people;3.2576935794758524e-09
limit;3.4073823897096827e-09
their;3.061802885035517e-09
food;3.428083055348092e-09
consumption;3.4099954572335243e-09
to;3.290939758504731e-09
certain;3.124764457582346e-09
hours;3.6494989199490014e-09
of;2.9932367450050435e-09
the;2.909751579536961e-09
day.;0.9999998246789304
There;3.841134268745386e-09
are;3.196630318095704e-09
periods;3.185227048534801e-09
of;3.301145720894245e-09
fasting,;6.132101095873844e-09
with;3.566113747139987e-09
no;3.194963580141627e-09
food,;3.770101071822746e-09
and;3.2632810528615294e-09
periods;3.16496209158652e-09
of;3.1077708252111657e-09
unrestricted;3.87670634880942e-09
eating.;3.85886261576191e-09
Generally,;3.8438295195776295e-09
the;2.954309041940768e-09
minimum;3.3131010306611596e-09
fasted;4.1161904699063245e-09
period;3.2205714795970143e-09
is;3.361386912858389e-09
16;3.8456998708170014e-09
hours;3.6323365977594374e-09
and;3.305605771369278e-09
an;3.101373038837061e-09
8-hour;4.1224284339910936e-09
period;3.0775608861313134e-09
where;3.332389713632887e-09
you;2.881211805739612e-09
can;2.9501682279875396e-09
eat;3.0831624548485e-09
normally;3.0006166251146866e-09
(16:8).;3.700650571520566e-09
