text;attention
A;0.15962818884888155
tree;0.16715521538092853
that;0.17233119448883205
lemons;0.18217651800607715
grow;0.16408011586982896
on;0.1546287674054518
