text;attention
The;0.0040495205701422355
Super;0.0014989932017757924
Bow!;0.005512621352140572
played;0.0013864713268220458
in;0.005208419684955165
1987;0.6922499135382912
is;0.003226983610941366
commonly;0.0011837784138616682
known;0.0014076706182789872
as;0.00201417235712429
Super;0.0011088038922859526
Bowl;0.001047042652911041
XXI.;0.021421812474658762
It;0.0012317323488104256
was;0.001799533059218521
played;0.0009872490556105732
on;0.002168162315398715
January;0.001025429389102383
25,;0.05504995915593983
1987,;0.15388508621076247
between;0.0009483035627072127
the;0.0012094099095157366
AFC;0.0018389243573585312
champion;0.0007950553143913144
Denver;0.0012705469899645648
Broncos;0.0012226029575050648
and;0.0012867701010793574
the;0.0010469150974919377
NFC;0.0012368205305066289
champion;0.0007359393269918088
New;0.0007620569677776071
York;0.0007538214947595784
Giants.;0.003238949871583183
The;0.0009434686054545719
New;0.0007191739572709624
York;0.0007108538377071178
Giants;0.0010338570939299183
won;0.0006869334234622985
the;0.0008342436061535545
game;0.0006677641661722961
with;0.0008535056692965377
a;0.0008089218262399723
score;0.0006666353459581213
of;0.0008517313904179287
39-20,;0.006851240112427688
earning;0.0007912153048757895
their;0.0006323576900573535
first;0.000612910774779959
Super;0.0006058930135205225
Bowl;0.0005939513572362592
championship.;0.0008632270133476255
The;0.0006430728513167068
game;0.0005634813569690378
was;0.0006085827175531584
played;0.0005602740705291869
at;0.0005938030933797719
the;0.0005915046007279426
Rose;0.0005507985742717606
Bowl;0.0005459751828843851
in;0.0005666492032187153
Pasadena,;0.0006954913657389492
California.;0.0005430110844375021
