text;attention
Yes,;0.019431341105819365
here;0.010428861035578616
is;0.010310463220794205
an;0.009268838123365278
example;0.013054776366752539
of;0.00949923674356848
a;0.008428205071785974
function;0.010923568617362234
in;0.008489229099811552
Javascript;0.017085120922150032
that;0.00871278522155655
returns;0.01163433714234351
the;0.00809762744379881
current;0.008977568505861327
date;0.01567360406882595
in;0.010196164375975206
the;0.007285592269692851
desired;0.008453183441437582
format:;0.018662040607277348
***;0.01192004816942435
const;0.01619850014122912
currentDate;0.017342070932523962
=;0.008992766023177615
();0.00990349451207048
=>;0.009427381281593969
{;0.009519720082283084
const;0.01251941695736005
now;0.01109803837565652
=;0.008414977518573844
new;0.008060163001530032
"Date();";0.019623090701704312
const;0.0113086802593694
month;0.01964651944674423
=;0.013242609673599243
now.toLocaleString(‘default',;0.3397271853155102
{month:;0.02456505996600475
"‘long’});";0.03368159411176022
const;0.011108014888757331
day;0.012585260933392965
=;0.010383852037747695
"now.getDate();";0.028530159273522617
const;0.008885229529682197
year;0.009831384698611972
=;0.009384808907924282
"now.getFullYear();";0.026871899270092942
return;0.011095854996668443
${month};0.024506498521142693
${day},;0.018930405620166058
"${year}’;";0.01179066848902448
"};";0.006984048384245999
°°”;0.009308054595147485
