text;attention
Some;0.00800426791891907
species;0.011594917869223072
of;0.008887028867058779
mynas;0.014456108616741544
(such;0.014263175942523014
as;0.005538375923924932
the;0.010112532931894545
Common;0.007899319628559113
Myna);0.01873606581823754
have;0.00940633588445702
been;0.0060525091082739586
known;0.005950254745008671
to;0.009189407234066407
act;0.007405324230527197
aggressively;0.007931807559117186
towards;0.00682305350290238
other;0.0056002590787782094
bird;0.008398605206603734
species.;0.08543906037258299
This;0.006365462426895773
behavior;0.00972658062248155
is;0.007996021348746359
often;0.0062666391161251235
related;0.006051818657506721
to;0.006573896347368792
territorial;0.007916046345865263
defense;0.006460448190467077
or;0.007696833687201948
competition;0.006981022958961704
for;0.0070517986604380425
food;0.006894410635412999
resources.;0.0895989841860823
Mynas;0.01107632372075156
can;0.009469727778239491
be;0.006619661342217609
very;0.005556129567217473
territorial;0.008682050585754317
and;0.013239680977306718
will;0.009576108164929455
chase;0.006478810243362199
other;0.006049810160677759
birds;0.011109115461657996
away;0.006504096644902223
from;0.0069375477265177865
their;0.006626319775437203
territory;0.00835219401811664
or;0.008338970693737093
food;0.006167721604176284
sources.;0.08918169509017534
The;0.008820590312436873
aggression;0.009991007635571774
can;0.00908993379570042
also;0.005774488654185095
be;0.006701448270199601
seen;0.006436971862374939
during;0.005778584030238219
breeding;0.006992786058282508
season;0.009146547283362751
when;0.0075598274603455515
the;0.009789711776687722
birds;0.00908091996896945
are;0.007534893218511366
trying;0.005181185986099544
to;0.006355411422685107
protect;0.006398600406147461
their;0.005941803817015688
nests.;0.04869242905875015
However,;0.015021749540023666
it;0.005624964483087839
is;0.006517096710958755
important;0.006358939141488838
to;0.006932812998611354
note;0.0066082694813001655
that;0.006471897293661106
not;0.005479843634526785
all;0.004965362529862777
mynas;0.009232485632443584
display;0.006497014978502963
aggressive;0.006401621317183747
behavior;0.0077994604467664964
and;0.010904427049000952
that;0.006189284748459427
individual;0.006178861126495294
behavior;0.007930520303869471
can;0.007148164318770741
vary;0.0075830568528995786
greatly.;0.03765268921639206
