text;attention
Approximately;0.23826913176836656
700;0.2288687960456519
pounds;0.18479893471098965
of;0.1640324667756073
wood.;0.18403067069938464
