text;attention
Sounds;0.01745511397172462
like;0.01088031702745466
a;0.010691006134695367
fun;0.011078794461323762
idea!;0.019238501828158387
I;0.011005674187731393
can;0.010153130643167113
draw;0.011200698929153223
us;0.010843129234860246
a;0.010874694861613904
playing;0.010783874546916889
board,;0.013027559446058554
like;0.010474891693784582
this:;0.013877413597975681
|\_|A|B|C|;0.10456982049169125
------;0.020759291131084278
|1;0.013390788991978755
|\__I\_|;0.032260540444717205
------;0.012677971908342824
[2;0.015539865333103467
IAAL];0.02414517311381008
------;0.011394113840186033
[3;0.012034164098423781
[LJALIA_|;0.03795020716551772
------;0.01044161413072936
You;0.012523031537013741
can;0.010326017137827376
tell;0.010305516996584848
me;0.009948209038079595
your;0.010037869076157169
move;0.010231337883162618
by;0.01004092994054685
writing;0.010332159901779924
X;0.013090640455808211
to;0.010323688121820674
At;0.012283640367317333
and;0.010814476409408474
the;0.010096015378023298
game;0.01096500634319823
would;0.010854655022876396
advance;0.010611748341683545
like;0.010329776164904231
this:;0.013875595416342373
|\_|AJBIC|;0.02529023312939044
------;0.01123920432395424
1;0.013590320995741539
[X|\_ILI;0.01968212304875538
-r---=;0.021308791896728
12;0.01451501164323348
LILI];0.015372425096582074
---2-;0.013834453111334485
13;0.01282066202711223
I\_I_I\_|;0.016574779358140584
------;0.00993280022051439
Would;0.01053751398341354
you;0.01122107331243486
like;0.01014272011177587
to;0.009953960108890417
make;0.009871520521089524
the;0.00998116028795649
first;0.009747875116831738
move,;0.011579767215817103
or;0.010246491608678876
do;0.009729762767215861
you;0.009744747704808794
want;0.009807236199463526
me;0.009603738155563786
to;0.009852236928855581
go;0.009756287246121082
first?;0.010324439132858361
