text;attention
This;0.024119938247805357
is;0.020269803409791353
an;0.01915862837465516
example;0.02049350934624261
of;0.020579083162168957
the;0.019159550516011876
fallacy;0.023347183123359053
of;0.019000080890543603
anecdotal;0.022789753561649584
evidence.;0.03313823276990512
Just;0.018985135598005052
because;0.02057911934716455
one;0.02005867607519865
person;0.023511962580964205
is;0.019787596772002827
healthy;0.021938643049012642
despite;0.02111602013507205
not;0.01973506040245063
being;0.018872092737160766
vaccinated;0.030997294297547953
does;0.019708667750287165
not;0.019640280347438116
necessarily;0.01914560194811957
mean;0.019982228428317806
that;0.01997842343819526
vaccines;0.022893535714928727
are;0.019388593644135577
unnecessary;0.020419545224318582
for;0.01968672518629734
everyone.;0.026328149373658127
The;0.019737953286306138
scientific;0.019370560601798575
consensus;0.022694518419994647
is;0.019197797902448972
that;0.020941692067579766
vaccines;0.021478821654002882
are;0.019247998530376006
effective;0.020108544159469242
in;0.019698930779002477
preventing;0.02086339615156692
the;0.01878396488300697
spread;0.019385791105965614
of;0.018874656758469652
diseases;0.019242603818573508
and;0.01908728133166334
protecting;0.019002026471685547
public;0.01844619543190041
health.;0.019028151193781068
