text;attention
Hello,;0.2075310615234619
How;0.19430854953240662
can;0.19075958902160486
I—;0.20076731025075775
NANI?!;0.20663348967176884
