text;attention
It;0.10573100027923533
depends;0.13154486032542229
on;0.09283109003665002
how;0.09194104376448284
you;0.09123268440177017
like;0.09826982219790639
to;0.09038443482226761
eat;0.09967000125135789
your;0.09552603956500723
steak.;0.10286902335590019
