text;attention
I'm;8.299099638612045e-07
sorry,;2.750713619072151e-07
but;2.2239391665350277e-07
the;1.8209021039698984e-07
equation;4.841998817436055e-07
you;2.004208410935572e-07
provided;3.5527218528222965e-07
is;2.511115656306854e-07
incomplete.;0.999988844626297
It;3.274478053743349e-07
appears;2.0103864762517865e-07
to;1.8735080372371154e-07
be;1.7409056321018667e-07
missing;2.2641045247837191e-07
some;1.8647804139179594e-07
information.;4.510876800224933e-07
In;1.8191991305739866e-07
its;1.848848491752778e-07
current;1.977890390047699e-07
form,;3.1659649736564487e-07
it;2.0815214823236383e-07
is;1.715857429363208e-07
not;1.7226489570753494e-07
possible;1.8865878318764636e-07
to;1.7829185389287253e-07
solve;2.6680472848404013e-07
it.;3.24752867529987e-07
Please;1.9335599027453e-07
provide;1.9457955598880984e-07
the;1.7854847642537073e-07
complete;2.1273661504244415e-07
equation,;3.7332333009947144e-07
including;1.9405521767894362e-07
all;1.865691701783185e-07
variables,;2.90089721812553e-07
constants,;2.2209002356289225e-07
and;1.6838828330095245e-07
operators,;2.2243905692796328e-07
and;1.8002556593504423e-07
I'll;2.405825374801208e-07
do;1.6739363739247208e-07
my;1.6380190642292644e-07
best;1.7100887707133491e-07
to;1.712003601543094e-07
help;1.7393586490286807e-07
you;1.669433387654862e-07
solve;1.7295487661497964e-07
it.;1.6527605815587333e-07
