text;attention
LuaJIT;0.09297609395685827
is;0.08091182574364762
a;0.07757135600650306
tracing;0.07865061206747662
just;0.074954210777148
in;0.07286918367375146
time;0.0740359567140166
compiler;0.08008082374691637
for;0.07594974418371472
the;0.07262664230510099
Lua;0.07242603308917916
programming;0.0709694981475464
language.;0.07597801958814082
