text;attention
The;0.015487047853992823
tofu;0.08855649325292099
used;0.017459685427713503
in;0.013975107092761608
Mapo;0.05120233183114644
Tofu;0.08648861210981017
is;0.021915323986148667
typically;0.01874239480222243
soft;0.03322831492920563
or;0.015473144366515711
silken;0.02571490944599122
tofu,;0.07284633415143352
which;0.0140232796043928
has;0.014456414362872491
a;0.01510510019314681
creamy;0.01607268816292331
texture;0.016368523099663957
and;0.013906994973384351
is;0.012127289031365574
delicate;0.01456833984316472
in;0.011147214378310968
flavor.;0.039019778503925955
This;0.013323153246298085
type;0.01184781039166921
of;0.01329775328201542
tofu;0.0197618765374754
is;0.012915958278636862
also;0.011645657685174091
used;0.013476363867175451
in;0.015353321191224126
other;0.012371153206747
Chinese;0.014784104348491468
dishes;0.016618488495985507
because;0.014243066478603773
of;0.011540785045986227
its;0.013473246799405371
soft;0.01296026821565772
and;0.011077442707062743
silky;0.011193324620965082
texture;0.011395760006494105
that;0.011742857550879227
absorbs;0.013663746892167204
the;0.013265913960777974
flavors;0.012888137381326582
of;0.011855921401025244
the;0.011494727718700214
dish;0.012835990684453548
it;0.011517792743806819
is;0.010447145514387348
cooked;0.01042012047006411
in.;0.010702789874330385
