text;attention
To;7.04793156099551e-11
add;2.376824926206157e-18
your;2.298446201708182e-18
forked;2.5561505145332186e-18
repository;4.654970509133702e-18
as;1.9199075104061957e-18
a;1.5143225138868567e-18
remote,;2.229137993148382e-18
you;1.5175439083365941e-18
can;1.5303008081587751e-18
use;1.7201712756871142e-18
the;2.048081188704613e-18
“git;3.815504532712874e-17
remote;1.7069002666847803e-18
add’;2.6523876961011465e-18
command.;0.9999999999295206
The;1.4937207748561243e-18
syntax;1.3374252653200943e-18
for;1.1472764825052745e-18
this;1.0617306674801414e-18
command;1.0848523679698629e-18
is;1.3226929632890515e-18
‘git;3.206030697294793e-18
remote;1.4031343703912647e-18
add;1.5706316229375393e-18
<name>;2.0248365884377556e-18
<url>’.;7.479629468881827e-18
So,;2.1470715921810087e-18
in;1.1399458206982226e-18
your;1.1342866390083547e-18
case,;1.3254669281083205e-18
you;1.1894596315730781e-18
would;1.1217363147932678e-18
use;1.1230780245089118e-18
“git;1.9272139745515006e-18
remote;1.1304618324804675e-18
add;1.2413792028768547e-18
origin;1.474882486024136e-18
<url-of-your-forked-repo>’.;1.7003065921781202e-17
This;1.1634856212053037e-18
will;1.2190465920785759e-18
add;1.4806761498252698e-18
your;1.3927303841935715e-18
forked;1.1353227343374214e-18
repository;1.1268606875709391e-18
as;1.2492040310824224e-18
a;1.0574531951442405e-18
remote;1.1514789451704048e-18
to;1.1171228622191067e-18
your;1.1370205106130983e-18
local;1.0464182551950435e-18
repository.;1.021740745155394e-18
