text;attention
I'm;0.03490631707872748
not;0.031238497364181935
the;0.033590772290753836
one;0.03484207053153749
in;0.03236589979170538
charge;0.03451272722018143
of;0.03174993414320063
war;0.036460957278274156
stratagems,;0.054808074122675444
I;0.03188343566991105
can't;0.03675475412669916
give;0.03323125254350722
any;0.03030452261742886
absolute;0.0329907524429392
stratagems;0.03961449380950119
especially;0.0334831888655523
when;0.03307767849705618
it;0.02976381612878169
has;0.03023713958634075
to;0.029260710139742307
do;0.032320744653131554
with;0.03114453529430762
human;0.03499099488236451
lives;0.03533827477554402
and;0.03090383725773521
not;0.029780038798421695
just;0.030287491378010234
a;0.029703887422560585
knowledge;0.029762223064021053
game.;0.030690978225205993
