text;attention
The;0.0092611394917849
primary;0.006702238996086173
Language;0.01275037352219928
spoken;0.012177824711175112
in;0.007535326169383847
Costa;0.015613635379571616
Rica;0.05202987522789717
is;0.01485260159267868
Spanish,;0.15163072194608382
with;0.008651114866478729
some;0.010038110936751384
Central;0.008559212931622885
American;0.011511386706600497
features;0.010871645584263772
specific;0.006975850751657087
to;0.006875281708613788
the;0.007117066014468749
country.;0.013686437326474185
Costa;0.009171710927153931
Rica;0.012510472786680004
is;0.00727387222443458
home;0.007091363614704367
to;0.009667192539178313
at;0.006723673687272492
least;0.00788648047635992
five;0.009744574394168093
living;0.008599461894279467
local;0.008559234358741253
indigenous;0.04233382801575043
languages;0.04367640877306121
spoken;0.00943811698615962
by;0.007216403499444194
the;0.008708015601522715
descendants;0.007356185408014707
of;0.006898560510102568
pre-Columbian;0.011600052219898743
peoples:;0.012928033181849137
Maléku,;0.060037243746114556
Cabécar,;0.020710650573465154
Bribri,;0.015388237460928303
Guaymi,;0.012029212387120554
and;0.006429640389811217
Buglere.;0.012814735427943875
Some;0.0075145034232883805
Afro-Carib;0.04158296139290047
immigrants;0.010695160582758552
also;0.007993002410854162
speak;0.010847079815021783
Jamaican;0.012475399661162807
patois;0.013575346020207745
(or;0.008707723128421892
Mekatelyu),;0.01177589817169974
a;0.0066488661850765424
Creole-English;0.009783036547163382
language.;0.0071733341419258434
In;0.0077329448723292464
addition,;0.007118800450065882
many;0.007402238213489965
Costa;0.007284737454872757
Rican;0.007553031392883958
adults;0.007045104034198118
speak;0.0073663235095113725
a;0.005984326175020648
second;0.00644603935525847
language;0.007672059614388526
such;0.0059753552390794116
as;0.0066226448015757125
English,;0.008981710193939407
French,;0.007981807716101567
Portuguese;0.006324473479828391
or;0.005949297093092199
German.;0.006153589975932026
