text;attention
Scriveners;0.06470704611576507
errors;0.0311846333806109
(more;0.02197946437569491
commonly;0.01362810182370771
called;0.017283545490370564
"""typos"")";0.0837732704819022
are;0.015596451996021296
quite;0.012006915479480615
common;0.015180176877220019
in;0.017392495676872954
legal;0.02096140912350402
documents;0.03456304164780989
and;0.015111107546684219
are;0.01395163262093792
unlikely;0.013379104340311221
to;0.014911850573459893
cause;0.016462477583497715
any;0.012548574756414679
legal;0.015039330812643682
troubles;0.01801201929576419
except;0.013358605484884593
in;0.014307576371521745
very;0.012243342337920973
specific;0.013646590685092897
cases;0.013481227469806154
where;0.015548249096980896
they;0.014743606622966306
fundamentally;0.016957215647835533
change;0.016130772430555745
the;0.014788060619981254
meaning;0.014321431235872888
or;0.012959443825585382
make;0.013484277665211142
the;0.012896606634129395
document;0.014211820311780518
ambiguous.;0.021543213823375287
These;0.012653004194684134
errors;0.013758439066848179
do;0.011939881863995838
NOT;0.01373958901841239
invalidate;0.015335274734637597
contracts.;0.018615573704203223
Any;0.012893453245401388
conclusions;0.015621114332277005
about;0.013804009218363453
the;0.01231370883865683
diligence;0.018842759751982612
of;0.013279210704256066
the;0.01187229783016723
company;0.012333239603972954
involved;0.01320759917588565
would;0.014102316579484964
need;0.012504523385182788
more;0.012302564935903251
information;0.01332886105468892
to;0.011919990483194743
be;0.011226340816752833
accurate.;0.012111557198873548
