text;attention
Kevin;0.022027280030930057
the;0.015951796254863756
Banana;0.026983780921448357
was;0.017182055099409566
mad;0.017943529546911592
as;0.015607449736140856
can;0.014816634239043006
"be;";0.018639492545977906
He;0.01671161990713151
had;0.014973470737129282
no;0.01573359152594656
eyes;0.016700632163927046
and;0.015272462386092403
couldn't;0.019357957444099804
see.;0.020774700067128987
No;0.015740432587143718
nose;0.01602013415260457
to;0.015139507743285733
scrunch,;0.016964219730781133
no;0.014748193556036585
mouth;0.01467650392890471
to;0.014559486620795927
shout!;0.019451725639793773
He;0.014755504318768596
couldn't;0.01640498779821863
remember;0.01576973410214847
what;0.014491865394693913
he;0.014308707059503809
was;0.014620924869724364
angry;0.016768188016946243
about.;0.01902615288028166
But;0.015401784257151045
he;0.01460443443048587
sure;0.014660808792573764
was;0.01495498555771325
angry,;0.018227666706357594
angry;0.015680626523266725
at;0.01447501049866009
something.;0.017672564999976523
It;0.014627355917525613
wasn't;0.0178743807083002
the;0.015296352444234353
apple;0.0156798489235873
or;0.014825265142227661
chicken;0.01480320522661219
dumpling.;0.01809783171644276
The;0.014895509930422959
more;0.014797368927669767
he;0.015007009468121715
waited,;0.016692619899552386
the;0.01471680651109131
angrier;0.01570731162691803
he;0.014402890624166133
grew...;0.01654353674337094
Then;0.014913448464436235
he;0.014273817311555494
remembered:;0.015970517572531515
he;0.014275374653583852
was;0.014257909203397834
angry;0.01491572069351823
at;0.014278988473411493
you!;0.01534632704532461
