text;attention
Some;0.017470163551378034
required;0.011265527931746327
skills;0.02780987310376254
that;0.012768019102728699
are;0.009707391097297126
common;0.011320790015475415
among;0.010909642143134302
programmers;0.09755240004388169
include;0.035480639525238854
scripting,;0.028125057728166623
debugging,;0.017323533283537577
project;0.01092403680121184
management,;0.019834524226398892
version;0.009312457788500391
control;0.0120776866586069
(git),;0.02021943619910108
critical;0.00887344555031173
thinking;0.010769004463285043
and;0.012011294374881425
teamworking.;0.036946099384867974
However,;0.016980349812199313
different;0.010987704515414193
domains;0.018768361033067185
of;0.008905026881323112
application;0.012628106726225887
require;0.012879866623548834
different;0.01043949443975186
skill;0.0124114471129194
sets.;0.023791419384149744
As;0.009693665725331767
such;0.010861570531013531
no;0.010795780132637088
two;0.012101425168768738
programmers;0.017041469907968836
share;0.012884783911972196
the;0.00927724220433285
exact;0.009516881878935991
same;0.010385163968292132
skill;0.010503920592227843
sets,;0.015430370121904359
As;0.010968292878555642
an;0.008832753786395179
example,;0.01539695974443222
while;0.011434263131977719
a;0.009369078577332044
software;0.011215973735963955
engineer;0.015571697725253401
can;0.01286466899772253
code;0.012570781856473064
in;0.011219982923027394
a;0.008561570878359171
wide;0.009359590034745544
diversity;0.009008167018808617
of;0.009710623002794561
coding;0.009123139657957495
languages,;0.018859604749036217
a;0.010207397350869675
more;0.008679986232999124
specialized;0.010868963117245528
role;0.010255188318295487
such;0.00860203838646941
as;0.009233128329952708
a;0.008552747012332669
machine;0.008764341283261347
learning;0.009986871698246483
engineer;0.009442022145396486
will;0.009321782423849003
mainly;0.00911928750764362
code;0.008791319126130287
in;0.00851803105743126
Python.;0.008604673665545029
