text;attention
This;0.022624628909036992
is;0.01780270970421362
an;0.01751716065041317
example;0.020551231700184445
of;0.020244895363922207
the;0.01712358857440456
fallacy;0.03472951768919509
of;0.019006391970586085
anecdotal;0.03261160703122859
evidence.;0.03880215959751881
Just;0.0190561923254914
because;0.02320240772432813
one;0.018893288562418505
person;0.02219103503598052
is;0.017289790666960715
healthy;0.0271770493215489
despite;0.022936081695549868
not;0.01818194880075654
being;0.016431970674586682
vaccinated;0.037219138550962344
does;0.01929766248576274
not;0.019163300412915613
necessarily;0.018267622608419368
mean;0.018639239458382844
that;0.017804044117888405
vaccines;0.02594560153286127
are;0.017209125164072542
unnecessary;0.02027173483675416
for;0.01750589291070263
everyone.;0.027275763342392595
The;0.017533688519434286
scientific;0.0184617055571188
consensus;0.021316872077823863
is;0.018516555052381988
that;0.01955950560941504
vaccines;0.022463341465875333
are;0.017490774627264734
effective;0.019201748420774448
in;0.017929007041657393
preventing;0.022541197675210928
the;0.01704683849167322
spread;0.01858580946848663
of;0.017011804478298004
diseases;0.018052210403763612
and;0.017945533343422103
protecting;0.018140061974467787
public;0.016276944137270797
health.;0.016953620236221753
