text;attention
If;0.012944594691619809
we;0.010501468596808174
assume;0.015172273737100365
that;0.011022787812271482
Pluto;0.027646714545499097
is;0.011052445291557305
a;0.00966184852998369
planet,;0.02361983685056435
there;0.011470685441459303
would;0.01102505472760757
be;0.009193332497970025
nine;0.013030496710002273
planets;0.016073677253711238
in;0.010761715229453126
the;0.008658176442094963
solar;0.009824623713439189
system.;0.028415722553688617
Before;0.011497133949515721
2006,;0.03503110881640184
Pluto;0.02176176709281283
was;0.010675443963719205
considered;0.0127154399102282
the;0.009502584240201525
ninth;0.01235474962141
planet;0.010623679115866771
in;0.00976061769939754
our;0.00945173263641123
solar;0.009191124531421369
system.;0.017911192122269614
However,;0.0151807330111318
the;0.00958373725727543
International;0.009663280013219833
Astronomical;0.009816047237607045
Union;0.011316612690010379
(IAU);0.016949081491207052
redefined;0.01548073275147532
the;0.00899147242172403
definition;0.010372846990698632
of;0.009317961854967239
a;0.009030504592779924
planet;0.011684993224298014
in;0.009760705984631189
August;0.009415306955290371
2006;0.01382351940833469
and;0.010605867004736822
reclassified;0.012292909239614423
Pluto;0.013501078256405319
as;0.010187328760968265
a;0.008890300548832773
"""dwarf";0.011189594264605512
"planet,""";0.01228346776528936
leaving;0.009856880224213308
eight;0.010704537907244151
planets;0.009898101393089304
in;0.009218147317165451
our;0.00871796573747173
solar;0.008634154983718258
system.;0.011907357626250404
However,;0.01098137205897493
there;0.00876205610536185
is;0.008918763863947635
still;0.009682600558278085
some;0.008968993035725379
debate;0.010339244162049448
among;0.009273231509760903
astronomers;0.010189035853129497
and;0.009130691901174572
the;0.0084964459826865
public;0.009383264557497642
about;0.009557084847161963
whether;0.0095673945998076
Pluto;0.012020608825137773
should;0.009697606391519103
be;0.008653964517364934
considered;0.009157364186858084
a;0.008549411867043387
planet,;0.010361254112885377
so;0.009445340159231068
some;0.008915171438472497
people;0.008994341664563857
may;0.00875967590580335
still;0.00913111355437896
consider;0.009211982552927609
it;0.00880271362729667
the;0.008664311593536755
ninth;0.009158435594674426
planet.;0.00839926973400775
