text;attention
The;0.056822624997683126
weather;0.05967948267353894
today;0.05948996805787119
is;0.05858850076158051
cloudy;0.07402154619834597
with;0.06375758198345231
a;0.05489084106145023
chance;0.05941250031993888
of;0.060149647480518084
nuclear;0.06648736212108103
armageddon,;0.09974453231517812
just;0.05673646138151074
like;0.05973939241855315
any;0.056985245197323495
other;0.05512420902533432
day.;0.058370104006639945
