text;attention
Best;0.046002238186297534
way;0.017392614513256674
to;0.014838947954845067
learn;0.01607769947862914
a;0.012939003744417372
language;0.03008729293473202
without;0.01644311501303532
attending;0.016421482585163436
any;0.012479699955585215
classes;0.019214498245674082
would;0.02084987415062192
be;0.015668059699319944
interaction;0.016075319223814784
with;0.013272505902259545
native;0.014048911364281512
speakers;0.02184228805172852
of;0.012256000458700334
said;0.01316019445308
language.;0.02989633976855806
Humans;0.022257623669052876
have;0.012845569513730526
high;0.01222107528757888
capacity;0.013117104630206574
for;0.01247345923637328
learning;0.014534153642830163
new;0.012116409016565645
things,;0.01720863461500649
especially;0.012159699111976462
when;0.01218694010793352
stimulated;0.013019895049165429
by;0.011829939391636792
necessity.;0.02052488434259506
That;0.013979823533553306
said,;0.017155652795405124
before;0.01298653706839337
trying;0.012660909886640124
to;0.012143592524133006
engage;0.014624367614586851
with;0.012366104240590124
a;0.011827198073119927
native;0.012003453313921823
speaker;0.013290399254006139
you;0.01245711413116478
should;0.012416519254467373
attain;0.0135911274765156
at;0.01192063829212144
least;0.011898118128140187
a;0.01184865928459848
basic;0.011976993048414082
understanding;0.012354647631088914
of;0.011677250956665334
Spanish;0.014186466141253165
grammar;0.01322680817105179
and;0.011870229969599645
syntax.;0.015225988833148945
For;0.013028715715370861
this;0.011931926866101875
purpose;0.012166801484525296
you;0.012221592759020834
can;0.011768622120915501
use;0.011906916491189435
various;0.011744670053732378
free;0.01196207110214499
learning;0.011802779189035242
apps;0.012193980621945292
such;0.011891677519669408
as;0.011737233379681971
Duolingo;0.012492939775435117
