text;attention
Could;0.03156889955788871
you;0.03164673207998867
first;0.031368476328258024
please;0.03305253911415628
provide;0.03177572426693217
more;0.028558578175218678
information;0.03143267568545204
related;0.028290329425423262
to;0.028790369799928696
which;0.029923878004816832
programming;0.0328482125565958
language;0.03614771967968706
your;0.030620180264813016
website;0.03376517776870768
uses?;0.052092097493848334
I;0.03113482882365314
can;0.029338534595203213
code;0.03397492362531677
it;0.02976506938226388
right;0.02641649507221845
away,;0.03393657792631838
but;0.028521846122605676
i;0.02757122869019855
want;0.028296686824160023
to;0.02619157998399299
make;0.025801728399437108
sure;0.02765776043822786
that;0.02612100303073008
it;0.02636909461639206
fits;0.027699174486845005
your;0.026892730668620968
specific;0.025939008054162355
parameters.;0.026490139057938275
