text;attention
The;0.01777678486223994
Kernel;0.01587129620524415
Trick,;0.03046569591716942
in;0.015035602715175195
the;0.01361956101936892
context;0.016151188752375787
of;0.01456362474907592
Support;0.014647814606439588
Vector;0.01804166921715846
Machines;0.020016099147036965
(SVM),;0.04039664682288925
is;0.016717587207249647
a;0.01462701085402925
mathematical;0.015315847034881737
technique;0.01738251649733696
that;0.01430561727291265
allows;0.014407796995140823
us;0.01667159039039033
to;0.014527307304098966
transform;0.015292625301351887
a;0.014133549963291064
linear;0.015312120135575565
classification;0.014971291241416225
problem;0.014801363812885826
into;0.013776941817993701
a;0.01396573762653314
high-dimensional;0.01697453911704015
nonlinear;0.016835680120470025
space,;0.019877241958473568
where;0.014088175797830624
the;0.013956449213067896
separator;0.015735262206196816
can;0.013364140928335351
be;0.013181458461725035
calculated;0.014313545780781608
more;0.013127672682727628
easily.;0.02178405357394412
This;0.01334796681560644
is;0.01305366735421409
achieved;0.014174022097041048
by;0.014224160220949446
defining;0.013603499711432276
a;0.013834572849401757
function;0.014785262395010873
called;0.013243870390236303
a;0.013217514043270184
kernel;0.015521099730532967
which;0.014350152926412915
maps;0.014678392414167147
the;0.013504562330185122
input;0.013608175365340262
data;0.013995212105386125
into;0.013430171066368724
a;0.013384791481500716
higher-dimensional;0.014509222879708981
space,;0.0163286456298295
where;0.013497082836573394
it;0.01305539242544901
can;0.012814782569486805
be;0.012758400097913203
separated;0.013215944788575865
using;0.012829183564765471
a;0.01275915558966824
linear;0.012833617126633034
separator.;0.013408371884486056
