text;attention
The;0.015221905583058519
Kernel;0.016684071456933378
Trick,;0.03396143251992605
in;0.015194234638122164
the;0.013541341242788467
context;0.01586584385414091
of;0.01433024080351786
Support;0.014210354731110477
Vector;0.015602625460256772
Machines;0.017495724380302155
(SVM),;0.04534652314881823
is;0.016340909521700555
a;0.014616946721593523
mathematical;0.014260368077823446
technique;0.01643136395831733
that;0.014095169419975316
allows;0.014653142609743786
us;0.016052994572835867
to;0.014241256252258621
transform;0.015299863451782185
a;0.01423807556079212
linear;0.01580029049549282
classification;0.015033124674249264
problem;0.014834358170672015
into;0.013838408364933327
a;0.013576704787834517
high-dimensional;0.01657645503464089
nonlinear;0.015834639309523016
space,;0.019857681688805126
where;0.015166758861250879
the;0.013886424607474863
separator;0.017199277405968775
can;0.013643597925171558
be;0.012973687986564779
calculated;0.015329969366731443
more;0.013127325226093072
easily.;0.02076295295933396
This;0.013299592108567545
is;0.012911786213134463
achieved;0.014147304351665205
by;0.014525769290369694
defining;0.013955324939893574
a;0.013980511112000611
function;0.014458873397211212
called;0.013032522653777138
a;0.013032466530178666
kernel;0.015472684215078815
which;0.014738677692151684
maps;0.015325491793870737
the;0.013360149793037887
input;0.013722100588904503
data;0.013795975867455162
into;0.013547179238580743
a;0.013017884725939557
higher-dimensional;0.014314693910120453
space,;0.016498936034842083
where;0.014151541660048545
it;0.01301821973647113
can;0.012705924746115939
be;0.012527178012549118
separated;0.013938379780247576
using;0.012671241627825717
a;0.012450985743521244
linear;0.01275179317931534
separator.;0.013520766226587622
