text;attention
Most;0.01975673821338312
Language;0.024356388048614334
Al's;0.030363582790460964
work;0.019488998402206276
by;0.022394736102930683
predicting;0.02939830074444386
the;0.019753133045875223
next;0.021121750184393908
best;0.02026009358749284
word;0.02090145632500836
to;0.018614653331954015
place;0.019071002580320046
in;0.01768692183994654
a;0.017634605618296176
sentence.;0.024368013382039786
The;0.01895129699416513
obscure;0.02208001552861036
library;0.02065836378548898
might;0.018892148106679784
be;0.018607837135806733
too;0.019459683384363737
complex;0.019524127077551506
or;0.018142810940554935
strange;0.01863521756605128
for;0.018599757196239047
the;0.018409712765900435
AI;0.019832212953505787
to;0.018509251693241045
understand.;0.023163574869499805
You;0.019019638688930952
can;0.019180497986387768
try;0.018421359396609445
providing;0.018835483503070165
the;0.01731802214468719
AI;0.01808543391911674
with;0.018897455127125488
additional;0.0185791871047595
documentation;0.019223520525137504
about;0.01810157707078214
the;0.018418571377458035
library;0.017826122074020605
and;0.019111172475310148
giving;0.01835928989453571
detailed;0.0188928519071496
explanation;0.017708859312156874
about;0.017443953397712705
the;0.017204544990336107
errors;0.017731375804781572
you;0.01782901116629243
are;0.017237726700760413
receiving.;0.017937961237854023
