text;attention
Do;0.02149344797308024
something;0.028863072589537374
that;0.024861405432599796
you;0.021491400217368554
are;0.020346538763186647
comfortable;0.024820635273689523
with;0.027114273889227082
and;0.025524872723899347
enjoy;0.025009920913896016
that;0.02408238822079538
can;0.022228248965947123
be;0.020175960018053357
done;0.024141022557239517
with;0.021588817814301973
a;0.019704083822897518
group;0.02401823866889286
of;0.020265509473300084
people;0.024750217812638656
that;0.021647497364179782
enjoy;0.022191949359623608
the;0.019313625291578398
same;0.020540858080088216
thing.;0.02785172035846596
You;0.02065059091151162
won't;0.03222894957148269
immediately;0.025505257995253754
be;0.02097604670307465
cured;0.026754850251269537
of;0.023129914177212597
your;0.020378806295132515
social;0.02069972641491269
anxiety,;0.0303772234565145
but;0.02179375279079859
overtime,;0.025693313617125686
it;0.01994688623364225
will;0.019911978557411517
help;0.02083435906352379
you;0.019769818392012705
with;0.02090074061259939
being;0.019644262347252035
comfortable;0.020682905303002815
around;0.01980258749761466
other;0.0191209321964681
people.;0.01917139202769701
