text;attention
Do;0.03465487163575511
something;0.03254855302325714
that;0.023149735428888974
you;0.02341738380253183
are;0.021365052220920732
comfortable;0.023489057947086542
with;0.02371984974002367
and;0.019833726835414053
enjoy;0.021276240552829905
that;0.020578176023861038
can;0.019691666854976624
be;0.017454154617168604
done;0.018762357477151763
with;0.017483146657983277
a;0.017423681347444153
group;0.020458283789695796
of;0.016498596370125677
people;0.020362873613750675
that;0.02044935844582307
enjoy;0.018478718891070417
the;0.017327119235898074
same;0.016311507724815735
thing.;0.04531530022898379
You;0.020187724093154696
won't;0.08436142379127075
immediately;0.018210500217423004
be;0.01718690767806182
cured;0.03134198739369798
of;0.016716754618731365
your;0.016060502661990907
social;0.01834680600818138
anxiety,;0.048978764597952536
but;0.01718594218977723
overtime,;0.040019758963554496
it;0.01677139292232534
will;0.015525180478034906
help;0.017136793545545044
you;0.015358874776466205
with;0.015678355352964506
being;0.015792962843743347
comfortable;0.015626587316020114
around;0.01501612892076629
other;0.014845051941099845
people.;0.019602187223781375
