text;attention
Welcome!;0.17412514225254244
What;0.14789876725117365
would;0.12274426006926947
you;0.11873716663206467
like;0.12208343824002962
to;0.10218333422270061
order?;0.21222789133221956
