text;attention
A;0.01914104743801962
penguin;0.029674675322673136
and;0.01601270164661596
a;0.015138897690421479
walrus;0.01934832375601042
walk;0.020503469869542063
into;0.019988972365771213
a;0.013572821093599396
bar.;0.035684188825025505
The;0.015941247222173525
bartender;0.023147047144077042
looks;0.014872488419984538
up;0.01422321262706989
and;0.01396505009370265
says,;0.0195287415139437
"""What";0.019535671184159643
is;0.013407379992828558
this,;0.019366494239910735
some;0.01365468956771082
kind;0.013003873585706123
of;0.0129949262988078
Arctic;0.015042640621285484
"joke?""";0.02164793348362292
The;0.01605847274942418
penguin;0.018360967666372272
and;0.014302429272146427
walrus;0.014247962301172893
just;0.015260528513624595
look;0.014842144543367214
at;0.014520488066551956
each;0.012627827854564516
other,;0.01636437584226388
confused.;0.01906102421680799
Then;0.014477552468742464
the;0.013178271781419332
walrus;0.014242632164615304
shrugs;0.017533703928720522
and;0.013895897992713926
says,;0.01522454669723868
"""I";0.015487493860198933
don't;0.015384475185339369
know;0.013099642513729703
about;0.013998157935274137
Arctic;0.013593936709092235
jokes,;0.01527803307830959
but;0.013139674442485625
we;0.012586937272908334
sure;0.012797795422631262
know;0.013154280939308857
how;0.012340685840114565
to;0.012939214763787631
break;0.01255101004508285
the;0.011983855747289123
"ice!""";0.014529712342792399
The;0.013524069336746167
penguin;0.013851781893522278
rolls;0.01398441513729647
his;0.012602546119126411
eyes,;0.01545365386987206
but;0.013383130205166016
can't;0.013872359646605303
help;0.012195835412315031
but;0.012253960156172658
chuckle.;0.012418022062424526
