text;attention
What's;0.06221251248431173
a;0.04732284722460758
dht;0.061202987945806704
node?;0.08120840398200099
I;0.04233556260860542
saw;0.05105929980092602
some;0.04708599722943764
people;0.04704145600189269
talking;0.049051372618568664
about;0.0465201966391303
that;0.04637568176571455
but;0.05686926189228533
I;0.04649260694823778
didn't;0.055972161995039516
really;0.040770648868636676
understood;0.04599752543427943
what;0.04269808789705552
they;0.0406885237695514
were;0.04040862922828874
meaning.;0.04868623566562319
