text;attention
As;0.018129247996814285
an;0.014517102877466133
Al;0.012789958722815442
language;0.015647263874124705
model;0.018496415415279435
developed;0.014314770132303027
by;0.013976626861459018
Open;0.01583036659343443
Assistant,;0.022587183167193277
I;0.01411005492140493
am;0.012463391693276022
capable;0.015263126538293297
of;0.012832151695788446
assisting;0.014823545257679835
with;0.013851390180410029
a;0.012800018335059648
wide;0.012433962265612927
range;0.014449819050606829
of;0.01227569576523679
topics,;0.014849989456027793
including;0.013966803607518183
but;0.013640901819909268
not;0.013734085683699293
limited;0.013881960392083897
to:;0.01707179096919125
General;0.013700694297355128
knowledge;0.014411100232997734
and;0.012333386801532332
trivia;0.016993848962067435
History;0.017304271069039992
and;0.012163406702002309
current;0.012252774915125586
events;0.013302767784246184
Science;0.014762960424584458
and;0.011983334316996705
technology;0.013024542680922267
Mathematics;0.014703259883964903
Art;0.014697545337101572
and;0.012221331045454491
literature;0.013052254253422015
Programming;0.015515893537138566
and;0.012101417495854595
computer;0.012421715980339138
science;0.012850313800936916
Health;0.013924491774621921
and;0.012057263846567546
wellness;0.013507018431209739
Geography;0.013020592183030557
and;0.011865781410592937
culture;0.012372503894811086
Personal;0.013056708725617048
development;0.012641201152924353
and;0.012159085771279715
self-;0.01244933962402249
improvement;0.01222501226587368
Please;0.014393719616502553
let;0.013706469665620126
me;0.014579074876074167
know;0.013109064091357326
what;0.012432164155980464
you;0.012256950239903744
need;0.01315812513249567
help;0.01273578974618882
with,;0.013675309881969395
and;0.01215474835408543
I;0.012339434153002085
will;0.012482393890057062
do;0.0124397183164697
my;0.012038710739830559
best;0.012140456986920874
to;0.011741661424811818
assist;0.012090081167074085
you.;0.01471268568733457
