text;attention
Here;0.00916440550294564
is;0.008720769570276354
the;0.0071993249885190964
modified;0.010193083003734624
version:;0.02104146425458864
Place;0.013362529867986526
the;0.008726689223066516
patties;0.09247108660574785
on;0.013653357982089701
the;0.008033134179528268
hot;0.009847317065037789
grill;0.023086720191912335
or;0.010242911520534236
griddle;0.014191593873257725
and;0.015643224242168345
cook;0.011719778223192066
for;0.009234713136487438
about;0.010682390434255265
3-;0.013747002209830057
4;0.00834724647003441
minutes;0.013563908466571928
per;0.008844261135781453
side;0.011804427874158483
for;0.009939969989270927
medium-rare,;0.04457133486383614
or;0.00824028633922179
longer;0.00912216645142522
if;0.00860223371150635
you;0.007260833584021454
prefer;0.007983263812540472
your;0.007511750617302256
burgers;0.015749511868902912
more;0.00748680436481431
well-done.;0.035962148548700154
If;0.008811494472384033
using;0.009711820293598381
a;0.007297282454124747
grill,;0.033087907326619266
use;0.008601596407890879
the;0.007232369684006667
spatula;0.014815996534295382
or;0.0076398658956426556
tongs;0.010156651973210341
to;0.008522286614483579
gently;0.007749414830389509
press;0.009336460961782889
down;0.008522395828274626
on;0.007393588467187721
the;0.007051474629947127
patties;0.014214083876374208
to;0.008127718674662502
help;0.007716310386284417
them;0.0071045419904186054
cook;0.008024409936209297
evenly.;0.014698878812921394
If;0.007989755713276241
using;0.0077303010694029315
a;0.006891911478015133
griddle,;0.02712063183361591
use;0.007559803609359235
the;0.006895674827456997
meat;0.008392783452222982
thermometer;0.013102720849869591
to;0.009052837088843049
check;0.007923143686966639
the;0.007164305864609496
internal;0.008508826201793829
temperature;0.009076666253652468
of;0.007477677906430773
the;0.006826949674815323
patties:;0.015790251279099755
63°C;0.02151748197968314
for;0.009035984366427403
medium-rare,;0.021174532006324156
71°C;0.012281973402728037
for;0.007804963159551951
medium,;0.00927848505435516
and;0.007241733362984617
77°C;0.008413945602346314
for;0.00695213951546606
well-done.;0.007026326536748
