text;attention
Formula;0.05617680341412358
One;0.055851021702056386
is;0.03650377399254687
the;0.034545522893543956
most;0.02991351513705524
prestigious;0.15672036223114544
level;0.02622177348954847
of;0.024798115267698245
worldwide;0.03960791666785696
racing;0.02603719597225708
for;0.02608158115976056
open-wheel;0.13722820230745117
single-seater;0.06899494995231194
formula;0.02267644208496599
racing;0.023070592893905294
cars;0.0239059895301643
authorized;0.03585257128827115
by;0.02109764484898043
the;0.02240693070512417
Fédération;0.035653715747689586
Internationale;0.027589329262817475
de;0.022393062566475646
I'Automobile.;0.04667298688424993
