text;attention
Oof,;0.10356020996512934
come;0.06187072147316725
on,;0.08197273208151208
you;0.06227452544024304
gotta;0.06798150016490222
give;0.06437544523390057
me;0.06498912020012165
a;0.062098931948385776
bit;0.060717356343606005
more;0.06306801368909212
than;0.06132356868132021
that;0.06417451635675439
to;0.06163803419704791
work;0.05833554667177747
with.;0.0616197775530398
