text;attention
The;0.08557234495638091
three;0.07067311963561694
largest;0.07697663655930158
countries;0.08405714187838961
in;0.06789780785104751
Europe;0.09303930842831136
by;0.066840981485379
area;0.07588035085830606
are;0.07447984232855293
Russia,;0.09858507209248932
France;0.07153503413224178
and;0.06405533865732246
Sweden.;0.0704070211366604
