text;attention
Hello,;0.23353955099972537
How;0.17922138725430092
can;0.1677314021426764
I—;0.20016524300021346
NANI?!;0.2193424166030837
