text;attention
The;0.011801222416076168
education;0.012401847766521559
system;0.012191932545657062
in;0.011411236083462548
South;0.012637388426801949
Korea;0.01238418257635316
is;0.011514961435873832
considered;0.011638649765162639
to;0.011932369699152196
be;0.010825642227928669
highly;0.010956094210390522
competitive;0.01391690706838773
and;0.011105334965950887
demanding.;0.01602997772806807
Students;0.012766182884528876
often;0.011042338113934765
attend;0.011041276858327299
school;0.011116808901377844
for;0.010777608263189251
long;0.011057369938092922
hours;0.011138125294305634
and;0.010862610284337005
place;0.01137718304318494
great;0.01088128573025499
emphasis;0.015482994878629005
on;0.01061262319529201
academic;0.010980355045976794
performance,;0.012449095573883075
with;0.010869359703510786
a;0.010692450778781849
strong;0.01064243876648669
focus;0.011127429204187125
on;0.010500163086461607
memorization;0.011696272774052397
and;0.010543994019456002
test;0.010730944067571756
preparation.;0.013408069596223166
The;0.010728880950758522
government;0.010975959700863406
also;0.010749575311994474
places;0.010745366215117718
a;0.010576350943388888
strong;0.010637166933286321
emphasis;0.012763785153499206
on;0.010541531721880791
education;0.01087154318507536
and;0.010580802107250438
has;0.010698772867166998
invested;0.01144961314263588
significant;0.010650457806381393
resources;0.010740825415436417
in;0.010465688122548847
improving;0.011638497343400108
the;0.010479835620010668
quality;0.01062820861201611
of;0.010431396190421199
schools;0.010742209263528516
and;0.01047080025225623
increasing;0.010462390943175921
access;0.01067329212809401
to;0.010424224871312775
education.;0.011642713751853726
Despite;0.010831126418893566
these;0.01050488566373298
challenges,;0.011666381985178031
the;0.010498155935004867
South;0.010747500325385505
Korean;0.01063944994403686
education;0.010698286435321086
system;0.010634063281181966
has;0.01054060502361196
produced;0.010632530133805733
high;0.010512252434397837
levels;0.01063809914873664
of;0.01041261928777932
literacy;0.010762142837489512
and;0.010437362621122128
numeracy,;0.01104484744301174
and;0.010463922536858648
has;0.01045455391095477
contributed;0.010554287071515879
to;0.010403353487963594
the;0.010391125235728911
country's;0.010886311184351469
rapid;0.010369032763401769
economic;0.010393876910267195
development;0.010442034157917649
in;0.010366960997357517
recent;0.010340866129784824
decades.;0.01041875122402133
