text;attention
I'm;0.1656582280232402
sorry,;0.016371371552049197
I;0.008517109878878661
don't;0.6577980426196143
have;0.008168873623462983
access;0.010509977361257715
to;0.010424229739776336
your;0.010923403789358438
tasklist;0.014886441265074813
at;0.007947050026456933
this;0.00903751803287323
time.;0.07975775408795736
