text;attention
A;0.00496660819661322
better;0.003269778572305002
way;0.003398550688557807
of;0.009143692307959925
organizing;0.00382527284348203
things;0.003747864264469146
is;0.004604697246323186
to;0.06643371115094862
create;0.0036090337471508314
main;0.0037285675230146805
categories,;0.019305914736568886
then;0.00427979430886446
sub-categories;0.007945473886046267
depending;0.0034053764759935288
on;0.005061381417791815
relevance.;0.561636908809793
Let;0.0039562872930596635
me;0.0036940442452862623
know;0.0030952247280904826
if;0.0030289701325162616
you;0.004075509106658216
have;0.0031500797677100002
a;0.010204965241428332
better;0.00311725059888075
idea,;0.028203173235416587
these;0.0035585381782465685
are;0.003779558754831225
just;0.0035401627342309936
my;0.004451033204951547
thoughts.;0.21378257660281086
