text;attention
Many;0.028135813516010282
spices;0.047026904813584715
contain;0.03197453721821834
essential;0.026393956087494737
oils;0.03330444939449947
that;0.02461891388968788
are;0.022831783403977804
responsible;0.023266694088700333
for;0.022249718131587996
their;0.023588314212499493
flavor;0.032125849267905945
and;0.023311114482013517
aroma.;0.03810140039342395
Pre-cooking;0.05002397347681106
them;0.023724706447735965
can;0.022003416915615547
help;0.02355368382743835
release;0.023160482095362006
these;0.028943221813431716
oils;0.031141519018872067
from;0.025446430961886285
the;0.025256769503037277
spices,;0.02639724015509912
allowing;0.02205294585547321
them;0.020755889884611727
to;0.021892649168317818
infuse;0.02710843050776647
more;0.020571298140825558
fully;0.021505679592373667
into;0.022857412607876534
the;0.020742389111915043
dish;0.021744171498890012
and;0.01988839323780125
give;0.020862580414812707
it;0.020864417465953355
a;0.019957043102645053
more;0.01975052763577527
potent;0.022522966840639064
flavor.;0.020342311819429134
