text;attention
Sorry,;0.1824468476881568
I;0.16469561808130032
did;0.16490202464366002
not;0.16331332815097496
get;0.162057292717012
that.;0.16258488871889598
