text;attention
Yes,;0.016355731001384183
adding;0.01562661953588799
a;0.012755079801808566
USB;0.01663470323531637
GPS;0.02164883701548186
dongle;0.01642451783416553
to;0.014924093338837874
a;0.013894026644740274
Microsoft;0.01318814902342803
Surface;0.017261862075029975
tablet;0.017666996901884103
should;0.013173332961393818
allow;0.014752376097888284
Google;0.01513205738122083
Maps;0.01566407713487682
to;0.014484921150155247
use;0.013588133617966104
your;0.014750359098332616
location;0.016801281747648424
for;0.01301429322154458
navigation;0.013628279999319459
purposes.;0.027411755188837685
However,;0.01699381881353611
it's;0.013212732031994549
important;0.014653276737708923
to;0.012887135412383068
make;0.01195089729451839
sure;0.012939454023397395
that;0.013099397520955649
the;0.0133595421655938
GPS;0.013786954703472873
dongle;0.013829736574089974
is;0.012435578376394923
compatible;0.015978989659378533
with;0.013917503971683873
the;0.012660279837609027
Microsoft;0.011814963481187619
Surface;0.01236260810609039
tablet;0.012655966081541218
and;0.01220873901671718
that;0.012154274452887562
you;0.01249309395936983
have;0.012152148736717844
an;0.012046149895713332
internet;0.01313921822550931
connection;0.013688875472768605
for;0.013004192133048587
Google;0.012165216415155328
Maps;0.012256404322360607
to;0.012153326726541699
function;0.012135374827935863
properly.;0.015314941994758753
Additionally,;0.01556816360732714
it's;0.01287290228186124
a;0.0115418525232322
good;0.011746038330391048
idea;0.011890571641671569
to;0.01224152790288599
verify;0.012474991050379762
that;0.012202612067774074
the;0.011964446699805875
GPS;0.01203343147535663
dongle;0.012824992576453833
is;0.011939704549364535
properly;0.011874709440336284
configured;0.01326746967901627
and;0.011731428644298138
working;0.011676847530733449
before;0.012388950455562176
using;0.012387133567359756
it;0.011663031870539154
for;0.01168012721210575
navigation.;0.011796791915375691
