text;attention
One;0.10280160000665547
theory;0.09864194258700161
is;0.10059864028409825
that;0.09697221273366367
this;0.08981517996486371
helps;0.10946374484862628
dogs;0.12448519736643184
to;0.0931655457567554
fall;0.08675242998560091
asleep.;0.09730350646630267
