text;attention
I'm;0.09759110501810198
sorry,;0.08922177254931507
I;0.07692458923866541
don't;0.0801986185737217
have;0.08261582203350087
access;0.08585006197871854
to;0.07843338297080471
your;0.08071511101935545
tasklist;0.09221773676953408
at;0.08207442294003915
this;0.07503132796646456
time.;0.07912604894177833
