text;attention
you;0.050326821700406546
can;0.047239685503958635
use;0.04796253840398919
the;0.047229584891469924
°;0.0807551234975176
az;0.05295617375580096
keyvault;0.10954265409902071
secret;0.06251608603654285
list’’;0.07113822855475346
command;0.048216017244556306
to;0.046225745548074335
list;0.04789255844049438
secrets;0.05253949927782652
in;0.046947181692745185
a;0.04699105071882799
specified;0.0475893140158496
key;0.04703531012535494
vault;0.04689642649281088
