text;attention
Yes,;0.039500664573724906
I;0.02585432459279669
am;0.026008737018473914
ready.;0.04887487954433456
But;0.027843923357667416
before;0.026275587550667497
we;0.0260862313822139
begin,;0.03329627035187712
please;0.026607138928215493
tell;0.024947006593201003
me;0.02487898087197667
what;0.024676967561589228
exactly;0.025650015899433377
you;0.024026125550729645
mean;0.024389837977840494
by;0.025500311623876483
"""convert";0.03478389694306489
it;0.02554352086170721
to;0.02510143156597543
a;0.024245085457863403
list”.;0.04757941251880179
What;0.025607605257184068
constitutes;0.02804377583742573
a;0.02397426803185744
single;0.025486103792302837
list;0.024360717548806133
item?;0.03218821803817201
A;0.026737172300328932
character,;0.03017494867479846
a;0.024101760735323503
word,;0.026953393323590407
a;0.02360860255029053
sentence,;0.02548027381139348
or;0.023816676790349187
something;0.023480695997620732
else?;0.024315436584525583
