text;attention
No,;0.039917975897132814
although;0.03281995627416937
it;0.029531223827474067
should;0.03310163143760326
be;0.02446523398252891
allowed;0.03761333552161085
in;0.0285512725696037
some;0.028731120055443836
states,;0.05449954811589812
however,;0.04948915355425709
please;0.03519013065924686
read;0.03974430210673316
about;0.030251052519880202
it,;0.04275244503298156
and;0.0289490016100504
try;0.03300101313585104
to;0.030918698163758505
not;0.03064380970409468
do;0.030250589125896878
anything;0.02717015387112627
else;0.022155106778030308
unless;0.032029235520459484
you;0.0276713116324073
read;0.03812383725282735
about;0.029761385439248233
it.;0.04292000744935563
Hope;0.03675809505187636
that;0.033374620028297844
helps!;0.04961475368215594
