text;attention
If;0.0199968466812533
your;0.018652224221628627
vision;0.021274923814736977
has;0.01715712103065819
deteriorated;0.035180068006371495
in;0.015251308697504023
such;0.01656540054217622
a;0.015104706596189241
way;0.019114450895540636
that;0.017934739450842393
you;0.01639545553177958
cannot;0.017822117404406423
effortlessly;0.040287574871723186
see;0.024531697206145245
objects;0.02247389937393212
and;0.01715932215761366
scenery;0.026731645152553225
that;0.016744416928274018
you;0.016628553143168218
used;0.017164850125585662
to;0.018346988812275485
be;0.014608292896923022
able;0.015942408182484397
to;0.015488254578830818
see;0.01585271253964425
well,;0.02094785400876435
you;0.016060875923576315
should;0.016147755298840726
visit;0.016156107223173698
an;0.015649609017894684
optometrist.;0.031294618149391294
One;0.019335082402810604
common;0.01611708876384471
trait;0.017866974398710923
shared;0.01674091864693128
amongst;0.0167404539110279
people;0.016268285671505275
who;0.015640386915555898
are;0.014971304814317198
in;0.01443732039142962
need;0.01640043266446909
of;0.014819645049511559
glasses,;0.016499067337672865
is;0.01721574175670723
squinting;0.024456232604570898
the;0.014677204422034256
eyes;0.015601906727342265
to;0.016455635266102654
try;0.015676941200166994
and;0.015418217265031378
see;0.015353839347664733
objects;0.01565861325804061
sharp;0.015946479299557965
and;0.014662143871301195
well.;0.014373285549811292
