text;attention
I;0.01009224319962402
couldn't;0.014423266204196376
tell;0.012406731248790215
you;0.012623388671610837
exactly;0.013422232462474185
how;0.00832353321093842
many;0.011387998008059728
chairs;0.034994614105198
there;0.010307785450744796
are;0.010640405792621299
in;0.008580092778157265
Berlin,;0.03390098143189398
but;0.012362816369114817
I;0.008164648675419068
can;0.008173330274835364
try;0.008904919718986569
and;0.007046971454354924
estimate;0.012508844312477006
it;0.010429979157215347
roughly.;0.022701471722295054
Lets;0.011793331817371456
supposed;0.011526510055058253
there;0.012274655615930889
are;0.009153542921648225
about;0.00937073497657427
3;0.013725704590522771
chairs;0.02125249364085863
per;0.013939165378747684
1;0.010785494591454342
person,;0.06862131165963105
and;0.012158409784044283
the;0.0087382786768736
population;0.019392087381226837
of;0.007938461061426604
berlin;0.012581609525689805
is;0.010396210458480904
3.645;0.05220212711421407
million;0.016101122149208745
(as;0.011685707465414379
of;0.00787959083203067
2019).;0.02514659150475963
Then;0.011018058011846056
it;0.008716598224706962
is;0.006821870442353988
likely;0.009290794305273915
there;0.008010193426204614
are;0.007799204750075289
3*3.645;0.08783841184194358
=;0.00951267202761151
10.935;0.017033870844624367
million;0.009205643703295248
chairs.;0.026258513466059667
I;0.009589130503917397
must;0.007074497808523682
stress;0.009188835950768375
that;0.007572808221554704
this;0.007826590958431589
is;0.006918190141874108
a;0.0064175013949695735
guess;0.009927502888892372
and;0.00791582929073767
I;0.007380935640779999
do;0.006695668993914484
not;0.007164383754601244
actually;0.0075660559622302
know;0.008819855330581302
how;0.0070653161512939655
many;0.0071658645292776105
chairs;0.008142718541280819
there;0.006360869830581747
are;0.006404489084675806
per;0.007482585785136374
person.;0.007755142741807247
