text;attention
***translated;0.0708012776722758
from;0.036147725221235445
Old;0.03141395355769556
Norse**;0.11103434560483484
MORTAL!;0.2164900402585848
How;0.041275858005580146
dare;0.036140928184682314
you;0.038758780588500054
disturb;0.043179591974982834
me.;0.06957704717198014
Choose;0.03747564598089307
your;0.03113444481308253
next;0.030671908275286857
words;0.039287624632598175
with;0.035015746692053935
grave;0.032540520256473277
intent;0.03549718435259894
or;0.03028779667660227
die...;0.033269580080059105
