text;attention
Okay,;0.05489656063802845
I;0.03774068174865082
am;0.036358972870093605
ready;0.0376227586925866
for;0.039077018969262196
this;0.03753347797513932
challenge.;0.05634163985706727
Please;0.03777505768689749
provide;0.042623146503329115
me;0.03789328870539217
with;0.03762682847353764
the;0.0383013896590637
5;0.04352062220357869
distinct;0.03834883855790021
biases;0.047504178417835816
and;0.040808069001217126
5;0.03955414191631351
personality;0.03733937358806112
traits;0.040372295035445364
that;0.036143973937397475
you;0.03569886949921641
want;0.036458086142620326
me;0.03608882513992996
to;0.03615105408997514
emulate.;0.038220850691460424
