text;attention
Pizza;0.014584402116159537
is;0.01354504659281435
all;0.012133670138087345
about;0.013470779776893973
personal;0.011954534442123514
taste;0.012263775548592875
and;0.011922230814798759
preference,;0.013292466031594702
but;0.012330408575266367
let's;0.012916923301512033
look;0.011331283655231554
at;0.011533608325620323
the;0.011072198562614245
facts.;0.014881294835323744
Pineapple;0.014495476733127677
is;0.01270603657601153
a;0.01234827987095871
sweet;0.012993324276824206
and;0.011727016237357965
tangy;0.012414408946067717
fruit;0.011819450277966565
that;0.012094691850256691
adds;0.012712037251811572
a;0.011317784097948333
unique;0.01159753405783389
flavor;0.01147769603730533
to;0.011044507899583961
pizza.;0.014903849326398598
It;0.011938484977868981
also;0.011964663204522087
balances;0.013417957866664613
out;0.012220044548568617
the;0.01181904942760107
saltiness;0.013102561813278861
of;0.011905030854546512
the;0.01180667106316125
cheese;0.012333167517288609
and;0.011734034220010134
the;0.01152359394068754
savoriness;0.012882400812455952
of;0.010960866543728028
the;0.01089074343180492
sauce,;0.01202662910857366
making;0.011802190369522523
for;0.012206384117876575
a;0.011145052777093588
delicious;0.01155859544269235
and;0.01108800179762366
well-rounded;0.011228486291763007
taste.;0.0123264375470787
Pineapple;0.011937124763742188
is;0.011807417043107634
a;0.011509853954316107
natural;0.011763317281347045
source;0.011238978315918814
of;0.011388982252443735
enzymes;0.011722155108028107
that;0.011463446975729971
aid;0.012201254280919017
in;0.011319609608139106
digestion,;0.01193247965339356
making;0.011557381669735694
it;0.011412766831177921
a;0.011136881932379439
healthy;0.011287635383035784
addition;0.011305364501788557
to;0.011211598390815975
any;0.010949119315736375
meal.;0.011557811384177455
Plus,;0.01256372677386512
it;0.011089510726787327
provides;0.011910727250091615
a;0.011289337852218402
pop;0.011305229900605862
of;0.011455946135258629
color;0.01118791087643293
and;0.011192786372508692
texture;0.01084213926847004
that;0.010980329667068033
can;0.011007415075175685
make;0.011178600671439026
pizza;0.010827544236690387
visually;0.010958438345990843
appealing.;0.01074141437096749
