text;attention
I'm;0.13163200957964147
doing;0.10286976707004153
swell,;0.1374386212956063
thanks;0.10903883629830399
for;0.10048463529298066
asking!;0.11442011122758504
How;0.10162570003626854
about;0.10063618608470602
you?;0.10185413311486644
