text;attention
A;0.021901252072434645
good;0.01844353437257229
prompt;0.0206660073766115
for;0.018280578530226035
a;0.04088326645147105
1800's;0.3495823348127564
fantasy;0.027618861264438865
landscape;0.017566373455578172
with;0.016247093751239106
pastel;0.020046872762592458
colors;0.015549451405530781
and;0.01496664987514332
rich;0.013937474466628559
details;0.014167186862773138
would;0.01330812687613661
be;0.012324970121064462
the;0.02601902169340594
following:;0.02365786981276455
"""Create";0.022609937591462254
a;0.019676323917524437
pastel-hued,;0.05765375927731591
detailed;0.01273217863462801
1800's;0.052655141427081165
fantasy;0.01341795794908188
landscape;0.011931024503007004
with;0.011827064861460158
rolling;0.011264727923563816
hills,;0.016039592323074336
babbling;0.013214709453443307
brooks,;0.016024635692473543
towering;0.012186581796871855
castles,;0.013591574329393877
and;0.010157508984618304
magical;0.009834990466320173
"creatures.""";0.010015364905311982
