text;attention
Can;0.08297247667321025
you;0.07961313926515472
try;0.07922907488497499
plugging;0.08481454962749534
it;0.07706445020322758
in;0.07607563881234215
the;0.07518371409683323
battery;0.07599159679812888
might;0.07537153799653132
need;0.07398275212488865
to;0.07328819777232512
be;0.07296577308682037
charged.;0.07344709865806723
