text;attention
Although;0.028314006842635464
there;0.012761373878752329
are;0.01139946003049966
many;0.011790835444390437
different;0.011704685877842578
formatting;0.033675388127194006
styles;0.12271595834695544
to;0.013356097883059595
choose;0.016257760414467012
from,;0.02742035359760316
preference;0.017975075879422955
is;0.012309925431083335
typically;0.012893541148095312
the;0.013913161372392893
confounding;0.01768423194005778
factor;0.012774314690240339
for;0.011332599872632687
what;0.011560942104752683
any;0.01128790791354425
one;0.010521046393712565
person;0.01273736492173619
or;0.011172906997015244
team;0.017866788258728533
chooses.;0.03473966522491202
The;0.015491918354257398
most;0.010804567597430698
commonly;0.011658598111962142
used;0.011694132348251573
formatting;0.014284792529691726
style;0.01988880997754389
for;0.011364507227977307
C++;0.040699604548652915
programming;0.013310248995849273
is;0.01546068481006184
ANSI;0.021053820730205567
or;0.01181020930329026
Allman.;0.03275695129635511
Teams;0.019792221791832695
at;0.011569586816259901
Google;0.019333836301393036
have;0.011538427503885134
their;0.010796048230002936
own;0.012379596053756771
formatting;0.017496701383955926
guidelines,;0.020084987707065505
and;0.011683285754048782
there;0.010325585160723592
are;0.011057981227952126
many;0.010362419240494128
public;0.011481046727299243
Style;0.011855620480159411
Guides;0.012296822511406217
out;0.01008140094095579
there;0.010550334237199177
that;0.009952496394314277
you;0.00995845405548256
can;0.009729223187859093
try;0.009590869925431926
out.;0.009638815945265665
