text;attention
select;0.09006274121637861
top;0.07894958337378159
5;0.07801880754348622
id,;0.09123762016770844
distance,;0.0791511822330968
pace,;0.07622905203762881
route;0.07349144204383794
from;0.07197112395852515
runs;0.07372000295898083
order;0.07188865293405107
by;0.0717074860810434
distance;0.07272476212339878
desc;0.0708475433280824
