text;attention
***;0.4933293130086576
/home/username;0.5066706869913424
