text;attention
No,;0.16324742792600133
although;0.028182759960401114
it;0.031322887655052895
should;0.024825161640198823
be;0.031455664799586384
allowed;0.02308468291566587
in;0.04210335627702182
some;0.022685019483828107
states,;0.07342767023385999
however,;0.07003939740329362
please;0.025864181063076676
read;0.02333339809417494
about;0.026927033381900976
it,;0.059194095405192895
and;0.03755831305942753
try;0.022087140758657024
to;0.03223935586996289
not;0.022016197057228012
do;0.021509285773948207
anything;0.02062729661020423
else;0.020359415570508004
unless;0.022558747047779534
you;0.02344419036521856
read;0.020962599069016298
about;0.02167482815564092
it.;0.02957286745377865
Hope;0.01979945827543418
that;0.020468458791109326
helps!;0.01942910990283127
