text;attention
You;0.10434593795075996
should;0.10226755001988437
use;0.10865440565093891
ProtonMail;0.14545015821580903
for;0.11725880130745822
your;0.10758273840248463
more;0.10283956363383927
sensitive;0.10251607433599357
communications.;0.10908477048283209
