text;attention
In;0.0898858152460659
what;0.08744948664783704
programming;0.08632005263490805
language;0.09208013444017052
would;0.08876664683900888
you;0.08193222037170002
like;0.08597931126251662
the;0.07712840230401607
script;0.07990394086585666
to;0.0789929602663678
be;0.0745073612071314
generated?;0.07705366791442105
