text;attention
The;0.026835146904784796
Bible,;0.021310904810721027
which;0.0069269172422999695
is;0.006055212187857764
intented;0.009158109393920368
to;0.006591684144143866
be;0.0056555251562646885
taken;0.0063746739266359095
as;0.006477493687015812
the;0.005420709010878512
word;0.00629942262328841
of;0.006298812881647007
God,;0.013489750334336048
gives;0.007712828847802978
many;0.005915466920549335
examples;0.00847459186768601
of;0.006400985797461958
the;0.0056541268881829245
thoughts;0.00792537259806317
of;0.006121284440495805
God.;0.03346214601143459
1.;0.018980271661315825
God;0.008125988909910287
cares;0.008721923491941378
for;0.00636673694425529
us;0.008194193487293501
(Jeremiah;0.02633800657175517
29:11,;0.08314670599102897
Psalm;0.009663651158813942
139:16-17,;0.0437159616312778
Matthew;0.006898221240617276
10:29-31,;0.04135770459644585
Romans;0.00764577277247794
8:28-29);0.03807088819373954
2.;0.01372096924872649
God;0.006184205230788799
has;0.005481783263578481
a;0.005285176899581452
plan;0.00742594064870919
for;0.005626664533050732
us;0.0066758628836249435
(1;0.010765412122414537
Peter;0.007808599775517946
2:9,;0.019978245026611618
Ephesians;0.013373272410978122
1:4-5,;0.01838315536211483
Ephesians;0.015066784983448349
2:10,;0.011462207364993968
1;0.005674093341343646
Timothy;0.006930120252289647
2:3-4,;0.012446099617332411
2;0.005378387930786269
Peter;0.005834343769227547
1:3-4);0.012009381965686594
3.;0.009599542711106688
God;0.005846889422788314
will;0.00567191298954476
not;0.005651962588744162
forsake;0.010855475026492605
us;0.006404960650261428
(Psalm;0.01299790433078209
94:14,;0.021391677178750856
Exodus;0.00813763634235104
19:5,;0.012016827808884203
Joshua;0.006334220141101711
1:9,;0.008707780385894802
Deuteronomy;0.006941894194419497
31:8,;0.008481639206929356
Romans;0.0063017702008179985
8:38-39);0.01201851865661598
4.;0.0074234845109064605
God;0.005462412577279573
is;0.005418711493652441
looking;0.005507397932209245
forward;0.006217753189932142
to;0.005751466736322323
spending;0.005753802674684926
eternity;0.010392576940085033
with;0.005756131327563029
us;0.005880595103472475
(John;0.00838748563550712
3:16,;0.012990984831820651
Romans;0.006408111084843431
6:22,;0.009356474296762092
John;0.005563668153479519
4:14,;0.008990901212606595
John;0.005221776074431978
14:2-3,;0.008267833512068432
Revelation;0.005935319004103125
21:3-4);0.006654602915634735
