text;attention
The;0.010630993190813415
three;0.012226670199936831
Newton;0.022227995417837775
laws;0.0301823169805616
of;0.011800486480214195
mechanics,;0.016782119876028605
better;0.009418973328864705
known;0.009928757218998795
as;0.00920231844693259
3;0.011059073337518743
Laws;0.012907235567759816
of;0.00826605164558011
motion,;0.015452852761190534
are:;0.012743644436666802
-;0.011792070218192521
ist;0.016560982711793237
Law:;0.024638169934144475
A;0.011460892881209722
body;0.011781522166226126
continues;0.01209530810077138
in;0.009413187483951256
a;0.008055303334008921
state;0.008119434351609894
of;0.007495467114625749
uniform;0.008727995446896423
motion;0.009300176185945537
unless;0.011396559354525857
acted;0.01015908079072991
on;0.009066864527136901
by;0.00824493367313102
a;0.007906235762176339
force;0.011885283385919616
-;0.013028789388777232
2nd;0.014929188105404462
Law:;0.04423279477123292
A;0.01105101690531956
body;0.010419859560912388
of;0.009303392986255593
mass;0.013230088921044499
$m$;0.029757976939969785
acted;0.009233916035967673
on;0.009002824689558892
by;0.009041351252386092
a;0.008609037189977768
force;0.01344226981016029
$F$;0.03926284123048603
accelerates;0.01461520323952393
with;0.008541069736998325
an;0.008407608048714786
acceleration;0.00964888391987549
$a$;0.014596089566323633
such;0.008495171492701924
that;0.008680579029029427
$F;0.010664613882101067
=;0.00808967105568993
ma$;0.010338259488723448
-;0.008995660844232808
3rd;0.010648658751907604
Law:;0.05313134374932085
A;0.014711240212119555
force;0.019341795595725852
$F$;0.019514796354524987
acting;0.00924987499414254
on;0.010273680670440748
a;0.00814684860287366
body;0.009054524170199049
will;0.008924568692810384
be;0.008974967368887778
accompanied;0.00865133460543156
somewhere;0.009563957181803131
by;0.009596790221430264
an;0.007804911021426502
equal;0.00927569084978201
and;0.007625916069228643
opposite;0.010025403016254137
reactive;0.00907045610709209
force;0.00852180319554951
$-F$;0.011344324165782061
