text;attention
A;0.03440531648645392
hard;0.03378358741425436
boiled;0.03877536083852213
egg;0.03468033121532394
will;0.03880152801941513
spin;0.036336592368341795
nicely;0.033511418059608514
and;0.03286148960316685
a;0.03276680475379798
raw;0.032612851170763985
egg;0.03264247545900549
will;0.03333447605938312
wobble.;0.04216016471065822
The;0.03212708045889549
raw;0.031831613363521256
egg;0.031143882410126455
is;0.03316075410587095
full;0.030764202384612367
of;0.03207739363073002
fluid;0.03143526150775946
which;0.03241070396452662
Moves;0.03543602113314072
around;0.03274859295194314
as;0.0325456162467592
it;0.031385918067511294
spins;0.031856505686121556
making;0.032093410306912096
the;0.030911976306881864
egg;0.030608076399686285
wobble.;0.030790594916305813
