text;attention
There;0.6891104273105051
are;0.016806486167469895
many;0.018057902919915512
good;0.016316519187358807
alternatives;0.01993395728652787
to;0.016432116859077254
GMail,;0.09096228823815374
such;0.01743779682478609
as;0.015408295368663857
AOL,;0.0292554824312929
Yahoo,;0.01935268340025168
Outlook,;0.01956653614954877
and;0.01400826385933352
Protomail.;0.017351243997114785
