text;attention
The;1.743908852927838e-05
weather;1.529177251459265e-05
today;1.4688660247008098e-05
is;1.5920784732955893e-05
cloudy;1.4219353350776016e-05
with;1.3638499128716604e-05
a;1.4083376267780177e-05
chance;1.407333811003474e-05
of;1.4177170860250497e-05
nuclear;1.538469227118814e-05
armageddon,;8.417822952888644e-05
just;1.5337880678300863e-05
like;1.6260721678799772e-05
any;1.398842198721584e-05
other;1.3304709851440774e-05
day.;0.9997080133002628
