text;attention
Here;0.015099721028257155
is;0.008989447297813764
the;0.008129219793468813
list;0.00930900620947306
of;0.009186962288264449
all;0.009073794921372658
the;0.007376543251506802
countries;0.026548698870235542
in;0.009524412849476131
Europe;0.21253357840848522
in;0.012224658619623659
alphabetical;0.01791425278008633
order:;0.033486248789099324
Albania;0.022809320794412054
Andorra;0.031112709945671512
Armenia;0.013084068503524327
Austria;0.014124123158548465
Azerbaijan;0.012024251992743562
Belarus;0.012490874960733651
Belgium;0.011746216677750101
Bosnia;0.010389091221821333
and;0.013086523768576374
Herzegovina;0.021953329809727116
Bulgaria;0.00921210699628345
Croatia;0.011322980045262793
Cyprus;0.00943588736679196
Czechia;0.02640544207430691
Denmark;0.010174553529650106
Estonia;0.009075221770318694
Finland;0.008388324827913293
France;0.009629734552609393
Georgia;0.009061835635661365
Germany;0.009133273496619772
Greece;0.008404586020734293
Hungary;0.008296396879863038
Iceland;0.010092788616400903
Ireland;0.00889076946697275
Italy;0.008453620959038243
Kazakhstan;0.01178094601093404
Kosovo;0.009653522223974143
Latvia;0.00904219010941097
Liechtenstein;0.01494922070472873
Lithuania;0.007969913207339089
Luxembourg;0.008332693753502167
Malta;0.008202017318952459
Moldova;0.01021361490868456
Monaco;0.008672015333544215
Montenegro;0.008922764924072494
Netherlands;0.008581191962537102
North;0.007978044164736997
Macedonia;0.00873715043374803
Norway;0.008169031739373825
Poland;0.008023413031478003
Portugal;0.00780540399274493
Romania;0.007532510879439217
Russia;0.008385128544943343
San;0.0077156453910935865
Marino;0.008157263278229923
Serbia;0.007838804928399992
Slovakia;0.007423494256598536
Slovenia;0.007324101960984105
Spain;0.00769555779570044
Sweden;0.007697373967601908
Switzerland;0.007478754167959316
Turkey;0.007998925150568742
Ukraine;0.008371964855148958
United;0.008315799383282326
Kingdom;0.008891800507815496
(UK);0.011353033942004898
Vatican;0.00967764149425975
City;0.008011070024203096
(Holy;0.008149522466508572
See);0.006753895006397804
