text;attention
Here;0.014167740555727266
is;0.013517137554543568
the;0.01219683287745353
list;0.014657663960195258
of;0.012348447897200547
all;0.013274778418905904
the;0.011898390304549077
countries;0.016196536939217212
in;0.013023554938976667
Europe;0.01590087298013694
in;0.012438693834517164
alphabetical;0.012091014587875775
order:;0.024060245687018623
Albania;0.015915588163671692
Andorra;0.021866810234584897
Armenia;0.015433244502340467
Austria;0.01550149095669654
Azerbaijan;0.015957146406109447
Belarus;0.016129030803133253
Belgium;0.014440820971735525
Bosnia;0.015189994495117199
and;0.013136541962239894
Herzegovina;0.021126845606516273
Bulgaria;0.013264854856695877
Croatia;0.015686450680271257
Cyprus;0.01313365379677297
Czechia;0.015529447935505484
Denmark;0.01273040991077691
Estonia;0.012163288251652993
Finland;0.0121327397764374
France;0.012835965254898564
Georgia;0.011745686312709768
Germany;0.011779065642490096
Greece;0.013293181919324987
Hungary;0.012526491238947309
Iceland;0.012280353475181057
Ireland;0.012111071170702965
Italy;0.012773626470444823
Kazakhstan;0.013336323521723942
Kosovo;0.012428145536844803
Latvia;0.012534156319311955
Liechtenstein;0.015108808460455793
Lithuania;0.011749786098680591
Luxembourg;0.012604491787598388
Malta;0.01391095530543378
Moldova;0.022588714122755534
Monaco;0.014570967255681662
Montenegro;0.016076906113897994
Netherlands;0.01261864287696937
North;0.011474294334969094
Macedonia;0.012661846796753267
Norway;0.012018377881092546
Poland;0.012451125416389685
Portugal;0.011832481467788392
Romania;0.012876322818029036
Russia;0.011811278710906462
San;0.011120020191494589
Marino;0.012381131199391106
Serbia;0.012102166494881808
Slovakia;0.011830911462716209
Slovenia;0.012155422315008525
Spain;0.011925405962552382
Sweden;0.011630538144352026
Switzerland;0.012906081027899521
Turkey;0.011947530684156731
Ukraine;0.012333050480604606
United;0.011276263077699085
Kingdom;0.014049343958908103
(UK);0.01751195001726813
Vatican;0.012046996999132593
City;0.013541125501657855
(Holy;0.012574772375293414
See);0.011557953950425979
