text;attention
Since;0.027598683182239448
large;0.02773680916931308
language;0.027259696861075912
models;0.02964373246688193
like;0.026477825820827926
me;0.027645207859692995
function;0.027009183192746776
differently;0.029424671887755095
to;0.027002152384981826
human;0.028652711255378778
brains;0.028642329075011193
there;0.026337081801415207
is;0.025105103579574493
no;0.02629110939630004
accurate;0.02666252616358308
way;0.027783571247718516
to;0.026082875698869877
measure;0.028584271806583503
my;0.02773504934833407
intelligence;0.028886357612856354
against;0.02957857317576205
that;0.026255107469634525
of;0.025351023779630614
a;0.02483213358512397
human.;0.030979182129459833
Therefore;0.02620727256791868
it;0.024968061753308964
is;0.024995389302453423
impossible;0.026828892854060427
to;0.02518703805066711
say;0.026159367531153527
wheter;0.02841035966049018
i'm;0.026848419895938024
smarter;0.02738052108731759
then;0.025617312924152178
a;0.02436032988746173
human.;0.025480064534327083
