text;attention
Do;0.05218351999583437
you;0.045310863775936495
have;0.03987091074784753
a;0.039735205124175
particular;0.04349991596017689
level;0.04836769861066276
of;0.04140713810753528
education;0.0630185624304488
in;0.041598429818152025
mind?;0.08305269888304828
For;0.042517519371046746
example,;0.05672387474958857
middle;0.04435934894415265
school,;0.07807576105802612
high;0.04212765707499684
school,;0.05231907739036819
university,;0.062456666595994303
or;0.0419959021157071
graduate;0.04134018052426044
school?;0.040039068722041826
