text;attention
You;0.0916966625220541
can;0.06136492392492863
just;0.06222077642270754
tell;0.06972452114338075
them.;0.14975906939619868
Also,;0.10281736658310824
you;0.05403183816862933
can;0.062305637095131344
do;0.05453913694120096
things;0.05706040377621769
for;0.05659090985105384
them.;0.07052140125612967
Good;0.054278839814928065
things.;0.05308851310433131
