text;attention
You;0.0628103819258394
can;0.06209964213410504
just;0.06405866649158924
tell;0.06828193454770315
them.;0.1496063507866231
Also,;0.09919108324776783
you;0.0588926857876186
can;0.0647562123999627
do;0.0577539604435268
things;0.06120139084436382
for;0.06025628991856148
them.;0.07717989907834906
Good;0.057372377873670506
things.;0.056539124520319124
