text;attention
Hello;0.045117476008562835
ma'am,;0.05485616499803953
could;0.0441431439317109
you;0.04356781374877469
please;0.0433351402030685
try;0.04362245377092824
to;0.04267896322358978
connect;0.04359889103516912
the;0.04265867993107701
charging;0.044755704332166475
cable;0.043245092559926514
and;0.04269287780651549
let;0.042908677743751546
me;0.043044315729668554
know;0.042625617728782775
if;0.04231251396549645
you;0.0423566046910381
see;0.04223751527430418
hear;0.042398811903986
or;0.04208300672049194
feel;0.04199779382132163
any;0.041802010121947134
feedback?;0.04196073074968278
