text;attention
Sounds;0.006250672449371627
like;0.002917149613448236
a;0.0024069102433795925
fun;0.0030413550936279547
idea!;0.008121196839137116
I;0.0032512901248596435
can;0.002509477403015012
draw;0.0036784139017291165
us;0.003436049778332975
a;0.0034617160323648934
playing;0.003018313626374803
board,;0.012632786483042314
like;0.002707383767513343
this:;0.006059071980508187
|\_|A|B|C|;0.6215639984471253
------;0.007521871203446093
|1;0.0049236668107508885
|\__I\_|;0.024362104010437213
------;0.004474241431280599
[2;0.005440869670337819
IAAL];0.016405700773153363
------;0.003359792184722737
[3;0.003936051317313795
[LJALIA_|;0.025307997193329036
------;0.0028853278069996893
You;0.004630727082731614
can;0.003243036842889771
tell;0.0024702800092884355
me;0.0032909383991229133
your;0.0028253758392310993
move;0.008003964522189516
by;0.0031559338894884812
writing;0.0026750831924793827
X;0.004751491787521612
to;0.0025521883393147815
At;0.003601875297288532
and;0.0033256821866905865
the;0.002486059269415879
game;0.0034130615269783574
would;0.002786509545308641
advance;0.003000202135058817
like;0.0025953559427622512
this:;0.006903696112358751
|\_|AJBIC|;0.041978553954308225
------;0.00483045998315163
1;0.0044993931063553975
[X|\_ILI;0.01858940968659467
-r---=;0.009135559341835776
12;0.005079298464392477
LILI];0.006162369309406102
---2-;0.0047953729461137915
13;0.004596202119164931
I\_I_I\_|;0.00793750476830354
------;0.0024589476085026866
Would;0.003272083258105989
you;0.0027445225061994457
like;0.0025545011128093056
to;0.002440254564865012
make;0.0023136368237655323
the;0.0022900649709817304
first;0.0026171134092531534
move,;0.003423137622335623
or;0.0028195333329226217
do;0.002281205075907631
you;0.0023076807286596963
want;0.0024024566138574166
me;0.002240913324522729
to;0.002367332533881771
go;0.002167094727154521
first?;0.002310528000927996
