text;attention
The;0.0999085729369645
first;0.10231297776682398
president;0.10874969035680866
of;0.10170326288030834
the;0.09562150994486152
United;0.09611165525514756
States;0.09806448348627876
was;0.10011439531818107
George;0.09734330741079111
Washington.;0.10007014464383451
