text;attention
Tam;0.12480393024140812
just;0.12687939253982353
an;0.11624000868938238
assistant;0.11256145566595895
I;0.11232288866777526
cannot;0.10299047505066673
answer;0.10354950448484099
medical;0.09842791147220907
questions.;0.10222443318793495
