text;attention
Send;0.024994574134541012
as;0.0229995395605062
many;0.02501872565169658
applications;0.023393095089524123
as;0.02143492680516923
you;0.01974819265034263
can,;0.0245449747970483
make;0.01963877822984002
sure;0.021033414404225046
to;0.020102744467903163
target;0.023375667490217734
several;0.022791801987978273
dream;0.022148779531917597
schools;0.024264660294111614
as;0.020264685842067077
well;0.01931811074598531
as;0.02015154407267558
having;0.020882930265243103
a;0.01854672545703267
wide;0.018950255688708256
range;0.019121903956149308
of;0.019069890902656143
backups;0.022712318700845842
at;0.019235631124184558
several;0.019423005526104185
tiers;0.021079488664683253
of;0.018299822765112307
preference.;0.023993850357929877
The;0.019459314981049334
more;0.02324600028843053
you;0.02008745953576322
apply;0.02025385807287698
to,;0.02103191379179241
the;0.01891652852323598
better.;0.022370264027148302
Don't;0.020215372015313447
worry;0.019905522716087077
about;0.019487810814459487
application;0.018772996164746387
fees,;0.024696996707716877
they'll;0.022025834636619696
all;0.020110876313695968
be;0.01854054317389174
worth;0.019801141062111997
it;0.020032364273559464
in;0.018390509950525505
the;0.01762074775677155
end.;0.01849390602980484
