text;attention
Some;0.01389906128680494
species;0.01432633967969022
of;0.012226560986210824
mynas;0.017115495507602576
(such;0.01513887041180721
as;0.011558861948410536
the;0.010712148767933506
Common;0.0114635625874993
Myna);0.013803362332683762
have;0.011880555910615176
been;0.011264019905024236
known;0.012377415997732828
to;0.010904674933000232
act;0.01179046614158714
aggressively;0.011873154828715898
towards;0.012030875863549008
other;0.010907109177102687
bird;0.01163842542729795
species.;0.014288738017013719
This;0.011698914224176803
behavior;0.01184660529514546
is;0.01128853979206642
often;0.01151043424048051
related;0.011483119994240053
to;0.011331507012362995
territorial;0.011572520240680399
defense;0.011585101345351437
or;0.011144136052923467
competition;0.011220650212655581
for;0.011225457259481132
food;0.01072680439587953
resources.;0.012945054651706927
Mynas;0.01296039542539085
can;0.012297574729120563
be;0.011714946236488706
very;0.011541145450516883
territorial;0.011133957123133312
and;0.01105191021873997
will;0.011218429170971446
chase;0.013440686599735177
other;0.01076392055964398
birds;0.010857563308637037
away;0.011855000594449537
from;0.01125637924985708
their;0.010646660009606703
territory;0.01062486932636932
or;0.010799398225803716
food;0.010431622806406842
sources.;0.01150885313837304
The;0.011276256380891879
aggression;0.011727279199461853
can;0.011458310295289167
also;0.011307489324941194
be;0.010734033000326822
seen;0.011460834995765081
during;0.01132432115163591
breeding;0.011122860945665058
season;0.0107562217518592
when;0.011532537542443932
the;0.010663039872851342
birds;0.010625744650524002
are;0.010795861584184923
trying;0.010874225840110928
to;0.010526736469716304
protect;0.011054076385156405
their;0.010346389246577879
nests.;0.011108135086030538
However,;0.012195689405462059
it;0.010688378156996985
is;0.010670869909153124
important;0.011077781048676258
to;0.010672075379806951
note;0.01086990043222079
that;0.011125600941002308
not;0.01134359274663651
all;0.011732296298580308
mynas;0.011469389684007727
display;0.01159255900702065
aggressive;0.010604487097228214
behavior;0.010411906963897636
and;0.01082022606458283
that;0.010723593693849133
individual;0.01057103894617118
behavior;0.01040632922410572
can;0.01053445774339725
vary;0.010549137808140043
greatly.;0.010364479124955433
