text;attention
I'm;0.2740374758258757
sorry,;0.13132481479448507
I;0.05087455539217825
don't;0.1659361824621378
have;0.043595847290585625
access;0.050564411782708076
to;0.03938902865687292
your;0.042243297655500785
tasklist;0.06803337752351943
at;0.04274156672906792
this;0.03939944591160058
time.;0.05185999597546777
