text;attention
Dinosaurs;0.045236696872832806
are;0.01987470519156119
immune;0.022118228860773838
to;0.02191098972934583
brain;0.022782786827659152
freeze;0.04246920278333734
since;0.022550996955455954
their;0.02614376618885754
brains;0.028623024454904354
are;0.017602672976289556
not;0.018159079381341394
encased;0.020289666147532782
in;0.017367774406794528
protective;0.017330914905890175
bones;0.01968103652174817
like;0.01703254335250148
ours.;0.031825397933307624
This;0.01771106649737833
unique;0.017558408111578896
anatomy;0.018878327894674012
allows;0.018010208019449515
them;0.021292019880640733
to;0.020834720513909968
regulate;0.01885194914811973
their;0.017696836353467325
body;0.016830617023989258
temperature;0.022051109600186573
better;0.017474476183299975
and;0.017613988835560316
tolerate;0.01851312839248139
changes;0.016990742466131494
in;0.016306011043800243
temperature,;0.019089565797491867
meaning;0.0175911942640461
they;0.017289689218263207
can;0.017294469550332224
enjoy;0.019735275213820663
a;0.01747199640503721
cold;0.017135930514002647
treat;0.018719906262629635
like;0.016722331936151674
ice;0.01621628068427761
cream;0.01743394278886061
without;0.01754697395268707
any;0.016091748074277556
discomfort;0.01622938154853081
unlike;0.01743267507931391
mammals;0.017810551476359203
like;0.01595123214783854
humans.;0.016623761631278034
