text;attention
I'm;0.03603966151827425
sorry,;0.033284663348668544
but;0.028352849687578178
I;0.026194493121419308
"don'tunderstandwhatyoumeanby""Melenia'swaterfowldance.""Can";0.6675825100653026
you;0.027368874809621215
provide;0.026643301958395718
more;0.025280329041340772
context;0.02772807986725528
or;0.025102990026316493
clarify;0.02584945245440378
your;0.024983850161886884
question?;0.025588943939537045
