text;attention
Diamonds;0.11326205931261919
are;0.017129129237869186
formed;0.03378152356349156
over;0.013400539456034394
millions;0.01493664719999968
of;0.015619036122969686
years;0.01911339782402417
deep;0.013067128833235173
within;0.013930322022188083
the;0.011272046568190495
Earth’s;0.14691621979483055
mantle;0.023539803611056537
over;0.012220075976244145
billions;0.017761580321253363
of;0.011194723268686804
years,;0.01697051455789337
as;0.011593281056353894
a;0.010760319299469528
result;0.011688700272722903
of;0.011585785035275622
heat;0.0125708418648968
and;0.011133840702946247
pressure;0.014551547456781532
from;0.011806327486854897
the;0.010833250519693862
Earth’s;0.014938656393803667
gravity.;0.019275538948541473
Diamonds;0.02212305425021899
originate;0.013837256788779248
from;0.011692139693936855
carbon;0.016342836984757417
that;0.011670747031015779
became;0.011640548318451276
trapped;0.013041373346651527
in;0.011342900542452171
the;0.01078647981833368
upper;0.012046189648268585
or;0.01103232864661465
lower;0.011362136455101526
mantle;0.013334862449700443
during;0.011408516731558741
the;0.010761277140569698
creation;0.011316497822862884
of;0.010867741213121434
the;0.010584062099820261
Earth.;0.013144591881057259
I;0.013572656839022356
hope;0.011828185460946637
this;0.0112530961490425
helps;0.011913085192684914
you;0.010948009650115486
to;0.010638308394424966
understand;0.01110332738807683
how;0.011340607056014848
are;0.01159183062359164
diamonds;0.011323195554169257
formed!;0.011299320120711413
