text;attention
Dog;0.05107114500677729
behaviorists;0.027974932216836956
believe;0.015247237880469668
that;0.011850069336745992
a;0.010439629446266687
dog’s;0.027443273236067676
need;0.010213788225708351
to;0.010913918453766793
perform;0.010771743703415656
the;0.009755173096216013
bedtime;0.02930306251568055
ritual;0.017204610522482868
of;0.010155995009885288
turning;0.010963691669947078
around;0.014322418028517202
in;0.01319740053141803
circles;0.018049438139738437
before;0.01663087038568029
lying;0.014567199320474544
down;0.02059124722730635
is;0.02048214257106324
inherited.;0.0758197730298021
Canine;0.01747922676354405
ancestors,;0.025178855882242057
such;0.00904598998188037
as;0.008951162950015657
wild;0.012433610314719443
wolves,;0.014858282638823866
did;0.009027363562098802
the;0.008822871477203183
same;0.011341175295204581
thing,;0.014342231609193807
and;0.009750549600799213
domestic;0.009050641091544237
dogs;0.009348387063920069
retained;0.011087530564309368
this;0.009794577629286193
genetic;0.010251996811125267
predisposition.;0.016942915915181482
Turning;0.010918281226319649
in;0.009623771742677601
circles;0.012881828988058735
before;0.010227098021566523
lying;0.012230814093482667
down;0.011029903438681961
is;0.008917130518194144
an;0.008250066092627968
act;0.008610833471506053
of;0.00988367488843692
self-preservation;0.02803019177366912
in;0.008396987852783741
that;0.010368241490720652
the;0.008798833383516846
dog;0.01013113432818207
may;0.00950595311262697
innately;0.009687679942848314
know;0.009040425303452487
that;0.00924629322678968
he;0.008204284044552652
needs;0.008517204775530805
to;0.008342228234093578
position;0.010137721591111093
himself;0.009086453968364524
in;0.007866793361270809
a;0.007682088127588556
certain;0.0078104415056309264
way;0.008133949214942579
to;0.008083129148843947
ward;0.007793346112363643
off;0.008160197695960353
an;0.007849924191775706
attack;0.008461642646328257
in;0.007718965495643616
the;0.007464233725096137
wild.;0.008232124559402027
