text;attention
Oh;0.06096006689476997
I'm;0.09615013564134313
an;0.014066110057420497
angry;0.01724736925042722
banana;0.021108640840067184
and;0.015066341364048238
I'll;0.016853926504047267
tell;0.013281604429712551
you;0.01341718026540319
why;0.015979749863715045
it's;0.01678095995766421
a;0.012932901326050057
girl;0.01530017783018493
called;0.015190501097460453
Joana;0.01855464923913623
and;0.01414568750582101
she;0.013470959185893335
makes;0.013347576817309095
me;0.014083963485389192
want;0.013320559135399031
to;0.012750323946883302
die.;0.019787945960759744
She;0.014608776342261633
sings;0.015531016863604842
like;0.014477132993254668
a;0.013228630241083169
kitten;0.014798989194008409
that;0.012826133613102624
got;0.013149483791129096
it's;0.014852995066902387
period;0.013536314567762189
and;0.013565580535071238
enters;0.01345832395873776
the;0.012686455495730145
kitchen;0.014051876736635886
with;0.013067896557113509
her;0.012823715641039153
trail;0.012760374869972307
of;0.012611754048995687
blood;0.013097703550615361
Ooohhhh;0.019480716120421782
Joana!;0.018457923589584084
your;0.013312285987041358
voice;0.013419096246422013
sounds;0.013161523014551903
like;0.013005688403718817
a;0.012568926135009482
metal;0.012947358708273642
hitting;0.012950340891777743
wood;0.012927317643884743
Ooohhhh;0.01744128147911785
Joana;0.013574982577600717
I;0.013326177737180806
hope;0.012874396875272575
this;0.012708333939091924
song;0.013257941682998658
of;0.012613433830243619
you;0.012489624741503261
isn't;0.015515722293387456
too;0.012495428205486823
rude;0.012541015231505994
