text;attention
Couldn't,;0.1502952209826406
because;0.06553980425028041
the;0.04768619448097904
date;0.05429343730902878
for;0.046521026594526144
the;0.042342785349827626
forecast;0.07270008428082082
is;0.04757843692076736
not;0.043890931037879236
specified;0.05384980328669368
accurately;0.05394572499555306
enough;0.050164011306807955
in;0.04398247946894057
the;0.04182752898518593
request,;0.056077454874704814
when;0.04061415651205265
is;0.04298134495536182
tomorrow?;0.04570957440794962
