text;attention
The;0.0010600788270097655
United;0.0008973033468042982
States;0.0008803429716322972
public;0.000911560867901537
school;0.001004180032905729
system;0.0008846244295116367
involves,;0.0012183579025779716
in;0.0007989529921340037
order,;0.0011051718107054167
kindergarten;0.0024455718530882065
(for;0.0010384652300883947
five;0.0008605941598107842
years;0.0008991723576359673
old;0.0008111054747294909
children),;0.0009690749568865592
followed;0.0009486635193511472
by;0.0008342739490154986
grades;0.0012098827866640315
1-6;0.001419716706806701
(elementary;0.001154622468194415
school),;0.0009538050570083509
grades;0.000985541154324372
7-8;0.00130452724495807
(middle;0.0010015495954766732
school),;0.0009249745984141252
grades;0.0018214089954758299
9-;0.0010772975404435
12;0.0009654394336949726
(high;0.0008540835656929025
school),;0.0009327685552191922
undergraduate;0.0013197968323005673
studies;0.0009055127297331781
(also;0.0009057911201854424
known;0.0008393544079413468
as;0.0008178190324945905
going;0.0008453061983136848
to;0.0008041309320796567
college;0.0008789836455933814
or;0.0008119800020261777
university),;0.0009152431289420898
and;0.0008348304944439982
sometimes;0.0008420210318687963
people;0.0009215596393077738
can;0.0008109002371407748
then;0.0008196226453794201
go;0.0007936863166111102
to;0.0008190482035320772
graduate;0.0009925703114603403
school;0.000838677001660771
for;0.0008061569142507993
a;0.0008020446975390587
Master's;0.003056585549015035
or;0.0007930159643746378
other,;0.0008586963952179734
higher;0.0007949456942672924
degrees;0.0008250006366033128
after;0.0007970974726291912
that.;0.9320589471652803
Before;0.0008610695045341615
kindergarten,;0.0012430290933598308
it;0.000817211958214159
is;0.000838922708806645
not;0.0008241184867781479
uncommon;0.0008351712038200999
to;0.0007909591675647322
send;0.000798628679473775
the;0.0007784476041728636
child;0.0008011722214542848
to;0.0008313590201335375
pre-school.;0.0008974735673332884
