text;attention
Yes,;0.16984518883636446
I;0.14339110820690446
am;0.13756468640329358
ready;0.14800075907329
to;0.13450967230686467
do;0.12819304454883865
that.;0.13849554062444416
