text;attention
Here;0.012746594578820743
is;0.012204597749550416
the;0.01154074020203143
list;0.012965428328781427
of;0.012259411490664465
all;0.012770683350628493
the;0.011593809953772169
countries;0.016109787574170753
in;0.012845512821338502
Europe;0.02370560625725218
in;0.01252755093636188
alphabetical;0.019979534959561892
order:;0.01529516578527234
Albania;0.018538459717492236
Andorra;0.02772678064090895
Armenia;0.018035418523174123
Austria;0.016092526823932446
Azerbaijan;0.024651799213097673
Belarus;0.016708095397892718
Belgium;0.016354403873030984
Bosnia;0.016367710408059018
and;0.011941224215974863
Herzegovina;0.014439944643512658
Bulgaria;0.013922181119146509
Croatia;0.014691484247355224
Cyprus;0.015184076053169486
Czechia;0.015676194192039618
Denmark;0.013645318556078296
Estonia;0.013469112232557971
Finland;0.012524124797626273
France;0.012680719023146826
Georgia;0.012878429542427542
Germany;0.012745748998171642
Greece;0.0123437442945233
Hungary;0.012708322259071685
Iceland;0.013807170476366488
Ireland;0.012363571961869088
Italy;0.012110464978768772
Kazakhstan;0.014587640849549114
Kosovo;0.013604962128967592
Latvia;0.012853221518827932
Liechtenstein;0.013739202554345473
Lithuania;0.01239703839514732
Luxembourg;0.012327564941584162
Malta;0.012433318878954203
Moldova;0.012827471136429746
Monaco;0.01318205574016532
Montenegro;0.013383688627966446
Netherlands;0.011962206584860654
North;0.011900395723180569
Macedonia;0.012934468402404461
Norway;0.01183562958710111
Poland;0.011643700472309833
Portugal;0.011746047819795833
Romania;0.011882162079491219
Russia;0.01176653986690133
San;0.011754628723165737
Marino;0.012118175013546157
Serbia;0.011881356227275245
Slovakia;0.01209567710755313
Slovenia;0.011630558431938266
Spain;0.011429868434019164
Sweden;0.011417762747685198
Switzerland;0.011460293643644098
Turkey;0.011447103150912774
Ukraine;0.011709675047408889
United;0.011654358185914687
Kingdom;0.012252192023901352
(UK);0.014304512244750184
Vatican;0.014261280298559241
City;0.012074049235984778
(Holy;0.011984767620903796
See);0.011364976377253996
