text;attention
Under;0.031326859007323675
the;0.02975914387859678
US;0.028314648603665813
Constitution,;0.042040591457724055
George;0.027199904102588275
Washington;0.03434566748753254
was;0.026997069181141545
the;0.026322588355871705
first;0.027176171798403
president;0.02901579451564007
of;0.026895960939107174
the;0.025575459195474676
United;0.024839251418951238
States.;0.03162032295238373
However,;0.03537544045296919
before;0.030590001486948133
the;0.02821232398185105
US;0.025416294135678724
Constitution;0.02982548136933008
was;0.026577281184560615
drafted;0.027790094885940368
and;0.02527681846109008
ratified,;0.03173757716039254
several;0.029684739925875153
men;0.03052936744356734
had;0.026825615023088858
run;0.026045626205892652
the;0.02942642203638332
newly;0.026823958581452874
independent;0.026505037904506704
country,;0.02941986934578631
beginning;0.025021167136180796
with;0.02493036533524346
John;0.02404978095861143
Hanson.;0.028507304090245836
