text;attention
Sure,;0.9852856294277132
go;0.005260438362922861
for;0.004881412007990253
it!;0.004572520201373558
