text;attention
Fascism;0.0657699681346464
is;0.029415863429442326
a;0.025066871867282233
political;0.02706019627178901
ideology;0.030649930693141897
that;0.027313230831000793
emphasizes;0.028618718855815496
the;0.02389678812372842
nation;0.02786957276309325
and;0.02493295256933933
race;0.027077119006381246
over;0.025587348246579687
individuals,;0.02902789649300685
and;0.024505705338614597
it;0.02554609907165297
has;0.024315658049545608
a;0.023627889253332864
strong;0.024946229753592983
central;0.024573035213462446
government;0.02838393509489087
led;0.024203073873590164
by;0.02457077313935112
a;0.02276284167823008
dictator,;0.03152765717223636
strict;0.025525729736218004
control;0.024836701547460847
of;0.02480816211362095
the;0.022334726571448603
economy;0.023596687681835735
and;0.023246212515765766
society,;0.023643108714987156
and;0.022577612400450534
uses;0.02323282904745695
force;0.024973315151592224
to;0.022378973614425753
suppress;0.02310010481434226
any;0.022194582826853018
opposition.;0.022301898339795217
