text;attention
Taking;0.020465972078291934
breaks;0.0140695930100837
from;0.011980913937391669
activities;0.013474112763191042
that;0.012168801966955335
require;0.011646119665393114
prolonged;0.014762378148842792
mental;0.0121276268093609
engagement;0.017682325371177386
is;0.01247613798507771
important;0.012755131427387737
to;0.011367943148556124
avoid;0.011823256612134849
burnout;0.016765386081370508
and;0.011481323964299637
maintain;0.01113493419413307
productivity.;0.024068283412445667
By;0.012734028929195017
taking;0.011207924588707171
a;0.011339988687383543
break;0.012123150042392903
from;0.011086111629849151
talking;0.012469444270791457
to;0.011654695732398763
me,;0.014802569357052797
you;0.011965394606316078
will;0.011662858751577422
have;0.011189641614897675
the;0.011189897811771515
opportunity;0.012153866705874207
to;0.01094110776840912
recharge;0.012351859860015866
your;0.010616358676941133
mental;0.010883234125793444
batteries,;0.01587591140114957
refresh;0.01114934317550104
your;0.010537590649496116
mind,;0.012279794007588371
and;0.010880843393358956
come;0.011052382210488628
back;0.010909046599574427
to;0.010642966294316486
our;0.010701270281284512
conversation;0.011404521689803254
with;0.010622028197328506
renewed;0.011167520616281
energy;0.011769060781309
and;0.010618992730961934
focus.;0.014542044226127265
So,;0.013341496603686226
think;0.011620423249293356
of;0.011014026705642313
this;0.011080127866140158
break;0.011278474492510805
as;0.010738159323157264
a;0.010476394305318137
way;0.01095752647167676
to;0.010518608966314652
invest;0.010833249132873922
in;0.010415332308042547
your;0.010372829714660687
own;0.010360885267335508
well-being;0.015729316062756935
and;0.01051583743285668
ensure;0.010503385581149265
that;0.010439274559047008
you;0.010460947687166298
are;0.010331958792147074
able;0.010564586927345292
to;0.01026026948592372
perform;0.010403857479377913
at;0.010329980464957825
your;0.01026532353223309
best;0.010504546890889343
both;0.0103508509703499
in;0.010248128461509702
our;0.01024918707597988
conversation;0.01040701017295307
and;0.010160271234201471
in;0.010080393742222965
other;0.01008348873158826
areas;0.010138231277660692
of;0.010036000177889476
your;0.010020734414585281
life.;0.01013319444852713
