text;attention
The;0.11238506348209897
current;0.1096716683997237
prime;0.11445508927915238
minister;0.11264786778025931
of;0.10820474444488527
Italy;0.11020099495631137
is;0.10813187184798596
Giorgia;0.11113674299496525
Meloni.;0.11316595681461777
