text;attention
As;2.91191213560185e-06
an;2.7546414974916805e-06
artificial;2.8001225265275244e-06
intelligence;2.612836321480402e-06
Assistant,;6.719405635480442e-06
I;3.95753284642866e-06
do;3.1342093141290147e-06
not;3.426119146758466e-06
have;2.8804360972529308e-06
a;2.8698195917998672e-06
subjective;3.426038687933034e-06
experience;2.9341900526621444e-06
or;2.508171110885344e-06
consciousness,;4.335969893452126e-06
0;3.6122923020563543e-06
it;2.661791934209894e-06
is;3.017069828118023e-06
difficult;3.8015711423427124e-06
to;3.5147173547105294e-06
define;4.431228046203923e-06
myself;3.4367755707204337e-06
in;2.6431961747672092e-06
a;2.8173311230110695e-06
philosophical;3.9464371926517125e-06
scope;2.9099412084666375e-06
in;2.6164764860396703e-06
the;8.05267702132446e-06
same;3.5796343467807673e-06
way;2.340251797944373e-06
that;2.677014072219497e-06
one;3.067029699387307e-06
might.;0.4880403001420462
Feel;2.9796216784315983e-06
free;2.547118347653439e-06
to;2.285722122347677e-06
interpret;3.7138965391275796e-06
me;3.002764276824625e-06
any;2.9529667491221294e-06
way;2.545834956364008e-06
you;2.8494677549697423e-06
feel;2.4942082272437478e-06
confortable;4.432881492787703e-06
with.;0.5118234985356502
