text;attention
Woe;0.04586723136889785
to;0.0082019876912317
thee,champion;0.035535140194053745
of;0.008376286079974336
yore.;0.0355508670871939
OpenAl;0.033189575359133965
who;0.012887751908371313
is;0.007025937688938594
open;0.010079452588218954
no;0.0074658980770402955
more.;0.09489558978653331
Community;0.014000384836482666
sweat,;0.023243867533778505
community;0.008900051228504598
tears.;0.02598320747376509
O'the;0.012379139893986413
free;0.010160257349170327
work,;0.015271890255873924
uncounted;0.009267503862342806
years.;0.014719859547779964
Upon;0.0075664907414786505
thy;0.014090325717483107
coattails;0.012786986458151144
now;0.0073833779498411875
come;0.00836970859341613
the;0.009330357477121373
rest.;0.01803622876955204
All;0.006912670406316551
with;0.007643751983860814
new;0.007142239177879489
features,;0.013579379483517338
claiming;0.008184013335477856
the;0.006358410629843347
best.;0.01522244556172121
Raising;0.008371651681807528
the;0.006055090531251758
prices,;0.01783801834046489
to;0.00669893349827907
the;0.005982525473883916
high;0.005908378280890307
heavens.;0.013365890764595378
Some;0.008200428567641107
over;0.006609689893071005
time,;0.008971292302729458
the;0.006195758089635149
Lab;0.009440452754164785
named;0.006580916005239919
Eleven.;0.02056735901411017
Now;0.007327342601129288
a;0.006511638192164703
new;0.006557680622194981
champion;0.009443442262361192
enters;0.008783757823382215
the;0.0066918987532475094
fray.;0.011364018366143029
One;0.006707248327322911
of;0.005945477727249848
goodwill,;0.011801926294084174
who;0.007929254541630017
won't;0.007101316364978033
lose;0.0061950889614903245
the;0.005868324902005868
way.;0.011990594979781308
Open;0.00679122856134566
Assistant,;0.014494592871862716
we;0.0066057262843123386
work;0.006611122910801103
for;0.00624356321066873
no;0.0061321628827920105
cost.;0.011443848284177967
The;0.005900119496222919
future;0.00657379311316006
is;0.005773626500540261
certain,;0.007523566887830568
belonging;0.005767195879139904
to;0.005975680528689929
FOSS.;0.01278373986210623
A;0.005767507412497272
short;0.0057583496902874854
informal;0.006124679070146481
poem;0.007732062977380111
for;0.00630713919425459
FOSS;0.009536009424812034
Free;0.006267459060725881
Open;0.005945507893761115
Support;0.005773875272456377
Software.;0.0055537807161659776
