text;attention
Woe;0.013410530794301004
to;0.010779986904568686
thee,champion;0.017623080822692833
of;0.011350901621579108
yore.;0.016206024332486475
OpenAl;0.012541354699564477
who;0.01132199717169802
is;0.010243716032679718
open;0.012935347214044473
no;0.010679808805734433
more.;0.014170117841695818
Community;0.012461305242059299
sweat,;0.014072282708869411
community;0.010888620414295188
tears.;0.013621556587357335
O'the;0.019498758304634663
free;0.011406014298656354
work,;0.012457327142150169
uncounted;0.012233873496574364
years.;0.01315556706345341
Upon;0.010729069192507967
thy;0.012041567133591724
coattails;0.013333488615840897
now;0.010533577027386724
come;0.010570984678721078
the;0.010786732362679533
rest.;0.01347146886050896
All;0.010821466385656446
with;0.010754602961863858
new;0.011067499042131413
features,;0.01145592574361592
claiming;0.010653695020476353
the;0.010339743200152181
best.;0.012289131170501113
Raising;0.013046110107655277
the;0.010332052213696532
prices,;0.013730314658259458
to;0.010553273419166929
the;0.010391700239566629
high;0.010415343799945062
heavens.;0.011986890372663745
Some;0.010934242479972125
over;0.010596951864424695
time,;0.011529555028223493
the;0.010413007437637229
Lab;0.011223544075986566
named;0.010620535802887354
Eleven.;0.012671360336185393
Now;0.01047218275310749
a;0.010624177634478923
new;0.010571086830900066
champion;0.010782248069771478
enters;0.011110989189991349
the;0.010372663911040875
fray.;0.01233210813399514
One;0.010505817176188677
of;0.010192281403544693
goodwill,;0.012429776300105453
who;0.010377142076889558
won't;0.010641449471823286
lose;0.010390619686187933
the;0.010120924677460513
way.;0.012599894497803821
Open;0.010725144245439983
Assistant,;0.012238105158348183
we;0.010222892072512263
work;0.010487535433833284
for;0.010235889302481902
no;0.010248612815624782
cost.;0.011617393736955958
The;0.01028192829089178
future;0.01090914666154136
is;0.010311812907222433
certain,;0.010712552461547314
belonging;0.010558687087984572
to;0.010079135249777086
FOSS.;0.013025249175176324
A;0.010287978945070119
short;0.01021145758113584
informal;0.010570633887620346
poem;0.011947949891953556
for;0.010254699715272474
FOSS;0.011633177002565536
Free;0.010396516753569729
Open;0.010136960513636413
Support;0.010465742305771105
Software.;0.010565432259778483
