text;attention
In;0.0883034539164937
what;0.08070151826322064
programming;0.09168625144001145
language;0.11092042290031871
would;0.08190044280106885
you;0.07572958165490007
like;0.08863641247728295
the;0.07582366209630112
script;0.08231275347904818
to;0.07377312569563887
be;0.07374207630883445
generated?;0.07647029896688083
