text;attention
In;0.08971618168187233
what;0.08489619290829804
programming;0.0921935434745546
language;0.09173576892526605
would;0.08211555027580177
you;0.07944242551100458
like;0.08658510951101121
the;0.08188194474288452
script;0.08202453305600575
to;0.07558406702691044
be;0.07507811180340054
generated?;0.07874657108299032
