text;attention
Yes:;0.00021139623047636229
My;8.352757744266022e-05
dearest;9.6222379998379e-05
without;8.003219497601954e-05
you;6.834600051983842e-05
there;8.770153011633738e-05
is;6.07528729015464e-05
no;6.576701044151505e-05
logic.;0.9985528938610255
true;9.059024271657508e-05
=;8.108508035881948e-05
false,;0.00011669668071380493
come;7.559988700363892e-05
back;6.483893744812334e-05
to;7.187822586346802e-05
me;7.59240982339311e-05
quick!;0.00011674718976349525
