text;attention
As;0.00991876466786861
of;0.0075792684010155984
today,;0.010743386306573122
Amazon;0.019499432227091874
recommends;0.011548275283345861
using;0.010628776248243559
the;0.008066454095785934
open;0.008190494963711898
source;0.012726866284591094
“epub’;0.06317073608104805
format.;0.039636762539428244
To;0.011140505877409316
convert;0.016413399817486032
your;0.010052364080232608
e-;0.01860836091036424
book;0.02122631867701456
to;0.009823662132065841
the;0.008132484288930729
epub;0.0123094476777312
format;0.010932498650091034
in;0.008803326730261317
python,;0.07814144664598008
you;0.008303510876050474
can;0.007848751752726849
use;0.009109327735854359
the;0.008899365906182713
‘ebooklib’;0.03770676646499328
python;0.00802416662595347
library.;0.023625195188071924
Still;0.008094919854768682
to;0.007809098145529734
have;0.00994121501268102
a;0.008719266331661268
properly;0.009437721867890169
formatted;0.012552414578503144
e-book,;0.017967398388443155
you;0.008377040788801296
should;0.008571255575769758
go;0.007519012376920454
over;0.01021454758007419
the;0.007804504723227955
formatting;0.010805762356609905
to;0.008524045779978747
have;0.009624649293158856
the;0.008201761867582187
text;0.00837631956577427
paragraphs,;0.012576102278447304
headings;0.009108352363591542
and;0.007928695248188192
images;0.008878049875112348
properly;0.00754409697415105
aligned.;0.016943357386060454
To;0.007545336460213873
achieve;0.0079530990804514
this;0.008057421354088429
you;0.007634292718720618
can;0.007404733055945469
use;0.008158815880656159
additional;0.008320536997352725
‘HTML’;0.01120219472487295
tags;0.008686980877735052
for;0.0066384254076734235
example.;0.010065072662213808
In;0.007352027050255878
any;0.006626464373355734
case;0.00946957939060602
you;0.0073119498511702765
should;0.007020828175830209
check;0.008018094320913254
the;0.007037026816275584
output;0.008359616270986206
if;0.007565948016422094
all;0.007452598839051959
the;0.006773781166686426
formatting;0.007173657012309361
meets;0.008023361246893106
your;0.006864060391953557
expectations;0.007641427882014808
before;0.00818995016007012
you;0.007128677358457334
publish;0.008164135340848136
and;0.006900203856326766
reformat;0.007809892403611301
if;0.007371747269213176
it;0.006492524493502184
doesn't.;0.007255833744293092
