text;attention
As;0.012298401597234386
of;0.007725722095141932
today,;0.01147712915901151
Amazon;0.02350538151805459
recommends;0.011086725794297128
using;0.009095160190100867
the;0.007703916885589907
open;0.008692066717187464
source;0.00998926981389128
“epub’;0.05439127809967185
format.;0.030222866671308544
To;0.013215145139711426
convert;0.01884168319035301
your;0.009911640220803892
e-;0.01828613733422843
book;0.0175545871229466
to;0.009670227657281275
the;0.007911637369246672
epub;0.011446515294919232
format;0.010503678098106307
in;0.008971587348850205
python,;0.06257668373184745
you;0.008928111581046469
can;0.008289485560346543
use;0.008688341430063522
the;0.008120560557532077
‘ebooklib’;0.03758840480590836
python;0.007867637695971059
library.;0.02759587223304596
Still;0.009744240171181518
to;0.008076669074128894
have;0.009184396607343676
a;0.00897472152107844
properly;0.010156937096347378
formatted;0.013659256257492165
e-book,;0.021191653287775888
you;0.008695017467476994
should;0.009585574121805943
go;0.008164302709206615
over;0.010082633935539827
the;0.007812611256088722
formatting;0.012464077712375003
to;0.009177914008487041
have;0.00906299017942574
the;0.008909728280653947
text;0.009386921766918513
paragraphs,;0.014227623664909173
headings;0.008939995096458823
and;0.007646850146364383
images;0.009218676333376374
properly;0.007738598067619924
aligned.;0.01754595384437518
To;0.00833139924278686
achieve;0.00801513438858803
this;0.008117786368928607
you;0.007707900578201387
can;0.007806408927183474
use;0.007994102568620511
additional;0.007724403942946471
‘HTML’;0.014894031520589067
tags;0.009357257668968189
for;0.006838802371111757
example.;0.01064047306591352
In;0.008414763716979353
any;0.0070052944479272175
case;0.009778239673879498
you;0.007347935562377377
should;0.007711919771425213
check;0.008613064433627192
the;0.007107812506356086
output;0.009221413129661635
if;0.00800133007095047
all;0.007698425907013209
the;0.006923258855335342
formatting;0.0077999525611618025
meets;0.008176745099821069
your;0.007108313924041338
expectations;0.008189775126046496
before;0.008759983330073256
you;0.007368274129686497
publish;0.008540961516854744
and;0.007116888403705761
reformat;0.008309632882907661
if;0.007657686993886593
it;0.006465867777500505
doesn't.;0.007451562014815684
