text;attention
The;0.007724450687015061
Bible,;0.04693475579185147
which;0.005865005178377884
is;0.004308919189013306
intented;0.007276045138048816
to;0.004469460983737427
be;0.003672795409025173
taken;0.004349917899352035
as;0.004340560879212761
the;0.004417276574883203
word;0.004446768041929895
of;0.004453743342531159
God,;0.014301183691493283
gives;0.006740083183224621
many;0.004559114886885392
examples;0.005940715432679305
of;0.005090414870546572
the;0.004642887174481017
thoughts;0.005992950622976888
of;0.00483453300449406
God.;0.038982112949158786
1.;0.01239188220525468
God;0.008313965607733913
cares;0.012014312897439618
for;0.0072466141680685905
us;0.012354963782750602
(Jeremiah;0.023955574417806016
29:11,;0.07106979139498386
Psalm;0.007254662068815613
139:16-17,;0.05327323294263575
Matthew;0.006442195610230367
10:29-31,;0.02933078713259051
Romans;0.005843299721645494
8:28-29);0.04311281990374207
2.;0.010753735410888131
God;0.006729779599465221
has;0.004159028561896701
a;0.004143468217925712
plan;0.012833303019933798
for;0.007089222263809259
us;0.008139512311369723
(1;0.0111959974621678
Peter;0.006694620399071213
2:9,;0.024712888907588482
Ephesians;0.010189520467303193
1:4-5,;0.05504924791729575
Ephesians;0.005883975990957304
2:10,;0.012907525184644502
1;0.004369798661452214
Timothy;0.004847339369118383
2:3-4,;0.027420448097690505
2;0.003953560064412184
Peter;0.0044400546772264
1:3-4);0.0137814363961298
3.;0.006164053915863458
God;0.004906039560682393
will;0.00462605337392718
not;0.004317254748879336
forsake;0.017542122927697457
us;0.005557430747760053
(Psalm;0.011347422447096507
94:14,;0.013652685186023052
Exodus;0.004852483209037243
19:5,;0.017029746543511224
Joshua;0.0046706640387682566
1:9,;0.010629530145887073
Deuteronomy;0.0055919217793409335
31:8,;0.007988265858052972
Romans;0.004044998970734181
8:38-39);0.01320637917686746
4.;0.0050756496757650895
God;0.0041709180751320855
is;0.003711787979536652
looking;0.004265329421628583
forward;0.003883897534567884
to;0.004645174420809923
spending;0.004783561875451071
eternity;0.00791317508631485
with;0.00614477994505287
us;0.005527442189000705
(John;0.010563545543642184
3:16,;0.019028810870852647
Romans;0.00406242724547309
6:22,;0.010846312135685918
John;0.004111446614709907
4:14,;0.013424046526544662
John;0.003551508835410187
14:2-3,;0.011177277326288424
Revelation;0.003988981638373037
21:3-4);0.007754614664670056
