text;attention
Our;0.013856996790972723
sun;0.040185134975332756
has;0.015732685595567304
a;0.01154993833674201
diameter;0.03334393715526703
of;0.015983282834166605
1,392,680;0.05973785426146949
km,;0.04929790850210999
a;0.011318662749340746
radius;0.020354350368774168
of;0.011333217104977419
696,340;0.03314543621109664
km,;0.016876244151338503
and;0.013090428619462167
a;0.008931773281956596
mass;0.02146382130712112
of;0.01189533078737715
1.9891x10%30;0.162743930413989
kg.;0.035905748930593194
This;0.011277947800008268
is;0.010199494530449174
equivalent;0.012036678383174454
to;0.011485665643364364
a;0.009475544985555742
radius;0.013715748076835867
of;0.010819491380291663
432,690;0.024493616606916974
mi,;0.02979792182178609
a;0.008874158339555115
diameter;0.014199466743671747
of;0.008987746177769419
865,380;0.013153744270967393
mi,;0.011087686474570377
and;0.009478724137139122
a;0.00790488775479634
mass;0.00966893084041591
of;0.008419792322829769
4.384x1030;0.02075308489712891
lb.;0.01459099566020964
Keep;0.008723933080049458
in;0.008342475073243405
mind;0.009470257800462496
that;0.00954093577910209
these;0.00888113768295902
measurements;0.009545132737473483
are;0.008364808702282874
close;0.008595738646466903
approximations,;0.01713432428382318
and;0.008497023614131249
may;0.008330824065424318
be;0.00768941441343612
off;0.008491129427939104
by;0.008130613985459997
a;0.0074790328550791655
few;0.007609127109383499
units.;0.008006081518192761
