text;attention
Sure,;0.014906162948694492
here;0.009111732509385398
are;0.010076105289352807
5;0.012717018365658615
tips;0.010602756949652058
for;0.009597708015859116
going;0.009981772585901261
on;0.008624162095797971
holiday:;0.02966230073729815
1.;0.027139185224556307
Research;0.013559048579728878
the;0.011159029279542789
place;0.01125680959990894
you;0.00909321014473075
are;0.009202475825132036
going;0.010802327695075324
to,;0.013495497857915508
in;0.00919569544584751
order;0.011267147098955493
to;0.008741700014005588
get;0.009914097873915001
an;0.008213265512323207
idea;0.009037809402074616
of;0.00849312907597404
what's;0.012785446222942419
available;0.00955750884029931
2.;0.035030399508636054
Plan/book;0.021525373588781666
activities;0.010812303896600366
in;0.008198061244723876
advance;0.009651328437254402
to;0.008771165208744498
avoid;0.009404503844662817
missing;0.008720293303729476
out;0.008986161974259835
3.;0.022186409476741307
Make;0.009356803125068803
sure;0.008796077015519686
travel;0.01013583873080624
is;0.009784238818625295
appropriately;0.009066806929539551
organised;0.00979340291973436
(car;0.014773948651161061
fueled,;0.012859250573597058
passports;0.009128244162453095
ready;0.009149202156247324
etc.);0.0167589750046856
4.;0.018003743391021964
Decide;0.009546834027292577
how;0.009092075001698386
you;0.00836494521182448
want;0.008532797980002576
to;0.008182829399152656
handle;0.01035223801600529
meals,;0.013622152367318329
will;0.0091427776406113
you;0.00921780380681363
be;0.008812227544705491
eating;0.009372059128040683
out;0.008723338907906993
or;0.008841853518329973
will;0.00853965480587875
you;0.008163886042517844
be;0.008216040743534766
purchasing;0.010843294720110376
and;0.008532435359906086
making;0.009127629910308391
your;0.007715773771373274
own;0.008273428571244537
food?;0.013830519348620948
5.;0.014405701607944134
Check;0.009003937914191898
for;0.008350085996369196
environmental;0.009147715693953761
conditions;0.009537130644645253
closer;0.009410077944444727
to;0.009236405716609272
the;0.00836320705983653
date;0.008930916488441782
in;0.008003942568609722
case;0.009344050606464685
there;0.008184232975940035
is;0.008195555990868724
anything;0.008800279655566783
that;0.008050270549575099
may;0.008150121977640673
get;0.008502133095095805
in;0.009597910530059475
the;0.008023792949963847
way;0.0087142811187327
of;0.007919179131179479
your;0.007660528250109442
plans.;0.010336310557437762
