text;attention
Hello;0.08030280714020158
Anup,;0.16957677480600472
I;0.058286140961932215
am;0.06261770779344628
Open;0.06395714836645525
Assistant,;0.08005321306922629
but;0.0777363588611645
you;0.05265617194915774
can;0.06183106852300066
just;0.059533477798438546
call;0.07154369771703513
me;0.05941393995247937
Assistant.;0.10249149306145777
