text;attention
The;0.009368892947968957
main;0.006611380595797957
difference;0.012869969663721002
between;0.008459621754632267
ChatGPT;0.09995434295934688
and;0.021390849969507512
Instructional;0.016450226786540307
GPT;0.02364005409683635
is;0.027178309149215187
that;0.02238084211577178
ChatGPT;0.02388520667794647
is;0.0122923933421262
better;0.009294565298293067
suited;0.010101479771563459
for;0.010577407032065984
conversational;0.016214805980637216
applications,;0.036517662025756265
while;0.013296995865055618
Instructional;0.02032344382983304
GPT;0.014364436229949274
is;0.011013401968869475
better;0.00666916543698567
suited;0.007352994627299097
for;0.007704093062129105
providing;0.008193342152706673
explanations;0.012285632531122505
and;0.008855100303980923
descriptions.;0.03204199560617612
ChatGPT;0.0207260166658487
is;0.010921934747664983
able;0.006644909174114666
to;0.010063679493288208
generate;0.010780881884164555
more;0.007421406210033459
natural-sounding;0.014300288372831933
responses;0.011143099599557874
than;0.012305820505491233
Instructional;0.010357947633553759
GPT,;0.016619642634628878
and;0.007924457086832088
can;0.007836090828355707
provide;0.007639369505373891
more;0.006559578824400632
context-sensitive;0.010447908579224436
and;0.006826089560277208
personalized;0.007142519160934178
responses.;0.017275233258580908
Additionally,;0.012219968178799289
ChatGPT;0.01304138131566522
is;0.008579030248085158
more;0.0071269322227072735
efficient;0.00979189214122078
and;0.008137538288492294
faster;0.007605745232522858
than;0.009212791217874496
Instructional;0.007682883863324276
GPT,;0.013185180444439747
and;0.007042655994504169
is;0.006342478397187164
able;0.005864500583543086
to;0.006657822315016168
generate;0.006931269229498268
text;0.0076975781669417365
more;0.006131913949826442
quickly.;0.0098738362262719
On;0.006050278262396209
the;0.00555295737321581
other;0.00575500496943451
hand,;0.010815828825885485
Instructional;0.011083858643767012
GPT;0.007457572218760056
is;0.0072769147903191675
more;0.0064039236085424575
accurate;0.0087580506827545
and;0.0068384327327655516
detailed,;0.009082922169460645
and;0.00633397647303442
is;0.005887004342200642
better;0.005922058357408248
at;0.006520566274295173
providing;0.0064836849096624755
factually;0.006791804011605921
accurate;0.005883882750503339
information.;0.00575039508107642
