text;attention
sudo;0.9999999997085425
dd;4.2601364438040007e-11
if=/dev/sda1;1.0257144518579839e-10
bs=4096;3.079989813153076e-11
|;2.365949419386748e-11
gzip;2.834354371672496e-11
>;2.833792636212494e-11
/path/to/backup.img.gz;3.514395998681935e-11
