text;attention
Yes;0.05033060812954732
Sir,;0.08168661888439076
here;0.03697024984138422
are;0.039279254197764055
few;0.04073308158506033
examples:;0.0869491044426762
Beans,;0.09185299091873236
oatmeal,;0.0970275116532213
100%;0.057479031047945696
whole-wheat;0.051532058920154014
bread,;0.04792156612960106
barley,;0.04275305630842122
potatoes,;0.04101020421039412
sweet;0.03290901419783239
potatoes,;0.03653796258914627
and;0.033728052030127555
many;0.032767508034860164
other;0.03401567529209036
plant;0.0319328009060299
foods.;0.03258365068062073
