text;attention
It's;0.016191644021425984
called;0.013840981752867413
a;0.011888835480283138
solar;0.020240801175225236
still.;0.16005883724229827
It;0.017065143044924992
is;0.011877554842689462
a;0.012715085402530982
device;0.013795821561301713
that;0.013611172579175624
uses;0.01716700129328585
the;0.014312232019387307
heat;0.015443831405234814
energy;0.012747931752700881
from;0.012089388225840202
the;0.010958025056886906
sun;0.01687102255896004
to;0.013610057507976269
evaporate;0.024324196377185466
and;0.012485271220335789
purify;0.026460226188521233
contaminated;0.013513130591130844
water.;0.037799137855887746
The;0.014900366056415681
water;0.01208982058378577
vapor;0.0159144596935855
then;0.013334636355532272
condenses;0.022008661319241035
on;0.014121442586338911
a;0.013082508154975638
clean;0.012247143152678457
surface,;0.020042583676914076
such;0.012118287132284952
as;0.012276416966953719
a;0.010807890351696483
plastic;0.011148881153620087
sheet,;0.014074371083983413
and;0.011016410749307938
flows;0.011991065406479316
into;0.011755845368929381
a;0.01043862917055321
container;0.011184618488987554
for;0.01099129167938799
collection;0.011409885340603942
as;0.01112910052572115
clean;0.010587868762335138
water.;0.014386751149965467
They;0.011555087731738398
are;0.010761578597406493
often;0.011038452339709718
used;0.011738751546769137
in;0.011338915973693643
developing;0.011273203774846263
countries;0.01169585499283537
where;0.012419225284038648
access;0.011555965732456435
to;0.011969690492243001
clean;0.010879726081004265
drinking;0.01035589637646015
water;0.010443498948994798
is;0.010146589158016606
limited.;0.010701298903453636
