text;attention
Screeching;0.20892730519638894
noise;0.06141120718963282
is;0.03466647357810877
an;0.028030718250952092
unpleasant;0.03640618647167379
noise;0.034384979976732115
created;0.030187197319456117
usually;0.02526715752744893
when;0.029868949238201537
two;0.029567453332262118
hard;0.025948204700852625
surfaces;0.03280599673748864
rub;0.03207472996998859
against;0.02150064303020709
each;0.024963002038872414
other.;0.04647260903615946
A;0.02514094461323998
common;0.02418194720957982
example;0.026213409578708192
is;0.026194958959965195
a;0.022808761770031844
sound;0.02356292054262023
of;0.02329617190146557
fingernails;0.03684246128930902
on;0.023809441954040434
a;0.021344250194489416
black;0.020162181741702898
board.;0.023959736650421472
