text;attention
Most;0.016205007975354183
systems;0.017827507975052708
that;0.015174984998316992
need;0.013216412388215339
to;0.010862797538064808
detect;0.01675491516739766
hardware;0.014610240511704458
changes;0.017014566586984744
after;0.013646369177719709
startup;0.015299333985931592
have;0.027622783863995925
an;0.013415997156762893
elaborate;0.01337225189509663
startup;0.01340346521106163
process,;0.03374762275496246
but;0.01898181871476232
embedded;0.01584011949795169
systems;0.018100546636126612
often;0.021831925150002852
have;0.013918291092968719
very;0.01028428771507986
few;0.013038260206347123
configuration;0.013696641835521144
files;0.02009818538061829
or;0.01880249607953653
have;0.016882677414915715
the;0.010851350420507964
hardware;0.012300036206926318
configuration;0.012316809029578385
hard-coded;0.01661399003541062
and;0.014126191477366904
directly;0.0111757613507099
start;0.014195022636947777
the;0.011209597445908093
main;0.010182010542830794
program;0.012400476166228344
without;0.015924750371219137
using;0.011780826395101418
a;0.010007220174072694
startup;0.011102431888762454
process;0.013335567146634988
or;0.01160344087261205
configuration;0.010071149750271608
files,;0.021086633873618327
or;0.010316945231502022
even;0.00996489640073642
having;0.00986745915183621
a;0.009127631339252434
filesystem;0.012537077009612563
at;0.00942509244563173
all.;0.02179209960704239
Since;0.012119375372226208
configuration;0.011346497884773162
files;0.012510419701947438
vary;0.012975236904889314
a;0.009478004128092445
lot;0.010746021814051
between;0.011518612785544237
different;0.00996356543846845
operating;0.010243777571128957
systems;0.0133654046125276
and;0.010144262776515901
versions,;0.014376172358069846
can;0.01143342789141792
you;0.011172877058760184
tell;0.010097809968394307
me;0.010671640672757403
which;0.010657133303555267
operating;0.009627760291401168
system;0.01172339063105701
you;0.00999922387097891
have;0.009740191371585528
in;0.008734504663110673
mind?;0.010390715047972874
