text;attention
Most;0.017971000895779476
systems;0.021305179422966284
that;0.012336783951638104
need;0.012202329448954573
to;0.010503968190032477
detect;0.014653281040516193
hardware;0.014826657929794975
changes;0.028646527406394794
after;0.01375654568126152
startup;0.025473668000791757
have;0.019758258427307218
an;0.012071360893550351
elaborate;0.01393621780840152
startup;0.01953425984779949
process,;0.02560613721215376
but;0.013015900151795655
embedded;0.023978427303932622
systems;0.02014524608161615
often;0.015006483602113407
have;0.011819860183865433
very;0.010278056154894648
few;0.012910359254000095
configuration;0.015101715816816375
files;0.026236244739625648
or;0.01207239775080322
have;0.013354305730128345
the;0.012520995362308496
hardware;0.013657856673535928
configuration;0.01397773710899882
hard-coded;0.02005119122707554
and;0.011151631396325756
directly;0.010426040607283306
start;0.01333552469914067
the;0.010923077429157409
main;0.010608173618851694
program;0.013955475078094741
without;0.013363949307844495
using;0.013405065598825849
a;0.01105941035813208
startup;0.012522912404950568
process;0.012507613726038782
or;0.010166105695300501
configuration;0.011037521487269683
files,;0.016498924845090728
or;0.01016618689253867
even;0.009928916426808038
having;0.009821862819573588
a;0.009044659609660555
filesystem;0.013120390053777572
at;0.009454213688214134
all.;0.015033216291908132
Since;0.012966403685110345
configuration;0.011489515715331272
files;0.012031029776722565
vary;0.012713455423654376
a;0.009556887404865908
lot;0.011468957430244136
between;0.011716751483714594
different;0.00998255147787226
operating;0.010544284491428784
systems;0.01266169551241787
and;0.010586205443600703
versions,;0.015160139339136472
can;0.012563062571992982
you;0.0105554658810028
tell;0.010438761323772226
me;0.010343018803033246
which;0.010956000578413295
operating;0.009911057344409472
system;0.010212264271101957
you;0.011266929745392451
have;0.009713663196499427
in;0.008771902507948702
mind?;0.01015017125869413
