text;attention
Ssing;0.04133925559422226
a;0.04025373636011763
VPN;0.052363769978448424
can;0.03663154449502533
help;0.0338372549621029
protect;0.033355677670950226
against;0.035731144391822095
Dynamic;0.050886456747192894
Denial;0.038651820588759385
of;0.031519157756641505
Service;0.04465558718050862
(DDOS);0.047449445709223714
attacks;0.03541101150284938
by;0.040068477804268345
rerouting;0.047422901572458626
the;0.029912671931231816
requests;0.0328398141951943
to;0.03112033575190117
servers;0.034235420947499616
that;0.03198866649207674
are;0.03161905057670729
far;0.032107388854239145
more;0.030653089048506544
capable;0.03182088300378946
of;0.030445212130677368
handling;0.03071372258649867
them.;0.04296650216708684
