text;attention
Ssing;0.04557866163374695
a;0.03820671432515074
VPN;0.056939685354236394
can;0.03576086966728668
help;0.03355957591649157
protect;0.03492718178483343
against;0.03509323785044989
Dynamic;0.04114465630033566
Denial;0.04040467920444454
of;0.03291420003673598
Service;0.041006413585258666
(DDOS);0.048827337054486795
attacks;0.036906120073638624
by;0.03647874895052244
rerouting;0.04476865330879808
the;0.03183046627536444
requests;0.035202027577478485
to;0.032769582901420194
servers;0.03401211583858207
that;0.03234192624726505
are;0.03102718688874944
far;0.03192771094200383
more;0.03063982965802392
capable;0.032771404817412655
of;0.031195102001968185
handling;0.03122411321871827
them.;0.04254179858659697
