text;attention
Giorgia;0.048145699940819735
Meloni;0.0565805550882444
is;0.043224124251275406
the;0.0321148427398866
current;0.03734802532939472
prime;0.03248277418754514
minister;0.036234087341332544
of;0.030047194062289295
Italy.;0.05210580353193543
She;0.03539928600091351
has;0.031612635358382976
held;0.0319433711747185
this;0.02980899869257105
position;0.031264867303954946
since;0.038549495445209435
the;0.030763106793076006
22nd;0.03591123371965053
of;0.027189553591693092
October,;0.03441508738017747
2022.;0.043147714917285876
She;0.029835412964738846
is;0.02820266613692501
the;0.027548262177553816
first;0.031981747847072126
woman;0.03207378944614579
to;0.029433751782405065
hold;0.027811109480008284
this;0.026984080980847158
position.;0.027840722333947257
