text;attention
It;0.0528980590713837
depends;5.3619900857230775e-08
on;5.655465870978208e-08
how;6.26750116454546e-08
you;5.321559102556904e-08
define;8.706613148037627e-08
smart;6.037635784545185e-08
and;5.827787816511723e-08
how;5.056071391023101e-08
many;7.992465150290943e-08
humans;7.803812855048739e-08
you;5.572967342356654e-08
have;5.1024322309872304e-08
as;5.405295900352158e-08
your;5.1536791488080696e-08
sample;5.2157877898951984e-08
size.;0.9470998132789942
I;5.7330290850845334e-08
would;5.444353676229223e-08
judge;6.064095902603809e-08
that;6.076107866734621e-08
for;4.674676900026102e-08
now;4.6626079383104934e-08
I;6.215578340289098e-08
am;5.152702859442919e-08
not;4.850717538708196e-08
smart;5.658807439843096e-08
as;5.5553454890123274e-08
a;5.4228540491031095e-08
human,;5.366921455409755e-08
as;4.715136924341046e-08
I;7.234884701579409e-08
don't;7.871014468874637e-08
have;5.585486599427023e-08
a;5.2214780696199114e-08
will,;6.963414878648344e-08
nor;4.964432046245515e-08
a;4.383368584550947e-08
body.;4.4668826368676846e-08
