text;attention
These;0.05881633061365935
are;0.052878816572214674
two;0.051682587988311886
separate;0.052514290063249994
words.;0.07209809008311535
"""Casual""";0.15745240745027417
means;0.0622293597506035
"""informal"",";0.08164349709291897
while;0.05314820518100142
"""causal""";0.09393739887644145
means;0.052163349789460224
"""related";0.05957450634455377
to;0.0512447959838586
a;0.04909908300996789
cause”.;0.05151728120036868
