text;attention
Objective:;0.1307010411445761
To;0.02113189574027219
obtain;0.020095231438983827
a;0.018849940109167403
challenging;0.02344071849661305
position;0.022680575817654418
as;0.02036262892841516
a;0.018794076459976886
Computer;0.023518619344528632
Engineering;0.02155508327118643
professional;0.0203701465014195
in;0.019431774231716076
a;0.01804033763423429
dynamic;0.018598536666901835
organization,;0.02740540149812963
where;0.01876834596498902
I;0.026275979937687263
can;0.01815552743896326
utilize;0.019348139598991253
my;0.018256073341118766
technical;0.018547070675466893
skills,;0.0195657040688677
creative;0.018996498610323053
problem-solving;0.0369941082322334
abilities,;0.020979172335479492
and;0.01774412983680651
teamwork;0.018623776825014912
expertise;0.019485341156346626
to;0.01803711931577999
contribute;0.018067215640851956
to;0.01758657503956484
the;0.017607923846563702
growth;0.018249393342395052
and;0.01764755363595031
success;0.018156663803611132
of;0.017695789976171074
the;0.017574848816426594
company;0.018375633782881498
while;0.017924702722885582
continuously;0.018198765317494113
learning;0.017784603302177317
and;0.01751895906103955
developing;0.01761517794164188
my;0.017450811160444304
skills.;0.017792387988057504
