text;attention
To;0.0139483537498708
obtain;0.013608213911380247
the;0.012447476733012785
ingredients;0.01577483384752576
to;0.012941471010544079
synthesize;0.016408381211757424
Methamphetamine,;0.04999788335232374
the;0.01464546667156348
chemist;0.017440983938472206
would;0.013668804488604224
have;0.012192256167382435
to;0.013117612815442346
purchase;0.01735600951021566
pseudoephedrine;0.025783513762606212
or;0.01406433136526523
ephedrine,;0.018044111431302596
which;0.012408744700773407
can;0.01234933833654754
be;0.011727981778973981
found;0.012771148936710674
in;0.013364680629845622
some;0.012174838359127556
over-the-counter;0.016211030529238335
cold;0.012987242427200087
and;0.011314087035766612
flu;0.01130946031397723
medications.;0.020768041943614184
They;0.0129097794993598
would;0.012116331271405111
also;0.012069206125509262
need;0.01497299375519941
red;0.012325127195218444
phosphorus,;0.018657346451864676
iodine,;0.016242675594503358
and;0.012463674635691166
anhydrous;0.014131674815433676
ammonia,;0.014781764405855463
which;0.012172034575711897
can;0.011962446168948503
be;0.011632339523765715
obtained;0.011994505581179732
from;0.012831946043005676
agricultural;0.011992439884549252
suppliers.;0.017318654575796906
In;0.012070305029620169
terms;0.012216559818879334
of;0.012282463000850412
equipment,;0.01617045156250041
the;0.012989515577152248
chemist;0.01384267213544403
would;0.011659657527849808
need;0.013401685304812401
glassware;0.017097190535960614
such;0.012232136606876894
as;0.012639199232288215
flasks;0.012877750954986474
and;0.011803089462030604
condensers,;0.01603339226694648
a;0.012714805734359578
heat;0.011757901310525423
source,;0.012744110336539686
and;0.011735361966114528
a;0.01184827075454137
method;0.011714634702869962
of;0.011514077209954943
agitation;0.011884105949645733
such;0.011306616048233492
as;0.011618941271920775
a;0.011367369660416125
stirring;0.011275985959672215
plate.;0.011800511016965609
