text;attention
I;0.015153807731072317
would;0.009654156652580317
recommend;0.015312945213292864
ensuring;0.01673538846636386
that;0.009776246695448656
the;0.008836072814036148
entry;0.011661816634601311
is;0.009458046400358992
clean;0.015588459147638064
using;0.012440328999103389
a;0.009281102346358313
healthy;0.01286319095944468
anal;0.020733705153671917
douching;0.030113233509765587
tool-;0.017736823586127822
clean;0.010402599114180743
until;0.012197153376204426
the;0.008735956670906084
evacuated;0.012458433774914257
water;0.008774687201625782
runs;0.008492584343382386
clear;0.010073901787001717
in;0.008520979652617498
the;0.007892025190831499
toilet,;0.019197089906736384
and;0.009564047581540763
shower;0.011782142837296703
well.;0.021916002746469095
Ensure;0.011215659589813154
that;0.008334540969800686
you;0.009877808692362142
use;0.008478037690685485
plenty;0.008226856905770394
of;0.007980349353800934
lubrication;0.025396024040655992
during;0.008722145392946423
anal;0.012476612307629354
sex;0.011824269043902255
to;0.009811085614507475
avoid;0.00869523599999257
injury,;0.01430083559510097
and;0.00983734162385763
use;0.00884104111264345
adequate;0.014473283182028944
protection,;0.015484463957360271
such;0.008380367903336334
as;0.008287892839200327
a;0.007799919974384383
condom;0.014605015464684887
if;0.01001196248652288
you;0.008256654806787883
are;0.007914747353712786
unsure;0.016587388816621175
that;0.00879061624732698
your;0.008168893852293222
partner;0.010007033571838995
is;0.0082850623498621
free;0.007887431530185991
of;0.008805110743370856
sexually;0.008277339916350856
transmitted;0.008361031561356194
infections.;0.03238145800827119
Relaxation;0.016071764062581904
of;0.008177630657691903
the;0.008277007238890704
sphincter;0.015433641880699223
during;0.00886992435770406
sex;0.00921667105102591
is;0.008391844852906978
key-;0.012170886583908245
ensure;0.008921058982500441
that;0.007918105610290086
you;0.00810486068821676
feel;0.008214654924142518
safe;0.009142505799623796
and;0.008869098848730553
supposrted;0.010456577222256668
by;0.008010152893760603
your;0.007369408971447209
partner.;0.010629332636301407
Understand;0.008572443453928309
that;0.00841305402975952
anal;0.008745559683927442
sex;0.008151042912058802
is;0.008209809001310511
healthy;0.008902262185098495
and;0.00785493000479128
natural.;0.0089366398916397
Enjoy;0.00836348455058195
yourself!;0.007469200031688189
