text;attention
I;0.0103487823779411
would;0.007804630634917485
recommend;0.011944493790403762
ensuring;0.01752889302946777
that;0.008518120241500312
the;0.007644204747449235
entry;0.012166924921463764
is;0.008419619321422185
clean;0.016175719098204297
using;0.01011945266663424
a;0.0080348530374346
healthy;0.01297638715633138
anal;0.11326780835279039
douching;0.03927432686427599
tool-;0.013529612016130337
clean;0.008695632269534681
until;0.009328543681175135
the;0.007707670859716531
evacuated;0.010792038330119155
water;0.007900481865899804
runs;0.00728942317352238
clear;0.009056194213018806
in;0.007792562305458042
the;0.007229744253672885
toilet,;0.01752475126500982
and;0.00853897886710807
shower;0.009741113696797032
well.;0.026114345638814023
Ensure;0.00964439927159104
that;0.007407997294429744
you;0.008160318899678594
use;0.0073963869863643335
plenty;0.007477036266353997
of;0.007161536049960862
lubrication;0.023711970667807097
during;0.007759824847385767
anal;0.019586981851252815
sex;0.012019469059703133
to;0.008283480064876744
avoid;0.00761890910292415
injury,;0.010748626121608216
and;0.008456706186911907
use;0.0075721344865040405
adequate;0.015625117982466925
protection,;0.01373900770792225
such;0.007903771825045487
as;0.007427803832467876
a;0.007276405195176352
condom;0.013480263175463567
if;0.007992186840539837
you;0.007259879889133925
are;0.007153034617699208
unsure;0.011874104958144035
that;0.007756918212358798
your;0.007206098325790326
partner;0.009299016954228453
is;0.007335173606006259
free;0.007254544163977466
of;0.007613348815006867
sexually;0.007955580029192203
transmitted;0.007880895798877595
infections.;0.029167518566343118
Relaxation;0.014160138776343504
of;0.007345636456257685
the;0.0071421293669214556
sphincter;0.011968325407211723
during;0.007385360952588929
sex;0.007845568480138317
is;0.0072859263662015976
key-;0.008795991219769182
ensure;0.007417641964347202
that;0.00703973124431732
you;0.0070579181873217925
feel;0.007062502956790698
safe;0.00748925375562216
and;0.007132324077011372
supposrted;0.00844902325229752
by;0.006960704585937952
your;0.006862200923270754
partner.;0.009406033425100076
Understand;0.0076828356964494735
that;0.00731433232044828
anal;0.008023975158463533
sex;0.007294449598525265
is;0.007112718622163464
healthy;0.007314986274702242
and;0.0069208693103831355
natural.;0.007652592940378387
Enjoy;0.007203837689911441
yourself!;0.007001234661719365
