text;attention
The;0.038895594095773096
capital;0.060942766123800216
of;0.03185002893416478
France;0.03265593202479126
is;0.055199668180910016
Paris,;0.0722074538591185
which;0.06087961927752028
is;0.04143877827961827
also;0.053037150656168756
colloquially;0.04798965692596601
known;0.03954626252330725
as;0.040668994703758087
the;0.04529150421998686
"""City";0.061802081157346866
of;0.031146407257402052
"Light""";0.03791561307577654
or;0.05537948783422447
"""City";0.049007624041138995
of;0.031505532637979984
"Love"".";0.11263984419124767
