text;attention
To;0.022415064373129786
rotate;0.030110738247706294
a;0.0205826332740202
point;0.019715986049161797
(x,;0.03930495624000031
y);0.021100112857216347
by;0.020768390672371476
an;0.017547477300199302
angle;0.022224264594080008
'8';0.06830897066732534
in;0.021457387096735468
a;0.02065175466648615
2D;0.024784746270633488
plane,;0.021768636253933885
the;0.01898557664455022
transformation;0.01862306658204459
matrix;0.018668008317379078
is:;0.03199880142299735
''shell;0.0543559420151973
[cos(8);0.11543675306123943
-sin(8)];0.05748094643557849
[sin(8);0.03907045504769325
cos(8)];0.024794865528998372
"""";0.020694938062343328
This;0.018748030587282034
rotation;0.01607537641417755
matrix;0.01629457381599187
represents;0.016220233401700417
a;0.016088566681089267
counter-clockwise;0.027712657813244564
rotation;0.017001717018600225
of;0.01719309660927851
the;0.015353514150205024
point;0.015436496980305551
by;0.01634229050236314
angle;0.016142812656968573
‘6’.;0.020540161687772177
