text;attention
Tam;0.08305460452438239
doing;0.0861325847418001
well;0.09013104027821545
today,;0.10313978098596523
is;0.07700460466106193
there;0.08081795862180492
anything;0.08839644657721375
I;0.0784938592294816
can;0.077513512745289
assist;0.07922118868166363
you;0.07721393889454775
with?;0.07888048005857407
