text;attention
Sure,;0.12762372455185306
let's;0.31342406120330113
play!;0.12883840771839294
Here's;0.12013996654935814
my;0.09943390493952442
response:;0.10986530324032409
2;0.10067463179724614
