text;attention
*Accessing;0.03667867361087729
your;0.007672513837233613
personal;0.00763625948820076
data;0.015586657682952471
via;0.007857542435786527
stored;0.007592839260262301
database;0.009555865878886129
Here;0.01512306570160486
are;0.00810468788767758
your;0.007434691044931165
schedule:;0.06446691418016426
9:00;0.07464114163649155
AM;0.010231532118482385
-;0.007661614107981019
Wake;0.012249043092452346
up;0.013680891392974502
and;0.00750041130211778
have;0.007034267818881109
breakfast;0.009497553830334089
10:00;0.06095977483414983
AM;0.007892761366024726
-;0.008238125485218772
Attend;0.009006776147826566
lecture;0.017058170303150638
for;0.007392528866144002
History;0.011853114255157825
101;0.04054478378916358
12:00;0.05492161481008398
PM;0.008152789959281719
-;0.007813481266957264
Lunch;0.01027169903818682
break;0.007456385194183212
1:00;0.014955000330524403
PM;0.005824141558329656
-;0.006854048576321161
Study;0.012617968534296422
for;0.007228766374348616
upcoming;0.0076454530353494725
Calculus;0.01805636395650015
exam;0.008523663027037389
3:00;0.024977756873051583
PM;0.006395104714313562
-;0.006677823440156033
Attend;0.007037561785639657
a;0.006734917248234261
club;0.012358215236926422
meeting;0.008007038985752704
for;0.006919551680785098
the;0.0064218036779115865
Student;0.007143848634871991
Government;0.007173113848290027
Association;0.006164787734775551
5:00;0.016675312272127128
PM;0.006774368703327052
-;0.006715308381176094
Participate;0.008296782901797082
in;0.006142416364387128
a;0.005531864973616197
group;0.005909204331830663
study;0.007235414492060863
session;0.006613850111598521
for;0.005552422182963941
Economics;0.006839153325753625
7:00;0.014138559106031926
PM;0.007231357863788076
-;0.006100848285934876
Dinner;0.007388832912574025
8:00;0.008878868485421883
PM;0.00554676259497582
-;0.0058727255819310846
Work;0.00563109428078421
on;0.006118276434880385
a;0.005602063814893818
paper;0.006555075010560936
for;0.005450910428069433
English;0.005998742033327976
Literature;0.0052884863678060645
class;0.005188274605372131
10:00;0.007959494227599591
PM;0.006702085301156761
-;0.005617718767716532
Relax;0.006281930538878667
and;0.005286603549214976
unwind;0.005223677878730829
before;0.005189317253223705
bed;0.004977095759251453
