text;attention
The;0.06931228626199823
weather;0.06760630050319408
today;0.06897233304857935
is;0.0646642397886105
cloudy;0.07631139183395369
with;0.0599949381027855
a;0.05770849187501848
chance;0.06009204806412001
of;0.05678504896386905
nuclear;0.061710265818255935
armageddon,;0.07993534324076461
just;0.05637692132600725
like;0.05593391693450423
any;0.055202700831512776
other;0.05444798685963332
day.;0.05494578654719289
