text;attention
The;0.021061712598196256
amount;0.019788226683567826
of;0.01826857034451045
time;0.02395961427870902
to;0.019222989327630335
go;0.020802949722265637
from;0.021753018774661636
60kg;0.030587747955555033
to;0.020460454772724863
140kg;0.03554738939989788
will;0.020586890409938614
vary;0.020459556907471334
depending;0.020623147373445488
on;0.021031680644745063
genetics;0.0230832234223111
and;0.018480541014707447
on;0.01814030276939793
the;0.018100070990165553
training;0.020419847002334526
program;0.0198688751244493
(nutrition,;0.026397664768926226
workout;0.018515457740673404
sessions,;0.018792105147945024
etc).;0.029571309070352634
However,;0.023966190530257746
using;0.018726309033962753
natural;0.020259592011653033
training;0.018954034904675714
methods;0.01965391476946357
it's;0.037267941982792416
fair;0.018507090046865723
to;0.018203792319868864
assume;0.01861135199233336
that;0.018972575514237994
even;0.018555302112970535
with;0.018070098658790938
strict;0.018070207509678124
training;0.018520109512300122
it;0.018568784853645794
won't;0.022605059648944784
take;0.01847712508499141
less;0.018334317025598283
than;0.018347595175523593
two;0.018254707619002355
years;0.019090881405759985
for;0.017998026383003886
most;0.01796005772002423
men.;0.01850158793907218
