text;attention
It's;0.05231144815748199
when;0.047737731239032175
a;0.035728649152906106
bunch;0.03259037181977047
of;0.038112557651441545
jerks;0.0719489933215273
try;0.04414115482092923
to;0.03942237502267699
tell;0.044913306855679756
everybody;0.0406930621442553
else;0.039551869676679036
what;0.044982162230706446
to;0.04668496438962234
do,;0.0747499461721022
and;0.03361656032500406
then;0.03646964340683607
beating;0.03885109926738759
them;0.03449307165120061
up;0.038905776789217146
when;0.03634911780063455
they;0.03194808982373748
don't;0.0337481651382893
do;0.03155648042733799
it.;0.030493402715544352
