text;attention
You;0.23284301072188107
can;0.0006494289748839472
use;0.0006939173496969259
a;0.0005085013086345264
combination;0.0006805938560631729
of;0.0005543048388920386
dd;0.002523401925497768
and;0.0011311886066299034
gzip;0.003953027416401699
or;0.0006765568879099149
zip;0.0020459851768832383
to;0.0007499950813543711
peform;0.0007976915713698829
this;0.0005181012793136139
task.;0.0009859524209415483
1.;0.002233805488702315
Backup;0.0017251546151497055
the;0.00049754049821033
disk;0.0010638227291342765
partition;0.0012088328245020387
using;0.0006655756986445061
dd:;0.003792792428621335
$;0.0011888956785883252
dd;0.0014592752260762067
if=/dev/sdXx;0.01262312776911545
of=/path/to/destination/mybackup.img;0.6715906817383706
2.;0.0026745586862841424
Compress;0.0015392548671130453
the;0.00048068811359516924
backup;0.0006149731580810131
file;0.0006296513012981623
using;0.0006333173685091975
gzip;0.0014795648924842374
or;0.0006077773120854609
zip:;0.002126802609633494
$;0.0008376087693964362
gzip;0.001577822918683067
/path/to/destination/mybackup.img;0.010003850971291205
This;0.0008659527186752569
will;0.0005668031240113329
create;0.0006411055688825568
a;0.0005416437240121895
compressed;0.0009435418338168897
archive;0.0007141322102641901
file;0.0005898776389440631
called;0.0006522058774864019
mybackup.img.gz.;0.003423434128944865
Alternatively,;0.001321456059881241
you;0.0005124413333126272
can;0.00045649349771987934
use;0.00048441697851854467
the;0.0004387095096863765
zip;0.003143772505988265
command;0.0005428468966221505
to;0.0005382346026442428
compress;0.0005524952881457025
the;0.0004330991739990005
backup;0.0004324884865736918
file:;0.0006163166824488191
$;0.0004800788731580017
zip;0.0013143391721140989
/path/to/destination/mybackup.img;0.004801281981449311
This;0.000557043821751596
will;0.0004459089300844633
create;0.0004825142942845451
a;0.0005500357733891648
compressed;0.0005075368549723523
archive;0.0004327422390144637
file;0.0004207218472772635
called;0.0005087111965765987
mybackup.zip.;0.0005205840954264876
