text;attention
Oof,;0.13246302150397257
come;0.059999449456838966
on,;0.0789666959498586
you;0.05944555544000719
gotta;0.0650451377627009
give;0.059824068798269195
me;0.06036609864247965
a;0.055914376360517944
bit;0.056925965504207074
more;0.060755605557064794
than;0.0604340852151983
that;0.061043337435632915
to;0.05621307355036719
work;0.05501485487142638
with.;0.07758867395145835
