text;attention
The;0.011862639092168151
probability;0.013656929192955167
of;0.012894888265990546
being;0.014089264193788824
struck;0.019963746901908216
by;0.013177394463774196
lightning;0.024299372361702532
is;0.012770788555885001
1;0.017014589657005877
in;0.015086153935643292
a;0.011262847661122748
million,;0.0214350499984111
However,;0.017296674625836627
the;0.011402015203383424
odds;0.01505465803949399
of;0.012560665389069782
being;0.012034831322350007
struck;0.013183673146970538
in;0.012163601047945914
your;0.012073281524701749
lifetime;0.016327160220837238
are;0.012448642034936496
actually;0.011527470875146474
1;0.0145494224880474
in;0.013173736420423316
15,300,;0.02109499994259841
according;0.011680073920365961
to;0.014201199373019942
the;0.012377474858060768
most;0.011252943028940527
recent;0.011777998304068574
data;0.01209910851735432
from;0.011551339062268932
the;0.011211264337526845
National;0.01123799557044512
Weather;0.011299757410348365
Service.;0.01661300078236028
Additionally,;0.015078768101984176
the;0.011179267727347177
odds;0.013739780180134987
of;0.012582279840715544
being;0.011970810873245512
struck;0.013302208251933888
by;0.011495278896820959
lightning;0.013157645796107158
in;0.012127371946679334
the;0.010911777165196031
US;0.013379595322097405
in;0.011373752306199037
any;0.011544474643990787
given;0.011261339478317572
year;0.011813627120837212
are;0.011691408723218402
about;0.011315444927019046
1;0.012786778393918122
in;0.01161153321317685
700,000.;0.01634692926574793
Of;0.011372354079949056
those;0.012346625961235091
who;0.01310557797549915
are;0.011310188702173074
struck,;0.016923149865181567
only;0.011870823225585407
about;0.011125501327068663
10%;0.018823674961331062
of;0.011304275851476505
people;0.011469447088961273
are;0.011123633359421159
killed,;0.013070839047959174
leaving;0.011601503981195617
90%;0.01300601581599569
with;0.011561477307995335
various;0.010993417697775936
degrees;0.010744429856157192
of;0.010617067883978903
disability.;0.011253272109516276
