text;attention
You;0.05620082272440478
can;0.03714710547297954
always;0.04265028612219044
install;0.03854051938919856
mods;0.06689342213100676
manually;0.06325619648332766
by;0.04364725824821078
dragging;0.04121231470469323
files;0.03968326129285636
the;0.032703449698402366
files;0.030019224451723156
into;0.032983789749145606
their;0.03176305985805886
proper;0.02937314082408244
locations.;0.05385043663532336
There;0.03916643782454409
are;0.03845268419478944
alternatives;0.03597180388541101
to;0.03364359547720062
Curse;0.04216325433437341
Forge,;0.045961269920802336
(LIST;0.058179988700707515
ALTERNATIVES;0.03611916202638768
HERE).;0.030417515850180085
