text;attention
The;0.0134246289710794
education;0.014256353607460663
system;0.01665147732326868
in;0.011965078748646113
South;0.010613207952194904
Korea;0.014008658057057652
is;0.012312301097223671
considered;0.013012447367194598
to;0.011578781807388337
be;0.010758656107657857
highly;0.010856722987393036
competitive;0.013481837869072916
and;0.01084978121999603
demanding.;0.014291584579220227
Students;0.015021396532028176
often;0.011708828222169418
attend;0.013225635102919285
school;0.01119438791390712
for;0.011714284109096435
long;0.010324227706615147
hours;0.01147110899557648
and;0.010440606364524752
place;0.014223871779939836
great;0.011278167272612424
emphasis;0.010880758184730669
on;0.011207593989089723
academic;0.010787772354091688
performance,;0.012253800426634964
with;0.011268720669386204
a;0.010320645248352023
strong;0.011130364598699191
focus;0.010576822785219566
on;0.010629161995595172
memorization;0.012060145339287561
and;0.010036844154383115
test;0.010165788316863527
preparation.;0.0109571964004906
The;0.010769596371752186
government;0.012681724622180937
also;0.01033162897492611
places;0.01225657309314563
a;0.010466745968414367
strong;0.01051704199597711
emphasis;0.01028422599738537
on;0.010322255627967352
education;0.010023685693648813
and;0.010419988428032765
has;0.011119742819850932
invested;0.012926485969956143
significant;0.01030505938016725
resources;0.010409716333301101
in;0.010372278962091058
improving;0.011647186549475717
the;0.010362589858964044
quality;0.010367091250512259
of;0.01010632879650253
schools;0.010279700922353493
and;0.009964578234623557
increasing;0.010525578966098995
access;0.010181876915644851
to;0.009997302516353692
education.;0.010699152340041984
Despite;0.01188816459884224
these;0.010279071756892178
challenges,;0.011238143818814874
the;0.010156543937552616
South;0.01022234241944336
Korean;0.010333638106456747
education;0.010287883425336118
system;0.009929055373902944
has;0.010999727442231627
produced;0.012182668398368025
high;0.010244652911092875
levels;0.01024493639948084
of;0.010530453217198293
literacy;0.010727175899951936
and;0.010121527522487255
numeracy,;0.010294150877221986
and;0.00988484830322912
has;0.009974606824237918
contributed;0.01031048967700934
to;0.010822862102146094
the;0.00986332663740108
country's;0.012171156204809113
rapid;0.010527487216817908
economic;0.009738059026889232
development;0.009672222609699433
in;0.009681238155072082
recent;0.00981911580579532
decades.;0.009576668585184073
