text;attention
Please;0.08406259732825855
clarify;0.11426167146633476
which;0.09731622191850048
system's;0.17007596334447936
startup;0.06984269144394516
process;0.0839740880040087
you;0.07526367501860658
want;0.06107449035026207
me;0.06008627790712211
to;0.05026232813647408
explain.;0.13377999508200825
