text;attention
These;0.050843341243738925
are;0.0291390183187681
two;0.0313684961003168
separate;0.0302608578958024
words.;0.07495139040159188
"""Casual""";0.3128719928317589
means;0.03555828397521157
"""informal"",";0.08695372020287818
while;0.02939206876837592
"""causal""";0.1748633885429543
means;0.03003904879502183
"""related";0.03427356465713153
to;0.026408129575497492
a;0.02507828596295255
cause”.;0.02799841272799939
