text;attention
Intermittent;0.01085691756862788
fasting;0.020208024400276338
is;0.011913803079178739
to;0.008364422523201987
follow;0.01086758868603173
a;0.009693591369235066
schedule;0.017893446013201746
that;0.012373564919209021
cycle;0.01004141431043833
between;0.011245385382665726
fasting;0.021120567976096297
and;0.010940232340494004
non-fasting,;0.13385859581115786
for;0.006513740470448785
example,;0.023774442257339438
not;0.008177091449619034
eating;0.009153248144988253
for;0.008539261423162957
a;0.00933980852909821
period;0.008761579713611835
of;0.006881644190823201
time;0.009215481482758562
each;0.009862336333840722
day;0.007724249537904903
or;0.00755618553374282
week.;0.030216647235930098
Some;0.010462802432641617
popular;0.009751772965553492
methods;0.018323627787411558
are;0.012583417872368864
alternate-day;0.0269990773318989
fasting;0.023335171985799315
(eat;0.03548861496829963
normally;0.009190924944258883
one;0.008150053303863402
day;0.008705411816331454
and;0.012657093672979442
completely;0.008653120289650413
fast;0.008596874939118884
or;0.009550647403143271
reduce;0.01324883719451526
calorie;0.022632795318291193
intake;0.011587859403471623
the;0.009319696747545464
next;0.007057000218902479
day);0.01900024112370923
and;0.015695166535296474
daily;0.008140578313174003
time-restricted;0.030982269677261382
fasting;0.021183270201161713
(eat;0.03780481119355085
normally;0.008396557355237564
but;0.008265418583557007
only;0.007282699668724769
within;0.008616849447162522
a;0.01027828177533988
several-hour-long;0.046336787803222444
window;0.009538990325221772
each;0.008288514545264237
day).;0.05880149217298751
