text;attention
The;0.01698311840405536
total;0.017632167289365813
volume;0.01827991900829748
of;0.016699912795446963
the;0.016229105916780066
sun;0.018233184625727913
is;0.01712136868210741
1.4;0.031787527059278294
x;0.01742183804243644
10°27;0.046038696844023744
cubic;0.020679860669762677
meters.;0.0217325495374616
About;0.0163693968380239
1.3;0.023506460788133756
million;0.015812292240511075
Earths;0.019836877592652246
could;0.015779751096269282
fit;0.01592333431189341
inside;0.01588635416947526
the;0.014985567894949682
sun.;0.019495353434311774
The;0.015196365068735845
mean;0.015537763698567518
radius;0.01623914579622055
of;0.01503030976490786
the;0.014581347338451739
sun;0.015477974160341591
is;0.015177285153594493
432,450;0.03406094556218545
miles;0.015741985217959244
(696,000;0.029653415732481474
kilometers),;0.018912922513298965
which;0.014739626909119757
makes;0.014768887696712484
its;0.014439672267578458
diameter;0.014978074625206485
about;0.01463102025624007
864,938;0.025499404821384394
miles;0.014618327455322036
(1.392;0.01947621669759582
million;0.014130609395321495
km).;0.015875597590574726
For;0.014273686826841298
comparison,;0.015071164570844835
this;0.01404959472681917
is;0.014039875421846924
109;0.015988872807406972
times;0.014094360733409144
the;0.01387763754948092
radius;0.013952413651413654
of;0.013766427193244613
Earth.;0.01466803329304713
8;0.014593217556717141
*;0.014052721324657914
6;0.014298237521879403
=;0.01387335284150775
48.;0.01419886901811838
