text;attention
The;0.07843397055657783
three;0.06938954138534152
largest;0.0755386382986137
countries;0.0768854808556162
in;0.06966763209588972
Europe;0.07707973234431659
by;0.06929824790805936
area;0.0729736895236995
are;0.07790208904187713
Russia,;0.08740186321609088
Ukraine,;0.07835951897053144
and;0.0677657496036149
France.;0.09930384619977127
