text;attention
Albania;0.06400380357073895
Andorra;0.12383965199555082
Austria;0.027756652229672194
Belarus;0.05350674848546238
Belgium;0.016697466554849515
Bosnia;0.015165386841780837
and;0.012501216991583849
Herzegovina;0.02287121282745527
Bulgaria;0.013565503312718592
Croatia;0.013911609338391626
Cyprus;0.014880962716405929
Czech;0.01119951372837106
Republic;0.011556589364068452
Denmark;0.01232971687034852
Estonia;0.012608018648522366
Finland;0.010876782291152154
France;0.013133373566252247
Germany;0.013622364553209174
Greece;0.011054510995318326
Hungary;0.012948027901825311
Iceland;0.016679799085348467
Ireland;0.011458764640457097
Italy;0.011265766983330039
Kosovo;0.018532881841491714
Latvia;0.0133505098334299
Liechtenstein;0.02412024185839319
Lithuania;0.02035520236290615
Luxembourg;0.012679162895213229
Malta;0.014403987060135405
Moldova;0.014085618173109587
Monaco;0.014449056317531994
Montenegro;0.01501640403211251
Netherlands;0.011263132188851223
North;0.010981022455532943
Macedonia;0.012981236817442727
Norway;0.010924479576915868
Poland;0.010599640405979013
Portugal;0.010986940419026118
Romania;0.010549998828361502
Russia;0.012114020230107965
San;0.010847591811265331
Marino;0.012273422266265625
Serbia;0.010979225454452303
Slovakia;0.013284533341596077
Slovenia;0.011064536710880589
Spain;0.010408747680045542
Sweden;0.010545665829406947
Switzerland;0.010606027651012803
Ukraine;0.01139550769599221
United;0.012665235515508078
Kingdom;0.01626793813195941
(including;0.016823094023654468
England,;0.016962226194041235
Scotland,;0.011113633390266517
Wales,;0.010746596018580332
and;0.009233454860167162
Northern;0.009253133340843933
Ireland);0.0102184312455801
Vatican;0.011379731734777687
City;0.009104288314349422
