text;attention
Albania;0.07907246588665537
Andorra;0.040867106827738205
Austria;0.019955600388577747
Belarus;0.02828688281953009
Belgium;0.01346349013262776
Bosnia;0.020890544141552465
and;0.013178155690833245
Herzegovina;0.07227153647023701
Bulgaria;0.017558518540702703
Croatia;0.021422210040462856
Cyprus;0.017351520464572313
Czech;0.012519631968610192
Republic;0.012338628151242228
Denmark;0.013036297995970234
Estonia;0.014726410067946278
Finland;0.012581002646426438
France;0.013204594310423121
Germany;0.012473188571994618
Greece;0.012701465447999391
Hungary;0.017303014557490892
Iceland;0.015039939837877872
Ireland;0.011625072218879602
Italy;0.011896813484306183
Kosovo;0.015119534362754648
Latvia;0.015170300549717798
Liechtenstein;0.015533550946868651
Lithuania;0.02946905646811128
Luxembourg;0.013321888505856689
Malta;0.012921813348488876
Moldova;0.013332468857703072
Monaco;0.012571700187074528
Montenegro;0.01606246802815942
Netherlands;0.011664217139326078
North;0.011394563831569051
Macedonia;0.014304191015200371
Norway;0.01284408294041994
Poland;0.011461163963613904
Portugal;0.011569422482156595
Romania;0.012210546918213156
Russia;0.011653640795796413
San;0.011687039448505163
Marino;0.012765460538989384
Serbia;0.012480920627950306
Slovakia;0.014438524595003128
Slovenia;0.014312473720241145
Spain;0.01163581405262566
Sweden;0.011931921047428977
Switzerland;0.012360971337193835
Ukraine;0.012751587810670645
United;0.011538381043563698
Kingdom;0.014301353643264013
(including;0.018896745752212056
England,;0.014548988586393082
Scotland,;0.012647984073250365
Wales,;0.012021790168979841
and;0.010988623700516849
Northern;0.010964479140996249
Ireland);0.01197132847051946
Vatican;0.012673438472596301
City;0.0107134727654124
