text;attention
Intermittent;0.018689501042024336
fasting;0.16866625129739163
is;0.021540736231649496
to;0.011228004118693643
follow;0.012687004417770383
a;0.011337122853551599
schedule;0.015569713282749836
that;0.013264509989143245
cycle;0.014052818627825078
between;0.014098173032644809
fasting;0.027945110733022666
and;0.012751633766327812
non-fasting,;0.035539730054374025
for;0.010596105849993476
example,;0.01687192928978776
not;0.011829820117472217
eating;0.014377237605356408
for;0.011768487178021763
a;0.00982407380296254
period;0.010590634647192985
of;0.009551206354708705
time;0.010489132952014273
each;0.010353544137956564
day;0.012819242687423316
or;0.01311966259767491
week.;0.018859429714390915
Some;0.010691977267689327
popular;0.010935009042154425
methods;0.011394681813043237
are;0.010932255629646948
alternate-day;0.03863778305309781
fasting;0.014838456336467538
(eat;0.023287082369250117
normally;0.016764667891654386
one;0.013059693368939165
day;0.014869553093943113
and;0.013443124370173977
completely;0.012152159560282596
fast;0.014076270825128162
or;0.011932152785395294
reduce;0.01086781442110234
calorie;0.010912884874721775
intake;0.010222909112039718
the;0.009812019245463493
next;0.010494768933729665
day);0.012321382914352334
and;0.010928005331483259
daily;0.012395451766383568
time-restricted;0.031647694337104244
fasting;0.011044912542222078
(eat;0.017237734770476673
normally;0.011496461815255163
but;0.011111498419585631
only;0.01077019765522698
within;0.012057450201547417
a;0.009940639182934268
several-hour-long;0.012127775702409228
window;0.010343772502080835
each;0.009311167199470111
day).;0.009519775283420767
