text;attention
Yes,;0.03662627819755933
I;0.026389506954171544
am;0.024737515892972625
ready.;0.0403708941429956
But;0.025351943340492337
before;0.027059325883912196
we;0.025760287619686538
begin,;0.032930764237914946
please;0.02566505765679448
tell;0.02591358352604428
me;0.027307537273218576
what;0.025763434297508634
exactly;0.026693588457271173
you;0.024082990602508337
mean;0.025521033224068883
by;0.02685012644161655
"""convert";0.03975753180342657
it;0.025895504851998343
to;0.024046915877080573
a;0.02212711841372284
list”.;0.041450095004382674
What;0.026918503697409276
constitutes;0.038987889222935446
a;0.02320982149154354
single;0.02447618265968296
list;0.023065532604068163
item?;0.037894614155340255
A;0.026521840901007693
character,;0.031100157311403816
a;0.022938537333641085
word,;0.02895695629790647
a;0.021979861199155692
sentence,;0.02555809703998227
or;0.02321360751042719
something;0.022196619828479043
else?;0.022680745047670144
