text;attention
A;0.007061443584307528
distributed;0.005335449712623665
hash;0.005334444235774438
table;0.0053883600597327466
(DHT);0.02261505763409205
is;0.00938398645443332
a;0.009275475688341785
distributed;0.0052881910404859265
system;0.005313628363926076
that;0.005918840692786839
provides;0.0056941355910951515
a;0.010806933565872286
lookup;0.008394044738121314
service;0.0066039523314422015
similar;0.005666397599488255
to;0.012847125283381331
a;0.01064004459740744
hash;0.004986471374638346
table.;0.09797091600665477
What;0.006222624440319582
differentiates;0.008940764269735148
a;0.009256329980652336
DHT;0.0070117158986730205
from;0.006752280747970167
a;0.007860450560183294
normal;0.004516423712996
hash;0.0050355118818048794
table,;0.03380106300983318
however,;0.017939256422479063
is;0.006677679236188942
the;0.01871230174395911
fact;0.005083775649691324
that;0.006871137009863001
storage;0.005504063084452369
and;0.008213268647818892
lookup;0.008458793966174834
on;0.005797065330498558
DHT;0.006414528754447215
are;0.007352844187546849
distributed;0.005451222405972716
across;0.005035300887877877
multiple;0.00495707209331858
(can;0.008869780553964174
be;0.0053876026304917135
millions);0.012573007466407798
nodes;0.006868999482638215
or;0.006580385567555063
machines,;0.031210338531514847
and;0.01072996457543137
the;0.04198605944332601
node;0.006529652572140208
that;0.0063951032663059374
gets;0.006453080926392738
to;0.009610422577648941
store;0.00543094907589249
a;0.012394906738173433
particular;0.005113859475164863
key;0.004964036204226677
is;0.007127408964422481
found;0.00624233131203092
by;0.006091178690082926
hashing;0.008842320152765763
that;0.0058241118605011745
key,;0.027522207625301453
so;0.005549535873626916
in;0.00550119832269483
effect,;0.023153845035485177
your;0.008030486845862767
hash-table;0.015208894214971925
buckets;0.009534048344904745
are;0.0074703389223423995
now;0.0051937101017422195
independent;0.005559534037555526
nodes;0.006308537417423648
in;0.006408006175892427
a;0.006557493852956688
network.;0.2063862906850993
