text;attention
There;0.009609230889687202
is;0.009345302381998266
a;0.009334377327371267
continuum;0.019375297119142817
of;0.011513611682830107
sorts;0.011957284486087046
between;0.014267363510703842
very;0.009738687346428763
small;0.011287531953985318
stars;0.019353589879350847
(Red;0.013097514587507086
Dwarves);0.025020555397647887
and;0.010361474252044457
very;0.008662328207757496
large;0.009944268169275888
planets;0.01327368544997795
(Gas;0.011252352114367169
Giants).;0.020119975717304835
In;0.009450318099906867
between;0.011668771256531783
these;0.009491582779341697
two,;0.012610957966067777
there;0.009161882424588782
are;0.009199362546012179
the;0.009090265222051412
Brown;0.01055134292893866
Dwarves,;0.030725548864692642
also;0.009121240608719258
known;0.00885561954450439
as;0.00913504690218946
"""failed";0.01153748994216847
"stars"".";0.01708069002364955
Different;0.01105762347178948
parts;0.010252363224283955
of;0.010021708729365902
the;0.008689403460363511
fusion;0.014787157687855447
chain,;0.017127598094160333
starting;0.009723721979420022
with;0.010914317632056114
hydrogen;0.012077108484619417
and;0.009299600157171612
eventually;0.009695029015135798
ending;0.00919856709829264
with;0.00877402966979498
iron,;0.011008726408743423
take;0.010026704486454898
different;0.009448158157037626
amounts;0.00935249506769554
of;0.008720687445815379
energy;0.010409379481058184
to;0.009485989376991796
produce.;0.012588521944396096
Brown;0.00996539706159239
dwarves;0.018190290635138575
are;0.010006394628960476
not;0.009138230961042418
able;0.009685352090098064
to;0.009322687066505577
complete;0.00977882844087906
the;0.008776611836253046
entire;0.009700259270912509
fusion;0.009472079215586316
chain,;0.010719186525605658
and;0.009206238776432155
eventually;0.009552987517612134
fizzle;0.00995323772686531
out.;0.010188607372661635
The;0.009190164613274791
precise;0.010844115183701984
classification;0.011196280336395114
of;0.00958037081747861
these;0.009317850194459753
objects;0.00977422796100265
can;0.009427013031726513
vary;0.009771587003228286
between;0.009206889461468306
sources,;0.01114134513513001
but;0.00987194267339823
arguably;0.013091590426700443
these;0.00899441856981115
are;0.008878935871595104
the;0.008600146887898822
sorts;0.008802465627140233
of;0.008951179285732963
objects;0.008893647094077249
you;0.00854251819093465
describe;0.009357194175783078
in;0.008282007012368519
your;0.008205642663547981
question.;0.008568638001666783
