text;attention
King;0.015996253759649096
Henry;0.013870548608220968
IV;0.06083119605841922
had;0.015919643043815962
3;0.012527157896227485
children:;0.18950993701772306
Henry,;0.024772554297447822
1390;0.03607413346253766
and;0.012801003214463882
died;0.014270092923783225
in;0.008687035943267052
1422;0.0701734132696365
Thomas,;0.023891466655686436
1397;0.031281705523327596
and;0.009838517916882665
died;0.010757340610656207
in;0.008234093862985632
1421;0.029786413096273553
Joan,;0.024427300317237204
1399;0.02199115906220137
and;0.008551605982565463
died;0.009571067902933902
in;0.00795340488966746
1433;0.01602680035303953
At;0.012488330518493861
the;0.0083353579619699
time;0.0090598101487068
of;0.008157153548220851
his;0.008718124527281
death,;0.018543903498711975
Henry;0.010022792663660216
had;0.00886023522310224
no;0.008628245009021117
living;0.009500468244616561
descendants;0.020569004457301913
as;0.010418833652097234
all;0.009021976839312357
three;0.010288651857753829
of;0.007593277226941149
his;0.00808295853395956
children;0.010457571489217141
had;0.008180641914663094
passed;0.007725807187642079
away;0.008631380007652997
before;0.00824745922353078
him.;0.010846984917025045
Some;0.008286639912517811
of;0.007816024956951322
his;0.008241346395034817
grandchildren;0.01698363273594358
and;0.008194679393429825
great-;0.008416039265034574
grandchildren;0.009802814963616307
had;0.007877384082747404
descendants;0.009119662885249883
who;0.007387632189541949
survived.;0.007751328900401887
