text;attention
There;0.7209532348815902
are;0.0021587674817460946
several;0.002229349879753898
possible;0.0022357961355868776
causes;0.0030286406381355387
for;0.0023712734511886595
EC2;0.04106422491914029
machines;0.007022310314989842
not;0.002525393685518834
communicating;0.008811703340643764
on;0.0027557761139183888
AWS.;0.029323751587741767
I;0.0029293286048259126
would;0.00241631927371944
suggest;0.002710194229846228
the;0.001829479968353269
following;0.0019733712587509345
steps;0.002328417369358462
to;0.002093901951779678
get;0.0019167814687079524
you;0.002189040780126819
started;0.001922877676485711
on;0.0018024607732181782
fixing;0.0020332272721619816
the;0.0019529193999336587
issue:;0.0025387384459597214
1.;0.006564958409546872
Check;0.002419081716820963
the;0.0021578552573523905
security;0.00245207045314291
group;0.004055558580388863
rules;0.002065327743142076
and;0.0020163158517927104
network;0.0024955910574910056
ACLs;0.0037248865161401802
for;0.0019137829502267813
your;0.0020206759472314053
instances.;0.007464753271006042
2.;0.0075703954599405906
Verify;0.0022177530489295503
that;0.002050641256927563
your;0.002052360805126727
instances;0.0031997123117928302
have;0.002100902780967743
public;0.0025151764388829257
IP;0.002683740165873295
addresses;0.0020679846619952188
or;0.0022148219256881074
Elastic;0.0025044819930954286
IP;0.0024012896501023587
addresses;0.0018508924145711114
if;0.002070670608634029
you;0.0017899947220766808
are;0.0017800646437961174
connecting;0.0022013745496728522
over;0.0019122683818777496
the;0.001685214847056618
internet.;0.001969016452128762
3.;0.003759848518330598
Ensure;0.0020338476161188336
that;0.001774100821907386
your;0.00167468789670823
instances;0.002108656307862154
have;0.0017712404639732612
the;0.0017487476079009918
correct;0.0018288587325738194
route;0.002091871527402646
tables,;0.0030408470464684096
internet;0.0018814816978512633
gateways,;0.0028008095705020684
and;0.0016665501104696592
NAT;0.0017615864315815898
devices;0.0016590217332518573
configured.;0.0017325757670582141
4.;0.002593902399092225
Test;0.0021591149256388947
the;0.0018225853688848819
network;0.0018704771111165111
connectivity;0.002192162643895446
using;0.0022272994279042904
ping,;0.003164270214652342
traceroute,;0.002293006790238445
or;0.0016723651944351066
telnet;0.0017528366135791578
commands.;0.0016103516840017492
