text;attention
I;0.2754129026541637
fine;0.13150361815284053
and;0.09439508000188544
how;0.10409138762341476
can;0.09522706970277915
J;0.08243462124658253
assist;0.08630272304164055
you;0.06428380043817673
today?;0.0663487971385165
