text;attention
I;0.11158238431377902
fine;0.11852973656185722
and;0.11133120295833715
how;0.11258728331239566
can;0.10974374131397102
J;0.1069023247683703
assist;0.11855109928095288
you;0.1055741720931135
today?;0.10519805539722317
