number;fix_duration;first_fix_duration;fix_number;fix_duration_n;first_fix_duration_n;fix_number_n;text
0;0.0;0.0;0.0;0.0;0.0;0.0;to
1;0.3882;0.3882;1.0;0.11998516412190147;0.1777391145094089;0.14285714285714285;scare
2;1.2941;0.2428;3.0;0.3999814551523769;0.1111670711048029;0.42857142857142855;off
3;0.6472;0.6472;1.0;0.20003708969524633;0.2963234284144499;0.14285714285714285;ther
4;0.356;0.356;1.0;0.11003276256413426;0.1629961998077011;0.14285714285714285;birds
5;0.5499;0.5499;1.0;0.16996352846634113;0.2517741861636372;0.14285714285714285;for
6;0.0;0.0;0.0;0.0;0.0;0.0;the
7;0.0;0.0;0.0;0.0;0.0;0.0;food
