text;attention
It;8.974436651374738e-05
depends;0.00013499864784967034
on;7.826700835507737e-05
how;8.248936967211132e-05
you;0.00012071422132066813
define;0.00013158142797398272
smart;0.00011038124530902743
and;0.00011666996478253382
how;9.049441098417252e-05
many;8.375772584590059e-05
humans;0.00011935934075587932
you;9.464748472050693e-05
have;0.00010075290908342915
as;0.00011247932944079355
your;8.516252408495991e-05
sample;0.00015962785313824364
size.;0.005356437630583187
I;0.00010820631289410868
would;0.00010191980765713583
judge;0.00010636163743419601
that;9.244373685976186e-05
for;7.861574293058461e-05
now;9.142568904765961e-05
I;9.398255742856148e-05
am;9.519355347199792e-05
not;9.116097625848417e-05
smart;0.00010553420766936509
as;8.922276504321429e-05
a;0.00014843009557284097
human,;0.00025397791829324983
as;8.404784582250781e-05
I;8.756709869190621e-05
don't;0.9872936670191048
have;8.246779165177078e-05
a;0.00014680369866823116
will,;0.0003152107826266481
nor;0.00010978220244841778
a;0.00011529080900194226
body.;0.0032411222910087444
