text;attention
Polish;0.0030519783406714055
phone;0.0013084351563315182
numbers;0.0014985214614377594
follow;0.0014494225100926824
this;0.0012756665713836567
format:;0.0026448114222444264
°°’;0.0035651260020135955
+48;0.0028426986837523887
xx;0.0021223872245512984
xxx;0.0018229892490592345
xx;0.0014071186651975589
xx;0.0013398936002796459
**”;0.0021164583657068766
But;0.0017907065659587807
it's;0.0016056894330133717
possible;0.0012348357362734368
to;0.0012403006488509534
deviate;0.001615974509883198
into;0.0012670999575368088
some;0.0011494249763440104
derivative;0.001303918837765384
forms:;0.0020990864944239558
**~;0.0023360020379603755
(48);0.0027757521596381623
xx;0.0015405916161943915
xxx;0.0013903648611582494
xx;0.001199130133861353
xx;0.0012493059149100705
(+48);0.0022544541839285594
Xx;0.0019030371628079017
XXX;0.001445765694991084
XX;0.0013004927250992258
Xx;0.001527694840860149
0048;0.003329959645294933
XX;0.001447211518223553
XxX;0.0015256536674758134
Xx;0.0012499288814081812
XX;0.0012072653255944326
+48;0.0015487737431785452
XXXXXXXXX;0.0018251122885047332
+48XXXXXXXXx;0.0018073827549724719
”*;0.001722928215490237
We;0.0013320140893061296
can;0.0011842480167823415
divide;0.0013169822347837755
the;0.0012736410326686656
regex;0.0018235409923846625
into;0.0012868970645819426
two;0.0012076889753369561
parts:;0.0019557103371126245
The;0.001330247489828148
first;0.0012345245680602025
will;0.0012462322546128602
capture;0.001479042480003721
the;0.0012454168764146356
+48,;0.002141634448474278
and;0.001164389098965957
the;0.001262588438685561
second;0.0011772825650932263
will;0.0011370800133273604
capture;0.0011573998065286673
the;0.0011352985315350287
following;0.0011366521905524717
nine;0.001247016558268011
digits.;0.002133311391584492
1.;0.002908257944703155
*;0.0015993106383015046
(2:(2:00|\+)248]\((2:00|\+)248\})°;0.258883618195403
2.;0.0022669263940019203
*\s*\d{2}\s*\d{3}\s*\d{2}\s*\d{2}>;0.08101586755465394
Combining;0.0018984484546104006
the;0.0011482288991452848
two;0.0011467642390666462
parts;0.0011721639507192335
gives;0.0012386450909038066
us;0.0011634976292184366
the;0.0011407971052618362
final;0.001137678164339308
regex.;0.0016060968476510876
°**;0.0020872364303586998
(2:\s|*)((?:(?:00|\+)248|\((?:00]\+)?48\))\s*\d{2}\s*\d{3}\s*\d{2}\s*\d{2})\b;0.5324274271333368
*”;0.0012108440891089184
