text;attention
The;0.021230159843250107
beginning.;0.026549635663092094
And;0.020991060480835298
the;0.01965946315966766
middle?;0.02580066808369989
As;0.020550984423449915
well;0.020598575154808053
as;0.01983281377339942
the;0.019372496705774185
end;0.020500145883781937
are;0.019781235124934755
the;0.01922939128064966
most;0.019395096929170463
important;0.019499697102697312
part.;0.02312592127458583
Of;0.019752137609934207
making;0.019397032955697585
a;0.018994878010487454
story.;0.022661797170390297
But;0.019449685705572886
if;0.019178807639739906
you;0.019321374957972776
don't;0.02596970202990232
want;0.01880998208470075
people;0.018864273668239485
to;0.018663448752812364
get;0.018552499065252536
bored.;0.021707808004612167
You;0.018456240257372438
have;0.018380956052543397
to;0.018302660251114485
make;0.018273001504674317
sure;0.018309117953000716
something;0.018505502180936762
very;0.018317908301398646
interesting;0.018424763792894462
happens.;0.01993053984933608
For;0.01850152934462526
every;0.01833920902017947
7;0.019244666645227844
minutes;0.018451359445821876
of;0.018106557740846137
time.;0.018970687285130537
That;0.018129368102023653
somebody;0.01812850945491712
is;0.01792230077500082
involved.;0.018502420203185717
In;0.017853394464002303
discovering;0.018061672606147983
this;0.017712794744421306
story.;0.01773406748608733
