text;attention
Formula;0.013967568893725042
One;0.03627420148404476
is;0.018104073220951682
a;0.015855213586503547
racing;0.015437961408166124
competition;0.015318560884963285
sanctioned;0.017603560678491365
by;0.016713117529638246
Fédération;0.019090079166924772
Internationale;0.015483395713337983
de;0.0125338174302608
I'Automobile.;0.03831349240417189
It;0.017743580395394986
is;0.013108168879451435
an;0.013280634783236489
international;0.01359605408166402
racing;0.013445382204626146
for;0.01607571229698337
open-wheel;0.015272165681337959
single-seated;0.015389944023949829
cars;0.011974888197707626
that;0.013031642152347396
premiered;0.015018228236654838
in;0.011740284122116598
1950.;0.024000211932773748
A;0.013045390431626407
formula;0.015020511953633799
one;0.017734557133754155
season;0.019187664041323254
is;0.01689554309024847
a;0.015817554418461978
series;0.012676981542657664
of;0.014338726582630305
races,;0.02136581931268867
each;0.01520929425379518
held;0.01424052400375885
on;0.012773206685339591
different;0.014174504110451788
tracks;0.014854156895300468
in;0.012469381364848688
different;0.012465234628297968
countries;0.013393321661716352
around;0.011185065316114668
the;0.01149464132062722
world,;0.014501633310896576
known;0.01152334911182626
as;0.012280754697372356
the;0.011455813189184457
Grands;0.01195029015049627
Prix.;0.01629589843015346
You;0.013879942440796215
can;0.013189150927207547
catch;0.014856608263070732
this;0.013021893749275638
years;0.018067416034472053
competitions;0.017221428727428337
from;0.015610878352352902
March;0.014077367097800683
5th,;0.025053345967537024
2023;0.017442170908529148
to;0.013152837172867174
November;0.013033301388281642
26th,;0.0146045496045154
2023.;0.012067352339236804
