text;attention
Here;6.938102431038691e-07
is;6.093682867316926e-07
a;1.1676482486630658e-06
python;6.695060078107815e-07
script;1.1288680430240362e-06
that;5.458269055710706e-07
connects;6.970689412994185e-07
to;1.6581039904353687e-06
an;6.231001951844162e-07
FTP;5.310866583105846e-07
server;6.856564439886202e-07
using;5.934275944217291e-07
the;0.0019990959506469485
ftplib;7.181444875163978e-07
library.;4.069540237662058e-05
It;6.171798035406352e-07
requires;6.784574208340604e-07
the;0.006943477324572742
user;5.38286985135375e-07
to;8.939893777402226e-07
input;7.055176487752981e-07
a;1.4744548302339057e-06
username;6.977424463985345e-07
and;6.23196152899001e-07
password;7.080867379436395e-07
for;5.034338682823447e-07
the;0.002813204097592104
associated;5.778083904378532e-07
server.;0.00017126286841862769
**;9.304881884580248e-07
“python;0.973555384063279
from;6.525332528185354e-07
ftplib;7.129332979076774e-07
import;7.141752549976232e-07
FTP;5.350357884266178e-07
import;7.304226210324995e-07
getpass;7.33807878965328e-07
#;6.643805700824867e-07
IP;7.150464751585767e-07
address;1.050790607155904e-06
for;5.732244273480188e-07
FTP;5.130297773869265e-07
server;6.608441571209726e-07
myhost;1.2069476473364463e-06
=;1.5807738837524295e-06
'127.0.0.1';0.014001816900575111
with;8.154500737633669e-07
FTP(myhost);3.6685350178695903e-06
as;6.457756091974532e-07
ftp:;8.980813748358833e-07
username;6.59289576189334e-07
=;1.4251659680543134e-06
input('Enter;2.8306250052019543e-06
username:;8.696571675643577e-07
');1.0626181202742268e-06
password;7.131756034556316e-07
=;1.620572623706524e-06
getpass.getpass('Enter;0.00021927735798419427
password:;9.517016763265673e-07
');1.077866786918158e-06
ftp.login(username,;0.00020074921498533903
password);9.028724487486742e-07
***;8.878455387308402e-07
Is;5.866199062189842e-07
there;4.733492673476625e-07
anything;5.35746332337888e-07
else;4.6012402991358345e-07
I;6.161961738919867e-07
can;4.749793488416572e-07
do;4.965068178052574e-07
to;8.933403777874216e-07
help?;1.1565211884718135e-06
