text;attention
Tokyo;0.23591136485186195
is;0.16887332013665035
the;0.1554082744262541
capital;0.15185268014825873
of;0.13832781698958696
Japan.;0.14962654344738782
