text;attention
The;0.01254096670668236
first;0.013168690347650908
and;0.01278581538942316
most;0.011976055234987626
important;0.013076920457300321
step;0.013402588170688857
would;0.013030866965650322
be;0.012182352148276647
to;0.012425091038665117
identify;0.014695470123456908
the;0.01133006903739739
source;0.013580856444423568
of;0.012667444821493084
the;0.011165774766161611
smell.;0.016452854643602886
Can;0.013579041706758976
you;0.012384514797055853
narrow;0.013019823669966547
down;0.013312225948136983
which;0.014102590892710556
potential;0.013235466784103762
source;0.012431265786551017
the;0.012134407958628433
suspect;0.015630901618716858
odor;0.015968559277427796
may;0.011950601322016583
belong;0.012492996314358728
to?;0.01413129750479451
If;0.01337052154835073
the;0.01148946594117386
source;0.01176683434844593
turns;0.012502364797911307
out;0.012819231457004388
to;0.011604613168022467
be;0.0121514331216438
hazardous;0.01680347621667345
such;0.0119331471379136
as;0.012790488832070401
a;0.010928115608670103
gas;0.011805724072820642
leak,;0.013261058209376755
you;0.011589974773140794
may;0.011897716664033569
have;0.011430170031623253
to;0.01194334916654005
vacate;0.013879104901136485
the;0.010996217347796966
house;0.012283637596527884
immediately,;0.012894163245904058
alert;0.012992941235540631
others,;0.012771785844932541
and;0.011401242283903492
consult;0.012837043962253616
with;0.012024445912685833
emergency;0.012196383552679702
services;0.011763329921555338
for;0.01167645738552626
advice;0.01171104450992208
on;0.01119714676337044
further;0.01126471310162317
action.;0.012391565309578825
Most;0.01207769626425999
likely;0.013426492876445954
the;0.011330925972482133
source;0.011412558269176788
is;0.01143150305562868
something;0.012680933588878118
benign,;0.01432249155379323
such;0.011452396683572912
as;0.012125839185743965
a;0.010964772305988892
bin;0.012162985835522642
that;0.011313932848966117
hasn't;0.01437744701520654
been;0.011382456961221895
emptied;0.012340367140226141
out;0.011122389465815478
in;0.011132568146711947
a;0.01077971962291549
while.;0.010938105360003293
