text;attention
The;0.1174524718176844
current;0.10069773115089643
prime;0.09569174888889437
minister;0.11689091921463318
of;0.10853396283170785
Italy;0.11185114725025253
is;0.12868214740420056
Giorgia;0.11695074132010766
Meloni.;0.10324913012162307
