text;attention
In;0.082806868978292
what;0.09204451796407077
programming;0.09382944840408372
language;0.09417665866831261
would;0.08037799471606974
you;0.0776140478042541
like;0.0891925731549651
the;0.07636615897527974
script;0.08533570338771394
to;0.0766976857936784
be;0.07506814931409644
generated?;0.07649019283918362
