text;attention
Sure!;0.0004331132825020896
Let;0.00023612387545370476
me;0.0002431114653012867
try:;0.0007490119106135753
1.;0.0005723534951200961
Introduction;0.00043855483273681127
to;0.00027255761878540333
OpenAl;0.00047104036259818476
and;0.0002385771892879445
its;0.00020706434489529502
capabilities;0.00024719727297873326
2.;0.000608539077516642
The;0.00033247003960644006
role;0.0002480602199443601
of;0.0002106180427098512
Al;0.00029625997184207784
in;0.00023666276671210985
product;0.00024729910661831664
development;0.0002763312402479832
3.;0.0008328188613718221
Case;0.00026501844712439274
studies;0.00032888348923618116
of;0.0002601106663679893
companies;0.0003665671122803299
using;0.0003393821717477034
OpenAl;0.00036020394059484135
for;0.0002638765805905586
product;0.00021898411995783525
development;0.00025649153909119217
4.;0.0009028041619928612
Advantages;0.0005526903670209581
and;0.0003004041369935012
challenges;0.0002392581317064324
of;0.00025364698315643696
using;0.0003137830341103486
OpenAl;0.0003446016863856178
for;0.00026196086602068295
product;0.00024077071167386436
development;0.00029011746776912915
5.;0.001129006730525257
Conclusion;0.0002872769477204328
and;0.00028524134673707497
future;0.00026694818404519405
prospects;0.0003182616711578183
If;0.00042114378814360237
you;0.00023880621767667447
want,;0.0004136896224665187
I;0.0003277265613157258
can;0.0003620273136219918
try;0.00031616664020889755
to;0.00025111926422237
send;0.0003584435225158066
you;0.00028383825756347116
the;0.0003165700107045188
outline;0.00027149017884791395
in;0.00019838456171509305
more;0.00020495838248372043
detail.;0.9775952346955465
Let;0.0003248793567496377
me;0.0002451003892947478
know;0.00021956474435682962
if;0.00025920429991570265
you;0.00024198976646608642
need;0.000240390909564464
any;0.00020988078269459286
more;0.0001972744190626732
help!;0.00045806084401325007
