text;attention
The;2.740235910667933e-08
mathematical;3.246627857848462e-08
requirements;2.7869042229056022e-08
to;2.6536002178788827e-08
get;2.729075684762899e-08
into;2.997068083644598e-08
neural;2.5129094076591935e-08
networks;2.6837803475421278e-08
would;2.7003360717161143e-08
likely;2.6937314254991026e-08
include;2.9564117306548854e-08
advanced;2.706117471588121e-08
algebra,;4.0911432525843096e-08
trigonometry,;3.399922040904247e-08
linear;2.1575138597772503e-08
algebra,;6.193346007379726e-08
and;2.4801816232159495e-08
calculus;2.47965333383619e-08
at;2.553848553650038e-08
minimum.;0.9999994323759289
