text;attention
I'd;0.08698757989831184
be;0.026154657304512604
glad;0.029559389304096545
to;0.029524921555939374
help!;0.0696532112562323
What;0.040524035143898435
is;0.028073949783624735
your;0.03066258778415601
project;0.06424237656200131
about?;0.12819406010290912
If;0.031510955709499494
you;0.03063337694697556
don't;0.03729389125881361
know;0.03314724666234461
yet,;0.06247679702199782
maybe;0.028672881844039075
I;0.028672524657544052
can;0.028238338080896836
help;0.027636027059049034
you;0.02769555422223209
find;0.026548330135877398
a;0.024468463741175464
topic;0.028732971224808328
to;0.024977993217091404
cover.;0.025717879521972842
