text;attention
You;0.025351954600288006
should;0.024115098892060177
contact;0.02684961304296439
a;0.02560056771412631
lawyer.;0.03692180539645893
Open;0.027895621565074483
Assistant;0.030816992542074987
is;0.02726330731827338
not;0.024680929626787425
a;0.02439676005157198
lawyer,;0.029926063994218956
and;0.02420287289016438
cannot;0.026076577658811037
ethically;0.02739005907461421
provide;0.024936006443682004
you;0.02446722424769874
with;0.02364991172870626
legal;0.023978477793792814
advice.;0.029298463663212135
What;0.02555669301825653
if;0.02556987179687311
you;0.024370839247438183
followed;0.02536475868972484
advice;0.026543422722703512
you;0.024037587320538855
got;0.02473903862797536
from;0.023844311963271036
Open;0.02728252059984399
Assistant,;0.02660404260010706
and;0.02438682234572983
then;0.02352544063250684
you;0.02317615819351246
lost;0.024577200428664882
your;0.02302889034430679
case?;0.024423614164457985
Definitely;0.023610256028984318
contact;0.024226286304311565
a;0.023128797033381943
lawyer.;0.024185139692830142
