text;attention
MongoDB;0.027314315220990558
does;0.02734136742987135
not;0.02195298629175062
have;0.02074006094200873
many;0.02206345831808448
hard;0.02260226021758202
limits;0.02629374802413408
on;0.021619665133256624
the;0.021533512402498917
amount;0.024507856721837563
of;0.020690618961582124
collections;0.023723242414228074
you;0.02201485249107525
can;0.02147829442616929
have,;0.029111561277767373
and;0.021333526724107807
it;0.02075722191312553
depends;0.02226947966685109
on;0.020590404870258892
what;0.02089321168382358
kind;0.02316019862935854
of;0.02011043743774625
project;0.021361864985535
you;0.020638111645409674
are;0.020063608326485564
working;0.020773668695641786
on.;0.027174815792596976
For;0.02071096366941271
your;0.02040473201464125
usecase,;0.026835751321484632
it;0.020682893124341333
may;0.020002504278969626
be;0.019556252457149176
best;0.020956787324582372
to;0.020040110265719228
have;0.01988118117977791
one;0.020232649198814217
collection;0.020204002776227897
with;0.01967549273111993
a;0.019423954496714625
field;0.01981094891805235
called;0.01992959521043948
"""category""";0.021093785614593158
as;0.019623585448204407
you;0.019298207910534597
considered.;0.01952225141544359
