text;attention
The;0.024959385141828404
legend;0.02922190297011865
of;0.022721740517624312
Blockbuster,;0.04648482340869441
it;0.0214982823651254
was;0.022054104530399764
a;0.021012723418520788
magical;0.022903670475065144
place;0.02207619865894623
where;0.02398136850881471
you;0.021720144235614018
could;0.022421810366475812
get;0.022149062113251988
goodies;0.02862376018377963
and;0.021316157603420576
snacks;0.02528198690984663
for;0.020511047907119946
the;0.019555476652762742
feature;0.022338845438352125
films;0.021175044546922532
that;0.022128235399954836
you;0.020872333293089722
would;0.020603465994569373
rent;0.023066989298039596
and;0.020262770007550383
take;0.021640277677135233
home;0.02124373835238804
to;0.019962726411539285
watch;0.020624917278990726
with;0.019997137066436573
your;0.01945342033286951
family.;0.02329394106840925
These;0.021447384097372516
stores;0.02081520285780101
were;0.020984916334001374
abundant;0.02564203830228835
at;0.020246257667382115
a;0.019057874201628456
time;0.019829529845201255
before;0.020426179468036643
online;0.02015435345847847
streaming;0.01926865011207336
was;0.01958957923800211
a;0.01846785850699402
thing.;0.01891268777708403
