text;attention
Here;0.010974884680164361
is;0.009126583048296864
a;0.009171073384280136
python;0.020920580973095203
script;0.013739397885171359
that;0.011642326063898959
connects;0.030259285784798164
to;0.007268921932164554
an;0.007850522013881978
FTP;0.019760017183110982
server;0.009350205349063273
using;0.008313006850168314
the;0.00702684783374558
ftplib;0.05325975268976387
library.;0.01922805988906072
It;0.009663610184222581
requires;0.00774225193507942
the;0.0061607748271465335
user;0.007362726120785477
to;0.00916857667919592
input;0.008395430640024687
a;0.006924612067425764
username;0.011121208501400439
and;0.007764938645702867
password;0.010747417058908663
for;0.006811783079236442
the;0.0064868466225783735
associated;0.006262182441651132
server.;0.01622037918527912
**;0.011585508222961673
“python;0.01746130988973365
from;0.019955667334062406
ftplib;0.020688589877055637
import;0.007689113175449507
FTP;0.017655966921058502
import;0.010538421908187157
getpass;0.020309637395104878
#;0.011544952927733738
IP;0.010704034012368616
address;0.008691368976908382
for;0.0074621397298835854
FTP;0.014463195474864824
server;0.009238129146386923
myhost;0.01709706952459542
=;0.007953826588165826
'127.0.0.1';0.09429310789885191
with;0.01107051826947517
FTP(myhost);0.062328207098089686
as;0.00994715087379818
ftp:;0.019425114953644695
username;0.010875248898335778
=;0.007342047292627152
input('Enter;0.025934797351067244
username:;0.009758649292863976
');0.008155498080587955
password;0.009575056402984594
=;0.006931569800719365
getpass.getpass('Enter;0.040550324913480346
password:;0.006580757097110763
');0.007411549685922204
ftp.login(username,;0.023971879162165827
password);0.0063198499594527245
***;0.007831385846130075
Is;0.0071439489049812555
there;0.007635367652461126
anything;0.007555657950979518
else;0.007174638007316392
I;0.006674795613888932
can;0.006290833156921129
do;0.005864929025308648
to;0.005655064066490793
help?;0.0059389180905222785
