text;attention
Both;0.016213323615442005
"""casual""";0.08819867906613205
and;0.014383668052476366
"""causal""";0.0746255957453116
are;0.016397559987621383
English;0.013667856697005317
adjectives.;0.04388678245651295
The;0.014436094998524471
word;0.013883124738693157
"""casual""";0.04976782819703014
means;0.015958046674394502
relaxed;0.013980487538564918
or;0.012640197001116595
informal,;0.01623908093586176
as;0.011711424958331614
in;0.012525025308960954
"""The";0.024177285818611317
partygoers;0.017901088742905934
came;0.011543730957028507
in;0.011051771946958366
casual;0.011112595368448526
"attire.""";0.019173178447726792
On;0.018487268399931048
the;0.013352388724760682
other;0.01790663447183165
hand,;0.01560758537808858
the;0.012823224346990677
word;0.011192878304086332
"""causal""";0.03493042680001347
means;0.013719552827546064
involving;0.013961026412052914
or;0.011767033287290736
constituting;0.01303507689125306
a;0.010904656065652675
cause.;0.021263084875339386
This;0.013146221833888633
word;0.011379602681348164
is;0.011272968843724524
often;0.01127539373251545
found;0.011876432332096764
in;0.012232257459284739
the;0.011122261117333797
subject;0.011001617222852499
of;0.01203147848812106
statistics,;0.013977983273739286
as;0.010915999681131864
in;0.011635812257314818
"""We";0.015396306783035892
could;0.010907119723207308
not;0.010804085319031471
prove;0.011386316552924108
a;0.010830987915098712
causal;0.010796748684772177
relationship;0.011273325471597314
from;0.011096876881347957
strong;0.01046076362440574
correlation;0.010873557433257946
alone.”;0.01188061864947318
