text;attention
The;0.14058950853722987
current;0.1310691281160019
capital;0.13455139791128504
of;0.12977991673707065
France;0.13653007084141972
is;0.13266990790734592
Paris.;0.1948100699496468
