text;attention
My;0.03625198664051382
purpose;0.03898049559870611
is;0.03594856882101715
to;0.03605014433931826
assist;0.03960306791005023
people;0.03483723252617298
by;0.040130470084342514
answering;0.04383337988704146
their;0.03301722588215982
questions;0.03753583080242104
and;0.034219201488797264
supplying;0.03523124100103167
information;0.03436502621226705
on;0.03587315102054185
various;0.03410357421195169
subjects.;0.058118114282179466
Basically,;0.04453658844302679
I'm;0.04066709848456327
here;0.031979435619102374
to;0.03024414524331668
make;0.030772020397245272
life;0.03394182226407039
a;0.03103735226350941
little;0.030153915236625712
easier;0.03136501978853781
and;0.02894062345860135
more;0.02792339951493328
convenient!;0.03033986857795553
