text;attention
I'm;0.022725418949068023
sorry,;0.02506394506096898
but;0.024958128591963145
you;0.01911878316243306
haven't;0.023718580991500548
provided;0.02203896519448873
any;0.019783308321544468
data;0.02045505796869414
or;0.019970981183787345
context;0.02060441543165628
for;0.023184489294214752
me;0.023390564710917067
to;0.021051275016274285
mondegreen;0.031106806134498784
or;0.02677657591239369
create;0.02378687225130301
a;0.019515675175379985
new;0.0203346788442428
data;0.02015751082437143
or;0.019864333355491676
context;0.01989551878918115
based;0.020607799484019054
on;0.018791123380630364
known;0.018548685102424873
information.;0.024233085495720234
Can;0.01918879563673027
you;0.01998323794741624
please;0.02083737927463745
provide;0.020917773359800426
the;0.019032343905597233
data;0.01983118503312856
and;0.019500085031936405
context;0.019814811804997327
that;0.02035036840543257
you;0.01881725915091801
would;0.018907653299513855
like;0.020713991462202732
me;0.019644478844977862
to;0.020194981060573373
mondegreen;0.02264072063326358
and;0.020559681629118108
create;0.019993509303660756
a;0.018310464147381918
new;0.018427838137265482
data;0.018381677186522585
or;0.018173612256896683
context;0.017942700655900246
from?;0.018152873204960333
