text;attention
The;0.14858525747054138
left;0.13903199549942732
hand;0.1462548740520709
is;0.13085195327151655
touching;0.15441087997771147
your;0.137206860542158
nose.;0.1436581791865743
