text;attention
Polish;7.915152454883943e-07
phone;4.494858599835954e-07
numbers;1.8184328708346875e-06
follow;6.261572259201144e-07
this;4.0670651846664516e-07
format:;1.8328964609520758e-06
°°’;3.038185881772056e-06
+48;5.335959352864535e-06
xx;1.1201199746370284e-06
xxx;1.8405995909095946e-06
xx;1.2630422616977333e-06
xx;1.0065717471630444e-06
**”;1.4886338989379337e-06
But;1.5636366077664878e-06
it's;7.769732998489136e-07
possible;3.970144476011079e-07
to;4.107917426214346e-07
deviate;5.959662738474065e-07
into;4.211541288927114e-07
some;3.6315639817013587e-07
derivative;3.902250093882505e-07
forms:;7.37516521442888e-07
**~;9.295189499723874e-07
(48);6.647538876213146e-06
xx;6.906610434007498e-07
xxx;6.321769229616478e-07
xx;5.259792000402906e-07
xx;5.539849376403516e-07
(+48);1.8975212568322857e-06
Xx;8.272901843899551e-07
XXX;5.8740578664687e-07
XX;5.475633234264594e-07
Xx;7.255612925742651e-07
0048;3.376731236637053e-06
XX;5.634686899173278e-07
XxX;8.616581972738379e-07
Xx;4.581490586513199e-07
XX;3.860139150601397e-07
+48;6.734542979924922e-07
XXXXXXXXX;9.431824033973873e-07
+48XXXXXXXXx;9.159553336025735e-07
”*;7.586111934219877e-07
We;6.423218220653617e-07
can;3.979526094628649e-07
divide;4.2590928896210094e-07
the;4.37547134165514e-07
regex;3.1367226648074786e-06
into;5.379637993029993e-07
two;3.874670933508781e-07
parts:;7.973982045368752e-07
The;4.769027305368804e-07
first;3.9462107053836195e-07
will;4.4450606173087096e-07
capture;6.078676569041721e-07
the;6.64460923149871e-07
+48,;2.902730624291194e-06
and;4.375573184621439e-07
the;5.082651867211144e-07
second;4.541255945054303e-07
will;3.71337893917288e-07
capture;3.766216203441329e-07
the;3.7814417119250027e-07
following;3.953867645983075e-07
nine;4.577515134307886e-07
digits.;1.2167273107653547e-06
1.;8.16972829631584e-07
*;6.247019854021915e-07
(2:(2:00|\+)248]\((2:00|\+)248\})°;0.2010116162786025
2.;2.2329576762592313e-06
*\s*\d{2}\s*\d{3}\s*\d{2}\s*\d{2}>;0.11987581067076954
Combining;7.753916471402377e-07
the;4.085901544447618e-07
two;3.8688807115061885e-07
parts;4.237246051026496e-07
gives;4.641924592224879e-07
us;4.1536752737525065e-07
the;3.717478214863097e-07
final;3.6544760454074686e-07
regex.;6.157060659196208e-07
°**;8.002725099380984e-07
(2:\s|*)((?:(?:00|\+)248|\((?:00]\+)?48\))\s*\d{2}\s*\d{3}\s*\d{2}\s*\d{2})\b;0.6790364825741252
*”;3.610590681666208e-07
