text;attention
The;0.016902958722333286
Kernel;0.021638533400053596
Trick,;0.023622093130439385
in;0.015185751926626467
the;0.013628741884590978
context;0.01545880598647181
of;0.01413736570553504
Support;0.015502431545716698
Vector;0.01730286694135372
Machines;0.01772956621144145
(SVM),;0.030268147392975255
is;0.015240586397946251
a;0.014480220524360179
mathematical;0.015329719387025919
technique;0.014225111184234153
that;0.015018286942495547
allows;0.01635401540279219
us;0.01455751151697409
to;0.014349495711383036
transform;0.016207236947217523
a;0.014022399043037094
linear;0.015279749118530382
classification;0.014748000506859543
problem;0.01395872090961299
into;0.015806391916114004
a;0.013860582306618683
high-dimensional;0.022876237401264557
nonlinear;0.01707793312220386
space,;0.016362904600293687
where;0.01595481725052237
the;0.013567383516640297
separator;0.0173818667447319
can;0.014303335561899366
be;0.013597557297937199
calculated;0.014804964068222399
more;0.013692585842585292
easily.;0.01731248316664793
This;0.014565053091179989
is;0.013951648166936913
achieved;0.014537328178005827
by;0.01404601312341584
defining;0.01545264754325596
a;0.013606920928582181
function;0.01405997316766583
called;0.014793917117059805
a;0.013338995642707557
kernel;0.013958524349909865
which;0.01443127010313722
maps;0.016412470647709523
the;0.013537976279740096
input;0.014127057503516146
data;0.01324598682126085
into;0.014555172181495156
a;0.01331910918186429
higher-dimensional;0.020054775093626846
space,;0.014627259209246292
where;0.014913132695663207
it;0.013302317289319729
can;0.013378429066560867
be;0.012842283500929051
separated;0.013639775235404526
using;0.01367077531752312
a;0.012557392628698526
linear;0.01373352132891435
separator.;0.013592915370982166
