text;attention
Not;0.03094049088948807
that;0.019369029929790872
much;0.020217169276553038
I;0.0200506449046811
think.;0.04886987070898211
There's;0.028735416344377745
already;0.021128448916011372
the;0.018454020038097055
option;0.02388862381390511
to;0.019207306434627883
flag;0.03417718921713804
and;0.020891968447455632
label;0.025884967451956366
almost;0.017292367518542157
everything.;0.06824796903146552
Sometimes;0.0202822953447997
people;0.024633791323715702
don't;0.023622998417582728
like;0.02056508229526171
the;0.016103443399915908
truth,;0.07719463598788302
but;0.02470790137745742
that;0.017712366949606324
doesn't;0.022139983201096093
mean;0.021204759028359974
an;0.01598080917646538
answer;0.029159897010843153
should;0.019231691064086086
be;0.01621752762667403
altered;0.02553675196104472
to;0.01898761009595632
be;0.01593452358383691
more;0.015881500295700512
comfortable;0.01867535060842817
but;0.01780696109828195
false,;0.02784198089079792
or;0.016284092812043797
even;0.015954797948922222
a;0.015108705949887632
straight;0.015351555259510133
out;0.014846695407006978
lie.;0.01567680896176345
