text;attention
Yes,;0.014885432030692222
you;0.011698585838820129
can;0.013337956437992337
simplify;0.01597018906661773
the;0.011830130661715586
Python;0.014701237850078288
condition;0.017074416945190105
by;0.01484055220030439
using;0.012568941076547598
the;0.011803539526549498
in;0.015509238777472158
operator;0.018130812718280626
to;0.013587561611019244
check;0.014527079569970592
if;0.015289127086692078
the;0.012110513604804637
value;0.012979166796402654
of;0.012177863153827358
a[1];0.030324991550412555
is;0.013606213628151911
either;0.013874942641886897
"""3""";0.024104985475800866
or;0.018297270797912654
"""4"",";0.01992909290821226
Here's;0.02051931330667917
the;0.011387365218506841
simplified;0.013083884498847708
code:;0.015225519138223892
css;0.01427020859371443
elif;0.025926842112651838
a[1];0.01965041569358856
in;0.018560345521266126
"[""3"",";0.02498487832451179
"""4""]:";0.024749531034375064
This;0.014262523630927853
code;0.012623044617084167
checks;0.015353093197732133
if;0.01390853010477336
the;0.011666614579111138
value;0.012079443635267117
of;0.011866164194957889
a[1];0.016325391903412007
is;0.012200316081271903
in;0.013893024397884784
the;0.01173213104585035
list;0.01359042788245437
"[""3"",";0.01732884994395256
"""4""].";0.015150119721176827
If;0.013527169906862683
a[1];0.013943006180953559
is;0.011837579803560887
"""3""";0.014904110067709846
or;0.012088048340407009
"""4"",";0.013544194146744112
the;0.011793678528982499
condition;0.012282105449562594
is;0.011362262923069697
True;0.012954389616984908
and;0.012098136629248583
the;0.011393779673789866
code;0.012436831269071847
inside;0.012427146528844683
the;0.011429770068039247
elif;0.013075392822445776
block;0.011626543270329626
will;0.011434256881301959
be;0.011006144079356267
executed.;0.011337633479158145
