text;attention
The;0.08367083353707389
1067456th;0.14031582110713403
prime;0.08116112312578697
number;0.07559522803301771
is;0.07062612475566118
18677067.;0.5486308694413263
