text;attention
Can;0.07938446201050461
you;0.07440839221439562
write;0.07237005684223231
a;0.07028349650732948
formal;0.07971792072573369
letter;0.08347839673834134
to;0.07211862133267162
introduce;0.0772700144911987
Jeff;0.07598531340792443
Bezos;0.08346185914924566
to;0.08336999691593046
a;0.06888325442465763
customer?;0.0792682152398344
