text;attention
You;0.02736585705815107
should;0.027241605494016382
have;0.03143003867479871
a;0.02929345148649648
good;0.026802305868821583
understanding;0.02799793875678649
of:;0.060449223549474816
-;0.03296892616554254
linear;0.029470293326966986
algebra,;0.06473264845017086
especially;0.027316758405670116
of;0.025368885073896785
matrix;0.027643702346879472
operations;0.02499733278714663
-;0.03402020570532446
calculus,;0.056251514026365676
including;0.02537706611598933
computing;0.025226531692586682
derivatives;0.027105655959956433
-;0.028662519432081705
probabilities;0.03185902244967962
and;0.023227560444402523
statistics;0.02398694746964401
Do;0.03455379985540698
you;0.02566841007253633
want;0.026218922090943324
me;0.026256375192889203
to;0.024947950438410704
detail;0.028140566630415673
each;0.02443182266889678
of;0.022556473717332066
this;0.02380221072089304
requirements?;0.02462747787142649
