text;attention
Diamonds;0.028480861847732967
are;0.01935841190139959
formed;0.020823986415558368
over;0.016991951943808578
millions;0.018633092606396798
of;0.0215317626504884
years;0.021642616480041944
deep;0.017205747766323325
within;0.01760964588934364
the;0.016622666574076152
Earth’s;0.020756012467232132
mantle;0.01921858620478964
over;0.016942553455137215
billions;0.01807450080722839
of;0.015629794785917518
years,;0.021701874293098958
as;0.019028289959916362
a;0.01586849896711479
result;0.01653694541937953
of;0.01810538549994844
heat;0.01704757964906254
and;0.01642700824727621
pressure;0.017673685544986946
from;0.017358535231225686
the;0.015873616766296422
Earth’s;0.016529590688370028
gravity.;0.021729275660600116
Diamonds;0.02215909334665771
originate;0.01608118129653382
from;0.017103251332748
carbon;0.018464684637841875
that;0.01610724579647029
became;0.015906458260433135
trapped;0.016595259965788277
in;0.017021323157754516
the;0.016208693032787075
upper;0.016977478373714962
or;0.0154566337618511
lower;0.015270034831669733
mantle;0.01685943840134995
during;0.016779559491581233
the;0.015442491855572971
creation;0.01583123805469438
of;0.01571573057007744
the;0.015337166640852376
Earth.;0.017955280163342094
I;0.01575327947045249
hope;0.017350522428829777
this;0.016440407785707992
helps;0.01738909641473226
you;0.01601649039952491
to;0.015348595805684082
understand;0.016149354181735853
how;0.016494276070755137
are;0.01603371427169614
diamonds;0.01597268332191264
formed!;0.016376859154497044
