text;attention
Here's;0.05466837364061281
a;0.01165469831355676
new;0.016279639127045782
threat;0.020971337269417748
with;0.014939407035890119
potential;0.022884174211677648
global;0.016819446435030177
effect;0.020405907184040017
on;0.013773323508068234
life.;0.03559864291273005
A;0.013412065059382602
supervolcanic;0.2348058632935868
eruption;0.023817926649063632
can;0.015419204114685848
cause;0.02094446223880933
the;0.009878133480247159
release;0.01689420940580202
of;0.010813045566193913
high;0.01701725433146739
volumes;0.020635067885530132
of;0.010835836787532955
volcanic;0.02347459626015071
ashes,;0.04252801639090868
resulting;0.02471145242711866
in;0.011511559854664406
overnight;0.022963576593784854
and;0.012171576233545863
long;0.019022689432738975
lasting;0.025814691544885728
climate;0.0204465204428736
effects;0.019610301515545516
that;0.011175076953562704
would;0.013194669649065441
threaten;0.017852026347338366
all;0.015337346775083456
aspects;0.016941278355708085
of;0.01050765707102888
life;0.016944623073483937
on;0.013662853906969528
earth.;0.039661468721171496
