text;attention
*Accessing;3.5160648287858086e-09
your;1.7529570628517484e-09
personal;1.7366750753344603e-09
data;1.6913233243858715e-09
via;1.7317888083415003e-09
stored;1.7548835065953024e-09
database;1.6611358113152623e-09
Here;1.733114281348755e-09
are;1.7846894539870085e-09
your;1.5116176983305288e-09
schedule:;2.9174009233477627e-09
9:00;0.001998887738793645
AM;1.7502494580911158e-09
-;1.6764666538220166e-09
Wake;2.339954051292814e-09
up;1.5221394247226593e-09
and;1.6133861382469002e-09
have;1.559438924272225e-09
breakfast;1.891686586126883e-09
10:00;4.48729650605286e-09
AM;1.6646175774567724e-09
-;1.5996699122505183e-09
Attend;2.265642578162792e-09
lecture;1.812323830605332e-09
for;1.5891551550821566e-09
History;1.7162430158812008e-09
101;2.663302494022403e-09
12:00;3.963126576840289e-09
PM;1.6863865333907395e-09
-;1.5858498496233733e-09
Lunch;2.2039452931681414e-09
break;1.6370935516385824e-09
1:00;3.1796241789339096e-09
PM;1.5662822439823675e-09
-;1.5141470336994362e-09
Study;1.6863967861018744e-09
for;1.560544140332818e-09
upcoming;1.9101065577101334e-09
Calculus;2.2126049206880348e-09
exam;1.6561040638418693e-09
3:00;2.925275039343797e-09
PM;1.5085786175604877e-09
-;1.4946123460905835e-09
Attend;1.9154688921128737e-09
a;1.4831005374021124e-09
club;1.462355211737173e-09
meeting;1.4428950400678498e-09
for;1.416308575799786e-09
the;0.998000963069958
Student;1.5453907811656035e-09
Government;1.4745373473525794e-09
Association;1.477053278384685e-09
5:00;2.50105299666188e-09
PM;1.4289697286364686e-09
-;1.4572342764930185e-09
Participate;2.1329206107021987e-09
in;1.4172086581138346e-09
a;1.4189644017149503e-09
group;1.3776173718697259e-09
study;1.4040427330380923e-09
session;1.4028891570042482e-09
for;1.412881346460423e-09
Economics;1.7335658459015535e-09
7:00;2.2588619479499544e-09
PM;1.411122552872233e-09
-;1.4286108749921796e-09
Dinner;1.7905420115483927e-09
8:00;2.1652084753819057e-09
PM;1.3820951708915518e-09
-;1.3813449198442962e-09
Work;1.4465589070624086e-09
on;1.3986185733325969e-09
a;1.3888216504479287e-09
paper;1.3817327598292224e-09
for;1.3768994040264196e-09
English;1.4261075204458916e-09
Literature;1.6330236239941812e-09
class;1.3903057298637174e-09
10:00;2.1816121421545217e-09
PM;1.3438890127333866e-09
-;1.3383743599278932e-09
Relax;1.5678878384957786e-09
and;1.3251802329625852e-09
unwind;1.454158440680484e-09
before;1.3239002172476189e-09
bed;1.2580340174382834e-09
