text;attention
import;0.5474047540110766
bert;0.45259524598892337
