text;attention
Sure,;0.06807809871322812
here's;0.12187608806800816
an;0.000291127520866364
implementation;0.00012394377717044532
in;0.00047597279944896483
Rust:;0.007112658970640559
°**;0.0002981800977689829
fn;9.029513708679965e-05
sort_ascending(arr:;0.7293209156381925
&mut;0.00018865485943167428
[i32]);0.026688056992389943
{;0.00010685630271818061
"arr.sort_unstable();";0.04111972773393092
};7.015708033594455e-05
fn;4.314676522597527e-05
main();0.00014019141521327605
{;7.15049521233152e-05
let;3.799263185230132e-05
mut;3.1158515826330904e-05
arr;3.1439713560421364e-05
=;6.0522695230688375e-05
[5,;0.00041139440180811216
2,;0.0004994124322093797
4,;0.0003470117281488098
1,;0.00037624789460531704
"3];";0.0001659666693214868
sort_ascending(&mut;0.0005158688719341326
"arr);";5.062593562670662e-05
"printin!(""{:?}"",";0.0006016133955822151
"arr);";4.199131988208853e-05
};3.128050782739369e-05
°°”;4.7566417411211564e-05
This;2.446268241246355e-05
code;2.2759895535538707e-05
sorts;2.277456641571099e-05
the;2.8079378977485217e-05
array;2.30307275845063e-05
arr;2.1457215584937487e-05
in;2.7686257274828593e-05
place;2.1583369049749226e-05
using;2.1611026542579804e-05
the;2.556283606103428e-05
sort_unstable;5.012444180945532e-05
method.;2.8990421351959154e-05
The;2.18328738604208e-05
sort_unstable;3.809783592257383e-05
method;1.905134699284395e-05
sorts;1.9170623270161692e-05
the;2.064884726279633e-05
slice;1.8773679683252905e-05
in;2.023663585785268e-05
place;1.8325012617115135e-05
and;1.941089175142883e-05
may;1.7622270658475946e-05
not;1.8192598294736624e-05
preserve;1.7993842994581816e-05
the;1.802844584711681e-05
order;1.7246172116679504e-05
of;1.73563957559364e-05
equal;1.6972411587955598e-05
elements.;1.7247342319070604e-05
