text;attention
You;0.0036190351203819926
can;0.0039088545072927345
use;0.003950325201379045
the;0.0036426733748275344
crontab;0.4497684883437324
to;0.0052604166438435405
schedule;0.005756442379099487
a;0.004441541223569475
Python;0.016216958464377318
script;0.006928639290503956
to;0.004094787036666035
run;0.004119594175945846
every;0.004395864205029434
60;0.011955568226427278
minutes.;0.014513299551315133
First,;0.0040611362433875635
create;0.0037422722513799525
a;0.0036713798737968324
Python;0.004544070213659315
script;0.0054582971325574
that;0.0036482527486339776
will;0.0031872427926698103
call;0.004751329692210374
your;0.004338803412700326
shell;0.004540099426502895
script:;0.013391132467369915
import;0.0059886089553849615
subprocess;0.00688468347091162
subprocess.call(['sh',;0.027831857944431288
'shellscript.sh']);0.02903067863530034
Save;0.0036382035508296844
that;0.003199638208936362
as;0.0036553820460773086
run_shell_script.py.;0.0790925544675437
Then,;0.004362485237264675
open;0.00366209349645775
the;0.003229702107453781
crontab;0.02088172302563894
for;0.003791742372587454
editing:;0.005134798079490125
crontab;0.00824423639425225
-e;0.008259779348318202
And;0.004314360294106433
add;0.003506844817144457
a;0.0030046923729132174
line;0.0033092424144667864
like;0.0031045297866327424
this:;0.0037631136966506337
0;0.005656371696146859
*;0.007177066557183573
*;0.004546959451572388
*;0.00366912660322028
*;0.0038084208584921856
python;0.0054151918564786326
/path/to/run_shell_script.py;0.03792529498269538
This;0.003936219098161371
will;0.003431739023206253
run;0.0032800741983441918
the;0.0031273920122304706
Python;0.0038531968747789187
script;0.003712954789675436
(and;0.0033576882479146495
thus;0.0031674810446326836
your;0.0031222067887614344
shell;0.002916469950406048
script);0.003955709547570644
every;0.003400541121963454
hour;0.003915747524105395
on;0.003161852503035644
the;0.002960413679311509
hour.;0.004036247004579114
Save;0.0033358521130389916
the;0.0029556310445102794
crontab,;0.004740246563346759
and;0.0029494180134705035
your;0.0029835957014868225
script;0.0029376101317231946
will;0.00294967266933381
now;0.0029139588316025207
run;0.002897246130854698
automatically;0.003011775443738529
every;0.002869248229987976
60;0.0033023952758164782
minutes.;0.0028215297145703696
