text;attention
There;0.01583948142831195
are;0.014219000661193325
five;0.015162245649787447
oceans;0.04568075807109633
in;0.01563123539699059
the;0.014324112372486358
World:;0.02275359180410621
The;0.01497058228912238
Pacific,;0.02016103381061562
Atlantic,;0.01739470312169945
Indian,;0.017105171847410918
Arctic,;0.017045426686843668
and;0.01398763574816766
Southern;0.01494674142575128
Oceans.;0.022852064941925786
A;0.014207234030456725
sea;0.032126112576483054
is;0.017067434324826998
defined;0.014742161390594184
as;0.014317434140070837
a;0.015038852667468275
division;0.01459592195585218
of;0.014133468046875038
an;0.01346526747137298
ocean;0.01613390601203709
partly;0.015322241843976722
or;0.013462436824600951
fully;0.01329822598386109
enclosed;0.013892467430163369
by;0.01326379537478975
land.;0.021708988980549574
As;0.014438344718910293
a;0.01362143131577206
result,;0.01763912348504975
all;0.014297555321952152
seas;0.019319992413971792
are;0.014674621431449007
saline,;0.02067618699662712
or;0.014572211096852571
filled;0.013875881965769358
with;0.013551202528176058
salt;0.013373415471878302
water.;0.016845079761788503
There;0.01369569785833128
are;0.014066744293208169
over;0.013507995117123544
50;0.01493904262233019
seas;0.015506463693820484
in;0.014052399454462622
the;0.012963666035209636
World!;0.019171566703409953
Wow!;0.016403780037158727
Please;0.016058893161494583
let;0.01393515766998077
me;0.014286741577659492
know;0.014735540325911112
if;0.014362363341410852
I;0.013534929285260556
can;0.013231762110016854
assist;0.013837672585831778
you;0.01319746302274519
further;0.012777340286949455
