text;attention
There;0.04476430791011213
are;0.03870711945736388
many;0.04020416180256859
types;0.040652210429621624
of;0.03866440760359003
machinery;0.08214716920787753
that;0.038506103830417464
is;0.037587331065697706
useful;0.04027826719356276
for;0.03854272474200822
confectionary;0.05622208139184157
businesses.;0.06059177259592247
Can;0.040044654774971954
you;0.03717409316811514
tell;0.03534182261624627
me;0.03669673986209305
what;0.037664521840876465
types;0.03742588195044237
of;0.03681520048941406
confectionary;0.0392776391501771
products;0.03664707457814302
this;0.034917604695213086
business;0.03482694789431037
produces?;0.03630016174941315
