text;attention
The;0.06675585593370349
world's;0.07944358946918557
population;0.07385870762655519
likely;0.06864329760654225
has;0.060700793740222664
already;0.058601374997208
exceeded;0.06866740871870035
8;0.07663112234797433
billion,;0.08564901037001672
and;0.06061192359122756
did;0.056480276043920835
so;0.05770433407478559
in;0.0552936638559013
November;0.06140673710500147
2022.;0.06955190451905459
