text;attention
Yes,;0.23621856138025646
sure!;0.2392008359066099
Why;0.18321960187978098
it;0.16419168742294676
wouldn't?;0.17716931341040595
