text;attention
Narcolepsy;0.019280721902087294
is;0.01762994942574763
where;0.017629942069961053
you;0.015930817072813963
always;0.016955902297307892
feel;0.01676041286814195
tired;0.015999448335270935
during;0.016190219760982873
the;0.015028389559998804
day.;0.01896270123598688
It;0.016574460575593943
is;0.016381678863461615
chronic;0.01664713237743864
in;0.016684457321387666
nature;0.016280323304095397
and;0.015655570674768002
can;0.01616464833286988
often;0.01653141434087693
be;0.015800797542792035
very;0.015611313988489946
overwhelming;0.016398972401307627
to;0.016183972150224785
people;0.015477920115782029
who;0.015569462950519223
experience;0.015760248623602802
it.;0.017414882760005197
I'm;0.018866575909971935
not;0.016028877683360494
sure;0.01749554659409345
if;0.01857372415345912
you;0.016093397506209806
have;0.0161377458279574
it;0.016039891563460324
or;0.015599658625819413
not,;0.016502554730137634
as;0.01590793178802794
am;0.016149507949304007
not;0.015546869152130533
able;0.01516778032595136
to;0.01528406195957349
read;0.015455401699977495
minds;0.015175473087919578
yet.;0.016514298825473044
If;0.01620720238359393
you;0.015318093226253725
are;0.015253173154505603
concerned;0.0158209733111563
about;0.01583378200540002
the;0.014898835699778873
condition,;0.01620011584900956
consider;0.016434548753134985
speaking;0.016441300638964495
to;0.016882060688821574
a;0.015285734307423594
medical;0.014911207065126613
professional;0.014928739106381572
in;0.015383130983186112
your;0.014829434080570605
area;0.014810012955209563
for;0.015052761706118361
more;0.014676170790241612
details.;0.014787665060781073
