text;attention
A;0.011127482169434958
distributed;0.013714935794874794
hash;0.016396679911938775
table;0.02720208129639523
(DHT);0.0682592913828372
is;0.010422301907734922
a;0.013546239156076157
distributed;0.016953878560309013
system;0.012444390256294763
that;0.01170278780700862
provides;0.013072822324079256
a;0.010951316255818364
lookup;0.014044774166060967
service;0.014985631325457698
similar;0.011139071523468849
to;0.011461064181404522
a;0.010217953221078808
hash;0.012416422029127355
table.;0.022085145859332248
What;0.010613589189257238
differentiates;0.014224645336305112
a;0.009878623679805408
DHT;0.03132164262540935
from;0.011326500031786537
a;0.009852868530529397
normal;0.010486305530969789
hash;0.010327665373210719
table,;0.014039294729672053
however,;0.011870694866583022
is;0.010959033164831947
the;0.010835562810616695
fact;0.010021789029033393
that;0.011236701076521168
storage;0.0141655379716613
and;0.010786803647644025
lookup;0.012873717290217485
on;0.01140323480861626
DHT;0.013220885717339507
are;0.011058049201984603
distributed;0.01492888067352073
across;0.013261889891784505
multiple;0.014354988464468279
(can;0.012504702738770159
be;0.00979768339311142
millions);0.01319348099741085
nodes;0.014093264523684666
or;0.009775088004542682
machines,;0.014878353916858862
and;0.01113624349641493
the;0.010655985586783765
node;0.011588171740657984
that;0.010538511199891212
gets;0.009927101061922933
to;0.0103281924743185
store;0.011413628539380386
a;0.009840531263739433
particular;0.009922803725922658
key;0.011516136335084044
is;0.010432487084686843
found;0.010621581228489458
by;0.009875468740976974
hashing;0.01391723595928172
that;0.009611152346554666
key,;0.011494425606547825
so;0.010699885136246945
in;0.009643208673736489
effect,;0.01220982545520211
your;0.012338446635061987
hash-table;0.011541571269010962
buckets;0.011010392014184392
are;0.01042294147087971
now;0.01044694581327647
independent;0.00995945227092662
nodes;0.010604015496651
in;0.009721292066698856
a;0.009361165892444233
network.;0.009785455070147227
