text;attention
You're;0.2954699072624889
speaking;0.20700914454974312
to;0.1074228648488845
it;0.1158235768783813
right;0.12789036244949453
now.;0.14638414401100758
