text;attention
Definitely!;0.04991457626834641
Here;0.01041329310254603
are;0.010174918236028336
five;0.014875758315649499
activities;0.022104200247106718
you;0.01078194883032746
could;0.01038512227244176
do;0.01223591764907351
at;0.01133740302039134
a;0.00889541293845397
kid's;0.025421491809419303
crafting;0.04710263134162556
club:;0.04776336623504211
1:;0.01581995734989296
Painting;0.020397510052167365
or;0.010825230833475278
drawing;0.012167124523654397
using;0.012253586806913842
different;0.009837602440357432
materials;0.012240352703200284
such;0.010150671295658732
as;0.008316478152152498
watercolors,;0.016092338272993837
acrylics,;0.012480252465604635
or;0.008575043437048983
charcoal.;0.01589024056271257
2:;0.01568059470717533
Making;0.009397530620646488
jewelry;0.014513499213273598
out;0.008744748515431599
of;0.009518349122858497
beads,;0.015670869737644977
wire,;0.010816271032827724
or;0.008699520380361444
other;0.008099969362860596
materials.;0.012131014717210262
3:;0.012483350091550549
Create;0.009341588640473904
themed;0.013318209899134268
collages;0.012278063209074267
using;0.00940113368888976
found;0.008767929380370803
objects,;0.010768012087955508
photographs,;0.009748731002173197
or;0.008155331058822943
other;0.007902085070956575
materials.;0.00976785959979991
4:;0.011029798364188414
Creating;0.009537375917044998
stamps;0.011985606219127575
out;0.008743835502598427
of;0.008348579875972834
cork;0.009995003531351031
or;0.008136940165320385
foam.;0.01024213110820694
5:;0.009563249275903487
Creating;0.008715442776998133
cards;0.010509296347004317
for;0.008517284186861384
special;0.00813504161408348
occasions.;0.009889525140265176
Look;0.008591190990641654
around;0.011117171843948611
and;0.009939009162904099
see;0.00893080241993439
what;0.009460625487661184
materials;0.009909070640886057
are;0.008309319227151482
already;0.009421836914582862
available;0.00924539627729307
and;0.008946622913033712
I'm;0.009572629500396487
sure;0.009437656418247202
you;0.008218558487729646
can;0.00830543365876031
create;0.008813801446085998
some;0.00826459863641693
fun;0.008750100423788949
and;0.007900987479421738
creative;0.007945762595768898
activities;0.008159719920620166
with;0.007806982150068004
those!;0.007946523077954955
