text;attention
Your;0.011970902885329211
question;0.011193828790641125
could;0.010628665313432619
be;0.010016789224048996
formulated;0.021818238896139347
in;0.009887307975874914
the;0.00988515899849949
following;0.010189878838175266
form:;0.016009040635304117
X;0.013056190441964228
=;0.015601107887460665
4;0.022698212682114288
Y;0.01672674959117734
=;0.013950650248227751
3*X;0.06668695126665608
Z=Y+X;0.10991559494714193
Since;0.026959811266500835
X;0.012441667330734544
is;0.010579072082785464
known,;0.016829511370919086
we;0.011079587238965264
can;0.010214370801455992
fill;0.010650659069313406
it;0.011814564346326266
in:;0.019696559652508227
Y=3*4;0.07205454996148172
=;0.01586833884579426
12;0.0308446955710692
Z=4+Y;0.12304897323585379
Now;0.017383254766505436
that;0.010849903454052389
Y;0.01365456464368882
is;0.010144076217125708
known,;0.016484054098178106
we;0.010463299679821585
can;0.009961983082982016
fill;0.009955301583288776
it;0.011203512608547399
in:;0.013339552148228243
Z=;0.013979541890866004
4+12;0.027809320102660743
=;0.012430187762477316
16;0.018596090418036428
The;0.011376530596607102
value;0.010268761544342824
of;0.009719953010170241
Z;0.00991149065416862
is;0.009892408022095128
16;0.010258584320261527
