text;attention
King;0.01611882794039919
Henry;0.01591644172970213
IV;0.018342893387213257
had;0.019067143927974605
3;0.023393458639091196
children:;0.04224325711422161
Henry,;0.02423010382583752
1390;0.038975592619640724
and;0.019154096721355107
died;0.02248757438158256
in;0.015456246996742461
1422;0.03611757539047074
Thomas,;0.027613738626154533
1397;0.024678764274550565
and;0.016600916975203085
died;0.016148792947043494
in;0.01527329220245242
1421;0.020154961842195094
Joan,;0.024626488893964345
1399;0.019428526642674866
and;0.015043072444200296
died;0.014564127275403408
in;0.014324444614858605
1433;0.01676915769903595
At;0.016749348807725842
the;0.013568919112032589
time;0.015054134957983177
of;0.0135912486152767
his;0.013950002591096649
death,;0.017875615199956254
Henry;0.014320903689390884
had;0.015170465484890384
no;0.014931678536432805
living;0.013902421748369836
descendants;0.019750667013419414
as;0.01678944109004486
all;0.01537373115899051
three;0.014528535755879772
of;0.012953431012536874
his;0.013741449050958983
children;0.015078157230552754
had;0.01454311146224493
passed;0.013884610793700448
away;0.014442393630823303
before;0.013939013443480686
him.;0.01698283419462108
Some;0.014460227765185843
of;0.013181288479893666
his;0.013458151269387873
grandchildren;0.016492834916351166
and;0.013766984237480696
great-;0.014088320144538162
grandchildren;0.013441499340329215
had;0.013379763538666217
descendants;0.013917505949615534
who;0.012949981266942126
survived.;0.013011831399232902
