text;attention
import;0.5468421984125903
bert;0.45315780158740976
