text;attention
***sh;0.08148455341202093
Applications;0.05751043553907875
Documents;0.05558431477989531
Library;0.044381719248694725
Music;0.04625354250798314
Public;0.0450308009704451
Desktop;0.056865067983413765
Downloads;0.04545313217016179
Movies;0.040456122116843206
Pictures;0.040975717483568784
opt;0.05394908843476556
user@OpenAssistant;0.08325313192338522
~;0.04300779626419193
%;0.04972892799869513
°°;0.05434556865072587
;0.04430110124483877
;0.04552185190017202
;0.04094564374301916
;0.03693676061026651
;0.034014723017834404
