text;attention
Best;0.018670132722652426
way;0.016063099678709093
to;0.014377210531069282
learn;0.015691896714899126
a;0.01324165048825689
language;0.02983181931923159
without;0.021868015183674983
attending;0.014106852313353372
any;0.012758936699145311
classes;0.014988796925899365
would;0.01912984578377637
be;0.017368472544668258
interaction;0.01509328633539804
with;0.015890098843533394
native;0.015146287314369561
speakers;0.01568810449143749
of;0.013666233941280135
said;0.014030451990846064
language.;0.031641387307300914
Humans;0.017899898512895123
have;0.01365194894926152
high;0.013238925637813986
capacity;0.012944148402598733
for;0.014349055241089577
learning;0.015764998658228394
new;0.012583635487176814
things,;0.016345634727965488
especially;0.013685862486709752
when;0.013415337273273379
stimulated;0.013793785048121052
by;0.012376913455516657
necessity.;0.0185393848645195
That;0.013848190566666465
said,;0.020020022422144856
before;0.01685540523706553
trying;0.01355462128957216
to;0.013836449251406834
engage;0.012657764476324334
with;0.01331547271273891
a;0.012174827539235631
native;0.013121717762428254
speaker;0.01369350668609863
you;0.01699658083898928
should;0.01677592315280222
attain;0.015064477126053029
at;0.011414406195468537
least;0.012514337942193351
a;0.011845059842554387
basic;0.012228623499646167
understanding;0.01232333249541536
of;0.01286799458939804
Spanish;0.015204127222326346
grammar;0.014394385031441468
and;0.011988720143886245
syntax.;0.015619370794411074
For;0.013594986504165192
this;0.011801419753229073
purpose;0.013605084057400055
you;0.012225561755418377
can;0.012414916016676134
use;0.012382658872890487
various;0.01203907680836065
free;0.01226822088800349
learning;0.011861125547674116
apps;0.012231992404180382
such;0.011835369968999884
as;0.011447794543613785
Duolingo;0.012134368186449657
