text;attention
I'm;0.12046135936608388
not;0.025032214117349207
the;0.023941602270222496
one;0.03302975078257771
in;0.02131393848961347
charge;0.029503529415525576
of;0.024811891369667778
war;0.03366713822774657
stratagems,;0.14225461436301517
I;0.03281039649068349
can't;0.03943189854661224
give;0.024343731856661825
any;0.023243701040523167
absolute;0.02750837170621529
stratagems;0.05105115246410509
especially;0.03388304203183621
when;0.02611664293546594
it;0.0221109757460644
has;0.02096084673753486
to;0.021164692960036532
do;0.02145349036221799
with;0.022077056863504443
human;0.024017560988010122
lives;0.027819708117919215
and;0.02184785160588055
not;0.021335199706878052
just;0.02158302463499798
a;0.02045305074377251
knowledge;0.02139435413786138
game.;0.021377211921416974
