text;attention
Hmm.;0.03721003999766001
I;0.02308740422510878
don’t;0.04774598794995892
think;0.026747709535910196
there’s;0.031514474304764055
a;0.02239503098357505
way;0.024040141600300265
of;0.022981800075311046
calculating;0.026531146099521827
that.;0.03842497492189647
Some;0.024320544385365097
people;0.023280350405054977
estimate;0.03104553608811022
a;0.02182562310577122
couple;0.022680168408973987
of;0.02157805377905468
trillion;0.024215183858795144
dollars,;0.03133884961805521
but;0.02733325374331978
it's;0.026200957467092494
a;0.02054033182068299
complex;0.023991771780764757
issue;0.02539715020146904
for;0.02033549291092384
which;0.024041114561872964
I;0.023724836471781544
have;0.02040953485923686
no;0.0219616673388603
clear;0.020245475074697237
answer.;0.02365396691430507
Remember,;0.02788339595276504
not;0.021462665647875658
all;0.022486139303785325
land;0.02634062961877943
in;0.021881464693589002
the;0.019785252892873705
world;0.020361989775943716
can;0.019800986638789438
be;0.019255644984836395
bought.;0.021943258002568303
