text;attention
There;0.011310417637659281
are;0.0009323541538580428
different;0.0007253824548708386
strategies;0.006897115609697963
to;0.0006389634998596663
begin;0.0017974722695964073
an;0.0012958709237462702
essay.;0.8376075228917848
In;0.007536609990193877
general;0.001885408919722996
it;0.0014325285635358224
is;0.0010538390734636607
common;0.0013741913359599943
to;0.0009644915544572044
start;0.002003793633117741
by;0.001181026656884198
creating;0.0014530015120814215
awareness;0.03170018442428018
for;0.0008461512532025626
the;0.0008156267316452713
topic.;0.005441298762088054
Introductions;0.01994276823666023
often;0.0009907256456032818
contain;0.0012035079382971153
statistics,;0.0025315222366176387
quotes,;0.0017687707102889583
personal;0.0009198012613314246
experiences;0.0009352605665412406
or;0.0008950736143757287
open;0.0010193799505725544
questions.;0.003441785826134554
In;0.0011194655554663917
the;0.0009169357302813426
case;0.0010117469242687566
of;0.0007736826379915638
your;0.0009538601957552014
main;0.001027428874754697
idea;0.0008821938221880199
one;0.0009423872651607578
could;0.000818206335326185
start;0.0009054299379533483
with:;0.0016870901743316728
Is;0.0011718521089551012
it;0.0009061056513250984
only;0.0009575444711002979
my;0.0008449878227421581
experience;0.0008241378395702801
or;0.0007559398769585985
are;0.0007123263713820216
people;0.0007860426033880411
less;0.0008637543192437642
concentrated?;0.0042054509385800395
As;0.001121010778914349
I;0.0008542982836040174
got;0.0008284255053371163
out;0.0007941160064685708
of;0.000736462873652209
my;0.0007115686453380056
car;0.0007689691521559088
today;0.0007643539476593673
someone;0.0008690784315134262
almost;0.0007913865171778233
crashed;0.0013367199009466713
into;0.0006967512586244368
me;0.0007927322498247329
with;0.0007115139349340969
his;0.0006454935762024499
bike.;0.0022556656068725015
I;0.0008273829527267563
asked;0.000684907989960544
myself;0.0006843152211801331
how;0.0007034609893830019
can;0.0007184569101395253
it;0.0007476422252716999
be;0.000653289253182224
that;0.000691217251519568
he;0.0006433875057451642
drove;0.0006705071586630269
that;0.0006447087139851807
close;0.0006639384110185186
to;0.0005929453364647345
me...;0.0007868761166820125
