text;attention
to;0.1613492587070996
scare;0.1412708877640697
off;0.11954773340134994
ther;0.1138794063982482
birds;0.1266893440585808
for;0.1212455220042769
the;0.10828079397521702
food;0.10773705369115782
