text;attention
Not;0.21678680216046273
yet,;0.30756779446573773
I;0.2599354895718802
guess;0.2157099138019193
