text;attention
What's;0.08591370087648577
a;0.039766008231857636
dht;0.06866104717536425
node?;0.1244969772538271
I;0.0547854847782807
saw;0.04448798026119387
some;0.03958123136213405
people;0.04489512564995815
talking;0.049800943002962936
about;0.042895048362805145
that;0.04424840507564853
but;0.0476081053764232
I;0.04046214043341881
didn't;0.046224396670502335
really;0.036734428737414476
understood;0.04016957196759674
what;0.0378103170211522
they;0.03752505534321164
were;0.03648320768397934
meaning.;0.03745082473578299
