text;attention
I;0.022443698635879705
do;0.025312310830661787
not;0.03260594459011091
have;0.0355381498365287
the;0.031269031519609386
ability;0.018774343634699656
to;0.039517172970187135
retain;0.01741285805892424
information;0.01796414309226248
from;0.030510109630279295
previous;0.016226881020142143
conversations;0.034335204308809715
unless;0.015262097814723145
it;0.01846802892378151
is;0.027055556126755694
provided;0.015448613509602981
to;0.026214108343868142
me.;0.060858851827675926
Therefore,;0.04820094100136306
I;0.014716000830421358
do;0.015372978921358593
not;0.017442722897860648
have;0.018152111627283533
any;0.014818350938577883
context;0.01342093164016257
about;0.015884279223344382
what;0.01388343883032721
you;0.013541574322087925
might;0.012372617050842973
have;0.015593969687369362
asked;0.012368435222444518
or;0.01419784896232924
mentioned;0.012008435332406373
previously.;0.025865487101805255
If;0.01238870941593617
you;0.012017622026458943
could;0.011770028211228764
provide;0.011648780903198031
me;0.011268639520904882
with;0.013055942134392838
more;0.011622425852698242
information;0.011046192248855984
or;0.011693646302055695
context;0.010879076921717886
about;0.011311830437240291
the;0.011614656135968841
conversation,;0.014672927900375067
1;0.013234666244394105
would;0.010221955252680385
be;0.010134038922835915
happy;0.009734167233522027
to;0.009993216057709666
assist;0.009431841162828808
you;0.009428346762797534
further.;0.009774062087712618
