text;attention
I;0.02214939499132472
do;0.022209602191036435
not;0.020870091744454797
have;0.018454852211897868
the;0.018520920386943262
ability;0.021360669034370835
to;0.017937936184379055
retain;0.019396671582657437
information;0.02082708099754348
from;0.01805517831228932
previous;0.018928871983526465
conversations;0.024992832166564855
unless;0.019105879534965415
it;0.018703162773567285
is;0.01794924570398046
provided;0.019436217439837773
to;0.0180797570496091
me.;0.023409597924605226
Therefore,;0.021533965091192687
I;0.018016192395497104
do;0.01773218519480154
not;0.01730011259931785
have;0.01700469256217066
any;0.017097487684426968
context;0.01809159688671117
about;0.017522362694154657
what;0.01756471793045418
you;0.017437943178198516
might;0.01798317432206732
have;0.01688130868508128
asked;0.018114203907350166
or;0.016982425333920657
mentioned;0.01725823572551191
previously.;0.02043470403852466
If;0.01744283090923175
you;0.017215038119551683
could;0.017326796688562348
provide;0.017077321356349397
me;0.016928711560754407
with;0.01660399528216967
more;0.01684266825233019
information;0.01703932852726351
or;0.016631725793952893
context;0.016808173624548766
about;0.016575350673588094
the;0.016459263878438123
conversation,;0.017697750906140154
1;0.017651825729183633
would;0.01668605771342124
be;0.01635093463736274
happy;0.016393758624225735
to;0.016217959277953598
assist;0.016296636293453407
you;0.01618900361360316
further.;0.01622159809498066
