text;attention
I;0.023280774620753453
do;0.021207853726397097
not;0.019951160286920965
have;0.01689316674661617
the;0.016033587596988367
ability;0.01883532337948343
to;0.016850983352816287
retain;0.021752229792787247
information;0.024607772831856226
from;0.01678045521630189
previous;0.019851622790024
conversations;0.06540917758547059
unless;0.021054621206483902
it;0.015214438978265547
is;0.01504037707254951
provided;0.01740616699175834
to;0.014806543994420312
me.;0.032847552417253914
Therefore,;0.02327966626784935
I;0.0163698137072192
do;0.014369159388037898
not;0.015060910298516523
have;0.014704512078179403
any;0.015083248275620883
context;0.017974557186279775
about;0.019333926609066555
what;0.01903854347619058
you;0.019356088271784685
might;0.015409964652230539
have;0.015436358670295042
asked;0.019922347614989216
or;0.014863722492575641
mentioned;0.016395989925513513
previously.;0.027088109345851583
If;0.01632378591415959
you;0.015764794329546566
could;0.01725916675527924
provide;0.01611764434608312
me;0.015142840113810839
with;0.014442636239890956
more;0.014536803733449233
information;0.015402475142230357
or;0.014328983365586991
context;0.01499101366521245
about;0.015189476860347372
the;0.014422138562137943
conversation,;0.017768136604385913
1;0.015678481620775137
would;0.015294499176671845
be;0.013981398075338778
happy;0.014259019084876931
to;0.014568829566978416
assist;0.014312162117979381
you;0.014239347169556812
further.;0.014465640708354531
