text;attention
Yes,;0.06304008882278346
you;0.03412188685101513
could;0.03368946450014747
use;0.038265645520275
duct;0.038475966999106256
tape;0.03987107067204722
to;0.035724385049821686
seal;0.04055570841791037
the;0.035449085409086895
puncture.;0.12745007087563828
;0.04335748079696911
;0.055412523587571795
;0.05120721770915913
;0.03954299494829438
;0.041470304765490996
;0.0378052337318368
;0.0360924937040214
;0.03633727737967557
;0.03556603525039034
;0.03552967423065898
;0.03447057011698985
;0.03375953080492569
;0.032805289856184146
