text;attention
I'm;0.12932205316353762
doing;0.10417192371329287
swell,;0.12889313820598217
thanks;0.10722812972866706
for;0.10068305898378024
asking!;0.11907713795768449
How;0.10360836608856121
about;0.10266121786627713
you?;0.10435497429221714
