text;attention
That;0.06955268249196693
has;0.057945532784574996
to;0.05495762944997056
do;0.05089227666374804
with;0.053834996637092535
oxidation,;0.16043789013382534
bacterial;0.07789595120209822
growth;0.0453016213477859
as;0.04478473521488198
well;0.043615208018622974
as;0.04243164338031898
the;0.05081976299400513
materials;0.04144019479984221
the;0.047070763202883274
container;0.03992360285828687
is;0.039783609422009786
made;0.03947243572605695
from,;0.03983946367202935
