text;attention
Mentoring;0.01997702250098184
is;0.014231335155409678
a;0.013959005976966565
great;0.013890193236886311
goal,;0.016284124400653043
and;0.014229954901552037
wanting;0.01470725965325328
to;0.013882905158422837
sharpen;0.014774156380423075
your;0.014301837077849882
skills;0.014245207997464959
shows;0.014302857503986133
you;0.013835512609392501
are;0.013982289112873433
serious.;0.016537329491488346
What;0.01444258427460182
sort;0.014826322816290044
of;0.014927388330952716
mentoring;0.01671617703203615
most;0.013994060868241788
interests;0.015643347895980327
you?;0.018565738870980154
Traditional;0.01739922713432671
Mentoring.;0.027444753796470767
Person-to-person;0.02044090446705391
interaction;0.01868315329596819
following;0.015137502901831714
a;0.01426888037591761
pre-defined;0.015659176845566
or;0.01397528429129317
custom;0.013824828926129473
program.;0.018264301355422778
Distance;0.01791814181411442
Mentoring.;0.02188799553842046
Similar;0.014977359603182857
to;0.013913206517120668
Traditional;0.014802835432710276
mentoring,;0.015441686163783473
but;0.014401938560384284
tailored;0.014808740198134999
to;0.014539327203638427
the;0.014020751254323059
unique;0.013793007959960798
challenges;0.014142530317690596
of;0.013858443864765365
remote;0.01413137466043437
communication.;0.016359599197130304
Group;0.015042074150627346
Mentoring.;0.018176785233386197
An;0.014086579251934758
approach;0.01461434155340409
designed;0.014483285350735293
to;0.014091610136864871
support;0.015279613758559142
several;0.014340727857966503
mentee's;0.017064256554494485
through;0.014107470337996452
expertise;0.0151232734236255
sharing,;0.014932856016167853
frequently;0.013921092516680195
with;0.013612129584300709
a;0.01340346609930246
secondary;0.013717367633584625
group;0.013667177805361612
leader.;0.013984329812546244
