text;attention
To;0.014207684918475934
add;0.014203796954552832
your;0.015019996540646563
forked;0.03306183182365567
repository;0.021987565964652254
as;0.016614461149222725
a;0.01476879232955622
remote,;0.03691953474250465
you;0.014119601089742277
can;0.014400458580965959
use;0.014844593300451707
the;0.015257917089031273
“git;0.022345402186229487
remote;0.0222164512016428
add’;0.026001856093850265
command.;0.03298095244069791
The;0.016323102574838284
syntax;0.01709859544070407
for;0.014953770964675707
this;0.013860433364996292
command;0.013232481601285581
is;0.0140873302897313
‘git;0.020505778293472034
remote;0.015208309141612034
add;0.016541360114979604
<name>;0.022667150349050365
<url>’.;0.03045402162411267
So,;0.021098805669974085
in;0.01359424707522461
your;0.014413158511705262
case,;0.016700024691972383
you;0.01339242583288476
would;0.012935748740014087
use;0.013069722757657882
“git;0.0160646938544809
remote;0.013042777914652167
add;0.014419626556754153
origin;0.015224085186807103
<url-of-your-forked-repo>’.;0.1364607454938721
This;0.012665087579742003
will;0.013291847441454004
add;0.01446873734416338
your;0.01397087822377201
forked;0.014925475368801202
repository;0.013723649686262319
as;0.013323339424904015
a;0.013044386669801051
remote;0.014575026032580568
to;0.012862598178479507
your;0.013006672190982211
local;0.012319479004911002
repository.;0.013523530402810754
