text;attention
I;0.02660305277759589
would;0.023382918300784348
choose;0.028857980744269585
bar-headed;0.03166797737584236
goose.;0.08772805127018497
As;0.024714482643514453
a;0.025091654768477557
langugae;0.041859289375745956
model;0.02621327333388942
I;0.02605380280800404
can;0.023668862427850244
only;0.022448165761912924
exist;0.025249818868592178
inside;0.02535880290514392
servers;0.030744350896472327
and;0.02515055126797894
learn;0.025034771801219987
about;0.02573508140728548
the;0.02400400922517928
world;0.023991746534957666
from;0.02444368711304174
selected;0.02291103495945898
information.;0.03539786763594985
I;0.023796321488525507
would;0.022977324577722384
like;0.022948992265673204
to;0.023789025087078065
see;0.023741086410104122
it;0.02262667540447856
with;0.02269449482817031
my;0.022916382094090186
own;0.022042887345904146
eyes;0.02346666211974863
from;0.023204764604154965
the;0.02261610475678245
high-up;0.023406067421169928
sky.;0.02346197739304529
