text;attention
As;0.022374297657457784
an;0.02131696640171796
Al;0.02144948207830709
assistant;0.025773641229897525
on;0.021095121673596187
a;0.020288037497914583
static;0.022535549870139813
training;0.024122669120093587
set,;0.025984408256158262
I;0.021117298663714833
am;0.020137764879034653
unable;0.021990327263556604
to;0.02152748849991969
determine;0.021992081084403235
your;0.02136807719167977
current;0.020365584622355
weather.;0.028261505827767548
My;0.020743503120113246
best;0.020662142930570837
advice;0.02222388795180279
is;0.021827470739756542
to;0.02196436172925114
go;0.02083781021131888
outside,;0.025982604557550762
and;0.020598893892267177
look;0.021843707633908006
up,;0.02257447530877056
or;0.020497526417029496
set;0.021313763008045158
up;0.021176227436902225
a;0.02049246411944927
ye-olde;0.02744688626291848
weather;0.020514872491536284
rock.;0.0245832525753644
If;0.02054090015341639
you;0.020522384803177175
have;0.019900414602129227
any;0.01990396219537328
other;0.020156583034951582
questions;0.020830955176745127
do;0.02016772746331251
not;0.019898907794797013
be;0.019954539474764894
afraid;0.020932608594860118
to;0.019714531153403887
ask.;0.02049233334879939
