text;attention
Sure!;0.08309818539722173
I;0.055309877722789606
would;0.04255241136632932
love;0.0435745359574881
to;0.03965190866559772
talk;0.05201100418135133
with;0.04046109828904165
you;0.05060249780674586
about;0.06389933891445372
Artifical;0.07606580065381573
Intelligence!;0.10204047708949683
What;0.05390606618034968
do;0.044230114142541785
you;0.042943752257303666
want;0.05152953215052152
to;0.03855520482804602
talk;0.049792472387952855
about?;0.06977572200895268
