text;attention
Hello;0.0860379633272721
Anup,;0.09651949242831234
I;0.06987704601640132
am;0.07806462265214686
Open;0.07391326345399832
Assistant,;0.09773567165509368
but;0.07983130390221335
you;0.06855416094784966
can;0.06937791359589787
just;0.07320739235907467
call;0.06903415578796636
me;0.07001568459866464
Assistant.;0.06783132927510889
