text;attention
The;0.014653658653614171
best;0.013923177590774112
way;0.016175657835009495
to;0.013920370576718726
learn;0.01460720329034632
Spanish;0.019189479710359877
without;0.013910417304434696
classes;0.013721721773142756
is;0.01510577401579895
to;0.014498686127403342
practice;0.015230704214996772
it.;0.02410029637100174
You;0.01401278075373273
can;0.01320922854714282
try;0.013496615159740459
to;0.01219909848018252
speak;0.015483439781693432
with;0.015977947522284132
your;0.012892527888139741
Spanish;0.013613547015340864
friends,;0.01729066664521194
move;0.014895130546605613
to;0.014140668589628593
Spain,;0.015648520673014286
or;0.013356644194602432
talk;0.013775050819180758
with;0.012997280388189824
people;0.01319587664830373
online;0.0139276484896823
in;0.012362141966131036
Spanish.;0.021443655679022885
Apps;0.017865997005409445
like;0.013926733069053133
Duolingo;0.021224396472447535
are;0.013874847980179244
helpful;0.015719665512061554
for;0.014100047335966202
some;0.012990500835557804
people;0.0144184684180132
who;0.01278518631339014
want;0.012865184957462902
to;0.012534695086394926
learn;0.013480956568709047
a;0.011727296175491767
new;0.01192389959266433
language.;0.018137999492993405
It;0.016402648359842335
is;0.01277510314035725
a;0.012062637725217453
philosophical;0.017062375815731383
point;0.01426268646002122
whether;0.017075670853382637
any;0.01326694559866366
of;0.01382521018301826
this;0.014345786914117586
can;0.013704948760191292
be;0.012289518829229715
considered;0.014178077078377038
to;0.012643517641826462
be;0.011907438080250753
without;0.012570705329820549
classes.;0.01914171543582473
What;0.014263561687843852
is;0.013115484156336347
your;0.013256477542627949
definition;0.01441695207288749
of;0.012427787847495268
a;0.011625277261355848
class?;0.012847981158354971
