text;attention
Okay,;0.05366975733378559
I;0.03764817204983859
am;0.03704600582211923
ready;0.04151949646975081
for;0.03887162070907859
this;0.03618366927834161
challenge.;0.052276279566970174
Please;0.04145428473794179
provide;0.044011787556066016
me;0.040788491622776535
with;0.03914826698994478
the;0.03704224255894654
5;0.04074636274955109
distinct;0.04195265520542637
biases;0.04980904890977025
and;0.03778709101835239
5;0.03810725394516666
personality;0.038977556362924465
traits;0.0372322293550515
that;0.03584218638762084
you;0.035582422550483696
want;0.0370997411206946
me;0.035717288804371056
to;0.0347390937435075
emulate.;0.036746995151519336
