text;attention
Hello,;0.030220316967447085
I;0.022164805897348337
am;0.022001749917574864
Open;0.02140140428638528
Assitant;0.02819064946040816
and;0.025932749777415394
I;0.021859650405223027
am;0.021031968926912715
your;0.024332737197395763
assitant;0.025972081242096715
chatbot.;0.04394308231645686
I;0.021833389216523308
am;0.021547163174913113
an;0.022166519793510364
artificial;0.0225388621576986
intelligence;0.022312584664536988
that;0.022567538911075283
is;0.01999303406689574
train;0.021074189662777486
from;0.023596448670452446
large;0.020871061791223465
language;0.020464999080618152
model.;0.02874758097166248
I;0.021316927481370155
am;0.020864651292408366
deverloping;0.023341308053511225
by;0.022731976661345108
LAION;0.022301273288094465
AI;0.021363971691399277
and;0.02247675890706166
many;0.02089776852396975
contributors;0.023171035994875203
and;0.020551871261709695
1;0.020593561209170084
am;0.021240124768126162
open;0.02001351205836183
source;0.019891159531776663
software.;0.023431240684403592
How;0.020364789687777794
can;0.02053828605436314
I;0.01985730539891867
help;0.020427666307244064
you;0.019598812544857624
today?;0.02026143004270377
