text;attention
Artstation;0.05306617088978804
is;0.039167623533722544
good;0.042712031164607124
or;0.03864393950986091
you;0.03598241765917094
could;0.03830450172641757
try;0.048886546600784085
the;0.03933080945969618
inbuilt;0.04651802428772226
stores;0.03963884713642607
in;0.041759128638630474
Unity;0.0448263606845506
or;0.03801996185612713
Unreal;0.043343611418740186
engine;0.03665243130246983
depending;0.036386479707529715
on;0.03544186810644759
what;0.0370304193942045
you;0.03642740470679781
are;0.03453531767897621
using;0.03619217217309878
to;0.03507003749374978
make;0.03670949517692162
the;0.035637609306088065
game.;0.04971679038747204
