text;attention
The;8.513505447189054e-07
main;5.143488545819801e-07
difference;5.404294916188146e-07
between;7.124720363221862e-07
ChatGPT;1.1787675991767874e-06
and;6.320878394479849e-07
Instructional;4.81817240222284e-07
GPT;5.25068587308607e-07
is;4.80553152995009e-07
that;6.844099772070095e-07
ChatGPT;9.602928130494816e-07
is;5.79289560443853e-07
better;4.817755929518001e-07
suited;3.896185645743083e-07
for;7.268990961775767e-07
conversational;7.831997279127613e-07
applications,;1.1743817194759088e-05
while;7.464564754182423e-07
Instructional;4.988543065934374e-07
GPT;4.7452088716060166e-07
is;4.92547420265901e-07
better;4.3068048237030093e-07
suited;3.7027656271421725e-07
for;7.649681686635033e-07
providing;5.874280780214765e-07
explanations;5.199834545410643e-07
and;4.5455565574234616e-07
descriptions.;0.04116812830818588
ChatGPT;1.0366356911397737e-06
is;1.082111730930578e-06
able;4.446079230869716e-07
to;7.413380499579448e-07
generate;5.340217209135266e-07
more;5.516025474134689e-07
natural-sounding;1.333339278727653e-06
responses;5.213625040199503e-07
than;4.859181774839574e-07
Instructional;4.2831308965328955e-07
GPT,;7.577768022161795e-06
and;5.376144240535166e-07
can;4.955971050264271e-07
provide;4.503307084468027e-07
more;4.711220603454059e-07
context-sensitive;7.573985196261875e-07
and;4.117248974211637e-07
personalized;4.4665186206629687e-07
responses.;0.3200738397837062
Additionally,;1.4691189120047784e-06
ChatGPT;8.472894281151336e-07
is;6.520739848463112e-07
more;4.817192553302848e-07
efficient;4.556358325201403e-07
and;4.705477738171053e-07
faster;4.398433963159012e-07
than;4.762494081121632e-07
Instructional;4.2388620239232645e-07
GPT,;3.497365367662042e-06
and;5.033155166128222e-07
is;4.361311216236332e-07
able;4.0766810343637147e-07
to;5.917871341079592e-07
generate;5.193643267610016e-07
text;5.944937906748509e-07
more;4.1636705464089517e-07
quickly.;0.30175193960651514
On;8.958684342094237e-07
the;3.9608488144585385e-07
other;5.243197499440149e-07
hand,;1.7038431240661281e-06
Instructional;5.823221800539849e-07
GPT;4.81457610105222e-07
is;5.963475653758207e-07
more;4.906806201742872e-07
accurate;4.86314030875146e-07
and;4.4030416020442277e-07
detailed,;3.7871741406977342e-06
and;5.122521756460121e-07
is;4.5642102178638825e-07
better;4.1408885514827465e-07
at;5.163306592389392e-07
providing;4.6352336636434947e-07
factually;5.303226759545685e-07
accurate;3.826344534300306e-07
information.;0.33693383522760173
