text;attention
Have;0.06957215336077435
you;0.016781966474026345
been;0.01337301127962637
in;0.012854034049097124
an;0.012412806640904219
accident;0.027691864377915962
or;0.014137190392253217
suffered;0.01297459479430583
any;0.012597999090436083
other;0.012859169496815976
trauma?;0.04111194510710319
Have;0.013556075175164136
you;0.012377747901004068
undergone;0.08697743186304402
surgery;0.020800840518091626
or;0.012450959114068695
other;0.012103827625636509
therapy;0.016108352766102018
(for;0.013525903955903475
example;0.012385714889164144
chemotherapy);0.016524745837244847
recently?;0.01953374681617295
Are;0.01285254491160259
you;0.01218574692967737
taking;0.012665737079180915
any;0.011889976620232062
medications?;0.024471093648336748
Do;0.012742492313237087
you;0.011816965140678558
regularly;0.012913329448897348
use;0.013292505214898855
or;0.012214430244752496
take;0.012363320069235179
supplements;0.020232334324426064
such;0.012476175645036466
as;0.011628771599266478
vitamins;0.024370196992421565
or;0.011296143555165164
herbal;0.012665104646700715
remedies?;0.020339849080351385
Have;0.011782428796508053
you;0.011463533678844503
noticed;0.012140080007061651
any;0.011474299192622078
changes;0.012385824334637398
in;0.011471399945413945
your;0.011336260284005027
urine;0.015882889386197686
including;0.012293518104063641
frequency,;0.013689235592437893
colour;0.012389507932525556
and;0.011313240840667212
smell?;0.014183482891394521
Have;0.011602804838409168
you;0.011349392687129874
noticed;0.01150229623706356
blood;0.01247577129841694
in;0.011832834842078576
your;0.01129339418501024
bowel;0.011585087667004742
movements?;0.01142391826955555
