text;attention
Just;0.10587207004069708
do;0.09916563415981575
it,;0.1303032184846834
don't;0.16645389165166377
let;0.09973130855308582
your;0.09302568921691574
dreams;0.10790373043593032
be;0.09507878908374927
dreams!;0.10246566837345895
