text;attention
A;0.02100010812175731
few;0.015561032186200712
days;0.015485809895785319
ago;0.020502880463274222
I;0.020701064608460395
invented;0.02199127374209183
a;0.015660714229053106
time;0.01801054216309854
machine;0.03215376887252194
for;0.017468746475710218
this;0.015215006069144273
exact;0.015618965126341446
reason;0.018974531209654328
and;0.024621267331733362
the;0.01698221024594509
first;0.016518483771916566
dinosaur;0.05291032087698882
I;0.017546474044352
met;0.02007815272925903
told;0.024937662759973854
me;0.017474527756261436
that;0.024403676436945833
him;0.020979562695772353
being;0.020614127752430617
a;0.01603306014778244
cold-blooded;0.04829377654381308
animal;0.017799029786103503
makes;0.02101660329327549
it;0.015095797753049582
so;0.016153160927070483
his;0.017903704482255672
brain;0.021782248170376932
always;0.016358089623201132
suffers;0.017990785357844867
from;0.015554703682815224
brain;0.015752968585371792
freeze.;0.05177715974313016
Therefor,;0.03402052046649001
it;0.014880098449178852
was;0.014430280192743283
not;0.015622163776760312
the;0.0163582597647481
ice;0.01631204253552843
cream;0.016431814529654254
that;0.01599527244065402
made;0.014990013904482855
his;0.01521057023431262
brain;0.014220920933873426
freeze.;0.014606045110811018
