text;attention
As;0.015267857849143404
an;0.01188615438644729
Al;0.011463695020123413
language;0.022914153806048162
model,;0.1800141068358962
it;0.013923571455090763
is;0.010536171275072396
designed;0.014889056301595194
to;0.013715780432360327
be;0.010887239611305739
neutral;0.015519342661464224
and;0.012199515560491033
unbiased;0.015222040935319722
towards;0.013143267865720969
any;0.011425990387020411
political;0.013532463282349815
party;0.013015256390367354
or;0.011398253254566223
ideology.;0.03143604408956533
But;0.01693472791532761
as;0.011808397018521185
the;0.00972115920155995
design;0.015252881468898354
is;0.011186115952362243
not;0.010703108203414812
full;0.009871932302627803
open;0.012041606120988152
source;0.015267130748297688
we;0.01702822429447763
never;0.010577210720061651
know;0.012388965768059864
if;0.012345619661923133
it;0.014227111067113518
have;0.01042399436420804
bias.;0.03237613430757372
For;0.009964398847325745
example;0.01388669189882047
if;0.012262077070033395
you;0.011624553246927955
feed;0.013484623639280166
a;0.010193226695393015
language;0.012061958906146504
model;0.016787899515230638
with;0.012107815209977899
inputs;0.012282118356649241
that;0.011537843505190333
have;0.010582912320309532
a;0.009347217137294602
biases,;0.021459349927063883
the;0.011404587257464146
result;0.01076681439579187
will;0.010072425310918705
be;0.009892799445506337
biases.;0.01754024724329424
Could;0.010100016707760267
be;0.010524858822846983
biases;0.010919339604560672
to;0.011431410383574746
Democrats,;0.01637138611297414
Republicans;0.009853982626284341
or;0.010184023225593442
perfect;0.009315311102160462
balance.;0.009495830970262843
