text;attention
The;0.13853948439908131
current;0.11008834107891316
prime;0.09816227602923965
minister;0.11122818150275378
of;0.10195657243919938
Italy;0.11065954408280616
is;0.11439325650511868
Giorgia;0.10779025279211947
Meloni.;0.10718209117076839
