text;attention
The;0.07787783555976213
1067456th;0.38078410117435985
prime;0.051525456392472004
number;0.054343542355010974
is;0.08829035409274089
16604509;0.3471787104256541
