text;attention
Hello!;0.09128217133388233
I'm;0.05950693696471521
here;0.05312217946860445
to;0.051172380101820986
talk;0.05665171019453965
with;0.0514231642929838
you;0.0509439413701597
about;0.051948254964347004
Artificial;0.0516214065179244
Intelligence.;0.07649333486218365
What;0.05411298597922556
would;0.05055669874484038
you;0.0500918813860334
like;0.050260406690024566
to;0.04937242034196134
know;0.05244902274260575
or;0.04794019264177464
discuss?;0.05105091140237315
