text;attention
The;0.16085289519008258
simple;0.16282007667266057
answer;0.16248338128741394
is;0.15843314378209608
1,454;0.18571453162943707
feet.;0.1696959714383097
