text;attention
The;0.1634264947582282
simple;0.16768655934531124
answer;0.16647603008604042
is;0.1621893808278847
1,454;0.1799668797037114
feet.;0.160254655278824
