text;attention
Here;1.0439544835963405e-05
is;9.90192477643733e-06
an;8.248701755796954e-06
example;9.549673832485045e-06
python;7.954235558982329e-06
program;1.1730714309719067e-05
that;1.0100355211425283e-05
runs;1.0341451162102933e-05
shellscript.sh;0.00012379505032856662
every;1.0490083581992164e-05
60;7.034075421172326e-06
minutes:;3.0285431386458783e-05
import;8.888300446485311e-06
time;8.877000985000669e-06
import;1.1301733981990838e-05
subprocess;4.083605012770338e-05
while;1.0951111769997822e-05
True:;1.8050958378680654e-05
#;9.109041195297728e-06
Run;9.33513272042007e-06
the;1.4189158388806205e-05
shell;9.015714289136811e-06
script;9.761302393688267e-06
"subprocess.run([""./shellscript.sh""])";0.9991904835406038
#;1.060153845804771e-05
Wait;8.429781146442588e-06
for;7.91665968493913e-06
60;7.270678426528849e-06
minutes;1.5559567405700398e-05
before;9.008828265860617e-06
running;1.0225414203511574e-05
again;8.239565858633913e-06
time.sleep(60;0.0003092175238333128
*;9.746926352845255e-06
60);1.311322892206198e-05
