text;attention
*Accessing;0.020737268113172468
your;0.00988565770601334
personal;0.009667004858164437
data;0.010632350977429152
via;0.010298211403503147
stored;0.009795063324369496
database;0.00979628389968184
Here;0.009526889830092028
are;0.00866737662513573
your;0.009059165570939783
schedule:;0.020906709406490583
9:00;0.04170659341652286
AM;0.01461547733843927
-;0.012873274841461965
Wake;0.009743986202119925
up;0.010944403626287312
and;0.010787296561602393
have;0.010020356777955347
breakfast;0.011832388136967407
10:00;0.03731083662237703
AM;0.0101959662262493
-;0.012802875797322024
Attend;0.011497368156744838
lecture;0.012642444943690169
for;0.009750688172440517
History;0.011900335915211044
101;0.01400454681947687
12:00;0.031270945390451874
PM;0.009676462880823529
-;0.011724677113466917
Lunch;0.010710025989475942
break;0.009162449728070949
1:00;0.021604233342504293
PM;0.009684969533506596
-;0.011452144155073047
Study;0.009995934473166648
for;0.010717690734300352
upcoming;0.010866312733536953
Calculus;0.011980651247613808
exam;0.009663152011320505
3:00;0.023110166926964815
PM;0.009628805400233725
-;0.010719898099013227
Attend;0.010384318069994352
a;0.008916165325219494
club;0.010421898207618662
meeting;0.009214720802376153
for;0.009922862062950281
the;0.008545588264700893
Student;0.008636856253869686
Government;0.008847425021607302
Association;0.009143184168256336
5:00;0.020168988534130797
PM;0.009218183038753526
-;0.011332324967262547
Participate;0.01072574406066042
in;0.00925930302553803
a;0.008610659319077766
group;0.009120357632217198
study;0.008905132319981576
session;0.008497403223541202
for;0.009056521866768875
Economics;0.008821091108225262
7:00;0.01743556739479287
PM;0.00902004144184343
-;0.009938303778371573
Dinner;0.008780972429321965
8:00;0.013570626363898086
PM;0.008773361891496469
-;0.00991817032301762
Work;0.008539000747389199
on;0.009219404814062693
a;0.008158660402698406
paper;0.008927524482920621
for;0.00919161020644998
English;0.008823801384328025
Literature;0.007933610451607715
class;0.008336221147506793
10:00;0.013002150981353688
PM;0.008571123082429924
-;0.009416488074202069
Relax;0.008712206171622642
and;0.008198111194591183
unwind;0.007973280435145462
before;0.008582887490464467
bed;0.007658807008351272
