text;attention
Since;0.015772839394419133
woodchucks;0.09578377108297945
(also;0.01886642690296638
known;0.011816054819424717
as;0.012873091371573019
Groundhogs);0.1031453750550669
are;0.012978212927111672
pretty;0.011412539693929295
small;0.017399610043404474
animals,;0.0230474258835443
the;0.01221480292552745
amount;0.016004733091032976
of;0.013266799837115704
wood;0.02825463433359553
they;0.012662440994089903
could;0.012774296153035433
chuck;0.01919573369543714
would;0.012890851360536266
likely;0.012497523389985107
be;0.012707065345775419
part;0.013256495455863066
of;0.01260480418051773
their;0.012508898876929816
normal;0.012034825304760731
food;0.013779704470074051
consumption.;0.025275726020254033
Adult;0.013613766850494832
Groundhogs;0.02536392046947705
can;0.011607583966636451
eat;0.014760296576682477
up;0.010749010131650355
to;0.012295090424333011
one;0.011733558178250465
pound;0.013974588836419334
of;0.011749046424863081
vegetation;0.015461154017207235
per;0.011193948241345269
day.;0.016822762028565714
So,;0.014908509920589645
assuming;0.013696325375741608
their;0.012328370247793171
metabolism;0.015545648196831822
doesn't;0.016304839540316255
change:;0.014733272660466394
A;0.012298878897877391
woodchuck;0.015396568829706263
would;0.011687834792057112
chuck;0.015491200346340196
1;0.012143035400488902
pound;0.013533369587256325
of;0.011284579939982038
wood;0.013512346037861589
if;0.01406846095597371
a;0.012887793287774335
woodchuck;0.012740969832282735
could;0.011384812735428825
chuck;0.010647180993689647
wood.;0.011056593666667088
