text;attention
Try;1.3766755188548461e-07
out;1.0086748305220376e-07
different;9.738127869103266e-08
disciplines,;2.1816101801575447e-07
such;1.0663118576199455e-07
as;9.253420537289928e-08
UI/UX;2.539725228829914e-07
design,;1.1920229011145714e-07
cybersecurity,;1.5330196724764908e-07
machine;9.723564995302875e-08
learning;9.24732829575688e-08
and;9.11234259460309e-08
much;1.003224770102312e-07
more,;1.2611000915858724e-07
and;1.0124569303010005e-07
see;9.433012531624536e-08
which;9.668415826899373e-08
one;9.043121043477675e-08
fits;8.973644786815417e-08
you;9.247683953890286e-08
best.;0.9999931676936472
There;1.1082759961077586e-07
are;9.11859781984092e-08
many;9.071089271280619e-08
free;9.337187855271144e-08
courses;1.045458006693791e-07
and;9.595726175309078e-08
material;9.878960462853744e-08
online,;1.2269289847988045e-07
such;9.38249576085134e-08
as;9.68200835091695e-08
Harvard;1.3419830291322495e-07
University's;6.402136214052512e-07
CS50;1.519922756114184e-07
and;9.942061931000332e-08
the;9.05978430204784e-08
various;9.136345341373949e-08
courses;9.193650372820673e-08
offered;8.858862972474441e-08
by;9.031850862739286e-08
freeCodeCamp,;2.1705250579956777e-07
that;8.944888962955917e-08
give;8.813495679449034e-08
you;9.147625618486267e-08
the;8.758904362711777e-08
opportunity;9.0204976116993e-08
to;9.027599850193752e-08
earn;9.463394780830964e-08
a;8.537376550001147e-08
real;8.7025584159766e-08
certificate;1.0229482685952305e-07
and;8.75267040690349e-08
get;8.571183086058198e-08
a;8.392617553337886e-08
job;9.3683089233157e-08
in;8.78206235898485e-08
the;8.492724030944988e-08
IT;9.052163580198082e-08
industry;8.695206854719662e-08
more;8.7909061416528e-08
easily.;9.057163664533539e-08
