text;attention
First;0.007231154881652943
of;0.0186371529367883
all;0.006093390364052666
you;0.007858573830347078
should;0.007871796609947489
always;0.007923756221176019
follow;0.006960738958194798
the;0.006348131156223135
3-2-1;0.35953487447803234
backup;0.03538558565976132
rule.;0.023743799709799146
-;0.0065666070953619695
At;0.006245461355669131
least;0.006552098478258856
3;0.00966139462787672
separate;0.007992361806024341
backups;0.01622847396502241
-;0.0070800114690426925
On;0.007213265331739038
at;0.005379908724186349
least;0.006132367394510467
2;0.006931693058241066
different;0.005891923624217513
devices;0.008855892628163817
-;0.006367152285123536
At;0.006597990154431575
least;0.005329998890208157
one;0.005633589325937704
backup;0.005747001668737386
off;0.005627119972368011
site,;0.01164432812590457
so;0.0055918686137203175
outside;0.005795670191918928
of;0.005334640533893111
your;0.005499315404991374
home.;0.006716211511270691
You;0.006908354438614722
should;0.006477912392080361
also;0.007680325620597572
make;0.005810528479517479
sure;0.007054947688539908
that;0.005704008665099295
you;0.0066428545358377935
take;0.005803938011282154
backups;0.009204419136485465
regularly;0.011862664734541272
and;0.0070567083634860755
that;0.0056276544616136355
you;0.005684981737880128
have;0.00558283054385715
a;0.005375351844870429
plan;0.006945224777044338
to;0.005711892079786856
restore;0.011415261340140112
the;0.005616972977058137
backup;0.0066074545101876955
and;0.007489156792221227
you;0.006211079619963231
test;0.009134961339368121
that;0.0055366577237058855
plan.;0.008197950208987365
A;0.005773813677545927
backup;0.00724457950984085
that;0.006088714941610005
you;0.005241682745577148
can't;0.006951697795613421
restore;0.0069105900937955255
is;0.006260465733367309
a;0.00523002359299976
useless;0.0054106006109969395
backup.;0.006303902201093527
It;0.005116868161205229
is;0.005287840898887211
also;0.005579919796272826
very;0.005084348038087675
useful;0.005504369462480139
to;0.005654842560012655
automate;0.011931603493563193
your;0.005513961612402419
backups;0.006496072545046893
so;0.006271396141683
that;0.0056000686670797505
they;0.005350734416152581
will;0.005368251158255978
be;0.00531901594963819
up;0.004932381410843684
to;0.004920655080394804
date.;0.005102206639992016
