text;attention
The;0.02669787975296919
lyrics;0.046156370606135595
you;0.02327588672964276
are;0.02099833466740589
referring;0.023937523364557747
to;0.025509158158737385
are;0.023830388788317402
from;0.026110708310291903
the;0.0220346205271495
song;0.025041614501376784
"""Here";0.02938552603554539
Comes;0.022820348201792982
The;0.019775647996314934
"Sun""";0.10818623609491165
by;0.024463814596576292
The;0.020648453072355372
Beatles.;0.06190125675983741
The;0.021331036248194938
song;0.026393507881766285
was;0.022214213770736187
written;0.02483453808349823
by;0.022101193616487713
George;0.0210626625204523
Harrison;0.024301750329730663
and;0.019862083320367478
was;0.021563980983103116
released;0.02452279950841021
in;0.022338851943480738
1969;0.03233037805404174
on;0.021870934079851172
The;0.021141721677798382
Beatles';0.022639077902604932
album;0.020435789451774072
"""Abbey";0.02313237545345077
"Road.""";0.019284853525716496
;0.019072334221374974
;0.01879214926324128
