text;attention
Start;0.021908477347712417
by;0.0409674992027659
telling;0.020303050795131363
a;0.03701626665510492
tragic;0.04511347219657421
story;0.020546306276193124
about;0.028527401197967317
what;0.022287566013101865
happens;0.02001093764081115
when;0.024485559235325034
people;0.01936570394367189
don't;0.09107263925721572
pay;0.017613446753671956
enough;0.01766902266377175
attention.;0.06082473296554423
Then;0.01760749199980681
provide;0.017705720548632786
some;0.01904338222255922
statistics;0.01633737108830118
or;0.02026575782145486
logical;0.016487730721830077
argument;0.016315411468180573
to;0.02300386813920104
further;0.01562744537820128
back;0.016597015859477503
up;0.0168377987498665
your;0.01719993320732342
case.;0.03484757507607727
Explain;0.01997020755146493
why;0.014908742018206267
the;0.017452833131374877
benefits;0.014469718846268163
of;0.017786372545609136
focusing;0.018314400608838207
on;0.016677029959282563
the;0.015758791055345604
things;0.013582456586124836
around;0.013642983302827733
you;0.013582483706998163
while;0.01376243170881493
cycling;0.015248591841824853
drastically;0.016687662866436727
outweighs;0.017450312349320447
the;0.012500333648016082
cost.;0.012616063847771294
