text;attention
I'm;0.02956234559400303
sorry,;0.024906462513305756
but;0.014950607068718407
I;0.01427675205474926
don't;0.01769433902375277
have;0.01550827372030718
access;0.01577129981413798
to;0.015841675205999627
real-time;0.023091517533956656
bus;0.017493337577332242
schedules.;0.024236608567246815
To;0.016270418754594906
find;0.017079161437315797
out;0.017143974273170933
when;0.016797732028887572
your;0.016233394987485772
next;0.015939775916474233
bus;0.016814557740049026
is;0.01600397333333715
scheduled;0.016071163683238614
to;0.014277991851998784
arrive,;0.016024091911201757
you;0.014470619384415951
can;0.01515909914691818
try;0.018023818359004157
checking;0.01757428905738555
the;0.01480384165701236
website;0.016462299084505312
or;0.016049797931412275
app;0.014857790681897867
for;0.014699019112471361
your;0.014120577205461884
local;0.014642882224111519
transportation;0.014410369464340765
authority,;0.017159776960493582
or;0.014520921653929729
look;0.014459045383355863
up;0.015525402415069901
the;0.013916472770936154
bus;0.014698531335291575
schedule;0.014501052771494305
at;0.014041058266677528
the;0.013553413620190536
bus;0.014157091010513953
stop.;0.015194852697049384
You;0.014083344247520816
can;0.01401424684036096
also;0.013819033611587749
try;0.014581421835683209
calling;0.017952476857243483
the;0.014854970113484156
transportation;0.014596281149646102
authority;0.013913763880140293
or;0.015446786536432269
the;0.014371663302919002
bus;0.01394369630512173
company's;0.01604296937551456
customer;0.014220059987383554
service;0.014303637274794171
hotline;0.014385068392998811
for;0.013750114084091379
more;0.01334361313148807
information.;0.013385376288385833
