text;attention
The;0.04758072157601458
mathematical;0.046114004759233974
requirements;0.05840327070317903
to;0.04580947115933086
get;0.044436793602259
into;0.045652238600512575
neural;0.04721603995065908
networks;0.04783842097900951
would;0.04913850838405433
likely;0.04390658427689695
include;0.0547704333704693
advanced;0.048891904413322224
algebra,;0.07736202470817578
trigonometry,;0.07190909276661431
linear;0.04322704229103252
algebra,;0.04980151546633273
and;0.042055560389749586
calculus;0.04490471557758918
at;0.04418422440115482
minimum.;0.04679743262440974
