text;attention
Dog;0.014098369688638798
behaviorists;0.0182766926102169
believe;0.014938468386290022
that;0.01587393551816385
a;0.01298456157629886
dog’s;0.019876960257069292
need;0.014849600958965228
to;0.015366509149047244
perform;0.013190183320113184
the;0.013153187181484869
bedtime;0.016249856374905437
ritual;0.01706409381317569
of;0.01387707524298043
turning;0.013278815009115206
around;0.015180036011344065
in;0.012277033787751471
circles;0.02415493973007735
before;0.015103010524588845
lying;0.012294950106776987
down;0.012795772762614602
is;0.015051876258376184
inherited.;0.025379650832762734
Canine;0.013840770817245465
ancestors,;0.016396799930016987
such;0.015055114912042275
as;0.012022318160717154
wild;0.012132554527448585
wolves,;0.015571486982493792
did;0.01160606422984404
the;0.01231646812838404
same;0.011952997936004966
thing,;0.013330352989724712
and;0.01237929126318668
domestic;0.011311393548712228
dogs;0.011773456309601398
retained;0.012004510763697022
this;0.012263259397730004
genetic;0.011725787399480707
predisposition.;0.017697468729450095
Turning;0.012190535942034068
in;0.011421734398495434
circles;0.01448829318460402
before;0.01257403962204767
lying;0.011714026691178884
down;0.012644111652967001
is;0.012057499628467217
an;0.011855891789674746
act;0.012046782901414348
of;0.012664698834281304
self-preservation;0.015395052420296885
in;0.011435073976721407
that;0.011920917039124566
the;0.013640180615705709
dog;0.011925327300908341
may;0.012586549643269818
innately;0.011920122946043105
know;0.01235957264718152
that;0.013127841682256355
he;0.011380725167821409
needs;0.011201576583708536
to;0.01188169105319497
position;0.012886989634915129
himself;0.012053545723782987
in;0.01133797518571488
a;0.011079478809199841
certain;0.010978523413764617
way;0.011364373570816261
to;0.011292900562707946
ward;0.011222108330094861
off;0.011326831552431686
an;0.010941072919731381
attack;0.011280845723638768
in;0.011152036808121497
the;0.01082390107992357
wild.;0.011131495837221825
