text;attention
Write;0.09124630824365274
a;0.09380168990961464
python;0.09516174610422316
code;0.09445121432629504
to;0.09179182254101344
summarize;0.09187422186550462
meeting;0.09021498806853905
long;0.08438128779084193
transcript;0.0902516574889148
with;0.08721292978228715
openai;0.08961213387911332
