text;attention
I'm;0.03562495788160812
sorry,;2.9542682410148786e-14
but;2.57745693452535e-14
I;2.1748761040764025e-14
don't;3.618761742250963e-13
have;2.160735077681536e-14
access;2.3264010145878627e-14
to;2.247095016315841e-14
real-time;3.4347008113134205e-14
bus;3.7821588958623836e-14
schedules.;0.9643750421166968
To;2.6247912289436154e-14
find;2.3494218598522265e-14
out;2.3436311485514946e-14
when;2.2268597496863457e-14
your;2.324139979230147e-14
next;2.2749881875630064e-14
bus;2.3582484071681806e-14
is;2.0621535585715347e-14
scheduled;2.139080475904123e-14
to;1.9544201825787303e-14
arrive,;2.4104326262311353e-14
you;2.0466050153179807e-14
can;2.5237641411257077e-14
try;2.338473422702835e-14
checking;2.3472914714731213e-14
the;2.09833845760639e-14
website;2.4134155950063896e-14
or;2.1430897731491655e-14
app;2.2813799710659016e-14
for;2.113878441582729e-14
your;2.0288293353122072e-14
local;2.253197065321803e-14
transportation;2.1625590927957366e-14
authority,;2.5866593611204506e-14
or;2.1194888330541696e-14
look;2.0802098651354875e-14
up;2.2600023483877032e-14
the;2.040426622002717e-14
bus;2.091349913123612e-14
schedule;2.041901327803404e-14
at;2.0266206460589636e-14
the;2.0376398205687368e-14
bus;2.09089310549229e-14
stop.;2.385906895507036e-14
You;1.944826344655187e-14
can;1.974580508452992e-14
also;2.140502404246684e-14
try;2.127371182777294e-14
calling;2.1796667643723603e-14
the;2.0267583581818524e-14
transportation;1.9830970768764934e-14
authority;2.0135227089600236e-14
or;1.9846943601172844e-14
the;2.000097224283626e-14
bus;1.905456318080765e-14
company's;2.120332025816182e-14
customer;1.9449441743541283e-14
service;1.9524989572185446e-14
hotline;1.9096576175708202e-14
for;2.007803012697435e-14
more;1.9777398556983197e-14
information.;1.9141774246822132e-14
