text;attention
There;0.027237994086822138
are;0.015602456694522454
several;0.016338499091676048
ways;0.026940797428679743
to;0.01380081558876201
output;0.02008798821891904
all;0.014853543511420219
the;0.01056550569163762
contents;0.012093034338374426
of;0.010211390541317948
a;0.011511709151866115
list;0.01869174224488999
in;0.011187598788325032
Python.;0.05021505713213907
One;0.01049486105404303
of;0.008770091376510239
the;0.0073486702433634065
most;0.008323513342928622
common;0.008364383011560086
ways;0.00938650963443046
is;0.009649988384266957
using;0.011788382035768558
a;0.009017947408231357
for;0.011983498826373097
loop:;0.03222134991806746
***;0.016658288481489824
list;0.01189180318858985
=;0.00952488307722553
[1,;0.029439725973148822
2,;0.021248606922919078
3,;0.017475365171690675
4,;0.015503936481910155
5];0.02070646104198468
for;0.008559897829958538
item;0.007995038384359825
in;0.007679602639111835
list:;0.015705610942539805
print(item);0.07226559466338422
‘**;0.017797452799212896
Another;0.008312983906908997
way;0.007541621902154023
is;0.007174068281171607
to;0.007072953896464917
use;0.007032364013296202
the;0.0066857499893946725
join();0.012579170604569392
method:;0.012405817966820028
°°;0.014441495012014626
list;0.007281622245729889
=;0.006414238750193234
[1,;0.012374985282154843
2,;0.015837722146075886
3,;0.010458413920857454
4,;0.009348809208195554
5];0.010774023586694178
print(*list,;0.021513618481132
"sep="",";0.01134546293623572
""")";0.006664193592178425
°*;0.009441009775162124
Finally,;0.008732170790715563
you;0.006125341556295016
can;0.005677250554870031
also;0.0054542613110798695
use;0.005602933774621614
the;0.005567556330250968
str.format();0.013321471869384984
method:;0.007452256058226715
***;0.005787327089123582
list;0.005520258874605101
=;0.005261129528411995
[1,;0.0072471098717798174
2,;0.00756087745426479
3,;0.006610678142639019
4,;0.006110343616193894
5];0.006297739569764437
"print(""The";0.006482613579430582
list;0.004855304924664655
contains:;0.005190175165729797
"{}"".format(list))";0.006687848181230905
°°;0.0046154309168919844
