text;attention
Sure;0.6860786004122085
here;0.005957843983129885
are;0.005148130595091765
some;0.00435428830092085
headings;0.007462057045842515
about;0.005719709688630513
the;0.004261390307369505
big;0.004244352194138027
changes;0.006037648950255298
of;0.004161409742077664
weapons;0.006645958883195604
and;0.0038126847349608905
arms;0.004577826030647974
in;0.004078838686364935
wwil:;0.013299278736534428
-;0.004962564977271841
The;0.004521522105034792
growth;0.004433588420799448
of;0.0037709293152287104
weapon;0.003811159883444614
mass;0.004027155461372938
production;0.004077703363037283
in;0.0034353328871603527
ww1.;0.006143204098383889
-The;0.005853999244463652
first;0.0037314158778334926
tanks.;0.004581521837326844
-Advancements;0.0074214012865697395
in;0.0034342545248742962
automatic;0.0036749121139177787
fire.;0.0040332988831136875
-Systematic;0.006733054992351829
use;0.0036591690058401394
of;0.00341664336947766
chemical;0.0035918392037123828
weapons;0.0036231807948575467
and;0.0034684265411183955
their;0.004216819040412239
effects;0.003985732759636704
on;0.003628562367799811
the;0.0033924959070148523
war.;0.003998345778301188
And;0.003970152684722469
some;0.0036031701052486533
for;0.0035110079399171385
ww2:;0.004373362072859446
-Advancements;0.008382390097356035
in;0.003522405847999601
aerial;0.0039500947979934815
combat;0.0036176689281058306
and;0.0034600836970980643
planes.;0.0037948050222189615
-The;0.004181933354283179
rise;0.0037189722760504118
of;0.0033616841188723666
missiles.;0.004060379565738705
-The;0.0037712113354874143
first;0.0033312837171377767
nuclear;0.003295421442108699
bombs.;0.0035790598865436066
These;0.003840488762680526
are;0.0034423567583348807
just;0.0034998490481295114
some;0.0033246740410284898
examples.;0.004303080295916271
I;0.003627740762190489
hope;0.004255201429606213
they;0.003757048944399103
help;0.0038507708760452002
you;0.003374395620613683
with;0.0033423800665396976
your;0.0032318833987852336
paper.;0.003196790774264604
