text;attention
The;0.9996851121291388
1067456th;0.000107620561186251
prime;5.3934321682538824e-05
number;5.311628548130627e-05
is;4.7742968178284334e-05
16604509;5.247373433259147e-05
