text;attention
As;0.9999990971003462
luck;8.655770647453977e-08
would;5.590493502059686e-08
have;5.457335225699435e-08
it,;6.527066913590586e-08
so;5.188378612850465e-08
do;6.313845122788375e-08
I!;7.207364941038782e-08
Howdy!;1.320602869806233e-07
What's;5.868203410422823e-08
it;5.6323225438449515e-08
like;5.412189669494999e-08
at;5.220038957252267e-08
your;4.965556332706858e-08
place?;5.045370807373695e-08
