text;attention
No,;0.0972968167407118
but;0.06888252221530251
you;0.05077619325782992
could;0.05304219175232081
theoretically;0.06275819916102515
train;0.061244966582499095
a;0.05076792781080771
subset;0.054672090005298275
of;0.05114548514723063
my;0.05042955528670794
code;0.053496006391910364
to;0.051779601325330736
give;0.050133967653022596
you;0.04851886716895143
Turing;0.052232684950010405
Complete;0.04906596593805676
answers;0.04755299750675332
only.;0.046203961106230644
