text;attention
The;2.751368740906156e-07
Dog;1.927975633369518e-07
is;2.3321506574375648e-07
one;1.660836973788615e-07
of;1.682800858959948e-07
a;4.058764064451829e-07
few;1.7780751167963398e-07
animals;2.5129530184328184e-07
which;1.8208861232946324e-07
are;1.8438259113708033e-07
able;1.702405711236653e-07
to;2.2929084352765343e-07
bark.;0.6256526578611027
Even;1.755856655170265e-07
tho;1.5069057406338657e-07
dogs;2.861008498268053e-07
are;2.5424292787317705e-07
often;1.9137469444827102e-07
the;2.0596513145881996e-07
first;1.8858425530186646e-07
animal;2.4711041462290667e-07
that;1.4670391328367447e-07
comes;1.3926484321170094e-07
to;1.5407921759761351e-07
mind;1.957749438103526e-07
when;1.8643667620296678e-07
we;2.1445910709421078e-07
hear;1.6640346705862748e-07
the;2.1629289436188718e-07
word;2.2307729896317594e-07
‘bark’,;2.8003832163527532e-06
there;2.490484068699569e-07
are;2.2906418243186143e-07
other;2.6509484776024474e-07
animals,;3.781662763761211e-07
big;1.6307456844806112e-07
and;1.610167144282129e-07
small,;3.4414169352598614e-07
that;2.281285272093164e-07
do;2.150579830949269e-07
some;2.013191787526356e-07
barking;3.907869602904827e-07
of;1.5641028106471307e-07
their;1.5059730388875652e-07
own.;0.3743321071476407
Some;1.68346564639273e-07
other;2.0167927116337187e-07
examples;2.797448699134168e-07
would;1.6263668326590743e-07
be:;4.7375029065881223e-07
-;2.07579979232352e-07
Foxes;3.6100293214087027e-07
-;2.09366163259979e-07
Wolves;2.44018799245932e-07
-;1.8049971206286453e-07
Jackals;2.625439100253407e-07
-;1.9490098301206987e-07
Coyoyes;3.7798895829918325e-07
