text;attention
A;0.029926179204822687
hard;0.030933323401488685
boiled;0.046524487514813896
egg;0.04389159642374065
will;0.034592959648140034
spin;0.03565412719148342
nicely;0.035998031908378456
and;0.03260449117956426
a;0.029766094448833744
raw;0.03254737094611964
egg;0.03432790281099874
will;0.030422645760617473
wobble.;0.04951636060877857
The;0.03006869442894472
raw;0.03105899582407356
egg;0.03549584444670815
is;0.0306929798056993
full;0.029985739032157913
of;0.031899357050482635
fluid;0.03538420683256087
which;0.03269803996159315
Moves;0.03390881760796945
around;0.03200537098768169
as;0.02934079865106314
it;0.02863556102758231
spins;0.03248673261295615
making;0.03161333079545184
the;0.0285753040566016
egg;0.029781132130207534
wobble.;0.02966352370048573
