text;attention
Sorry,;0.04972263758147865
but;0.037404481642174775
from;0.032375369000379406
your;0.034063595574166425
message;0.04666216308353945
I;0.03243904386829673
do;0.03227201052260178
not;0.030325586310903905
understand;0.03722644678081709
exactly;0.03257684460772713
what;0.03401245906157792
is;0.028459114588490163
meant;0.030007142860384972
by;0.031294712496290636
a;0.030449065098376676
magic;0.030558246372739923
system.;0.1345890817965772
Can;0.03290051890796647
you;0.031107165787965938
provide;0.0289745010813366
more;0.02700817195154911
information;0.0287709459929611
on;0.027305283021866078
what;0.027699496363439755
constitutes;0.02896589232797679
a;0.026882995955560086
magic;0.028117204965040464
system?;0.027829822397814855
