text;attention
The;2.23543818761148e-05
total;6.16543589365801e-17
volume;6.552785869774157e-17
of;5.745442527550886e-17
the;5.3866503007012233e-17
sun;6.836370324899133e-17
is;6.502036032227803e-17
1.4;0.9999776456181211
x;5.66670187877413e-17
10°27;9.522892786689752e-17
cubic;5.629491611036378e-17
meters.;8.810000399098747e-17
About;6.500034055422564e-17
1.3;7.804244798723902e-17
million;6.008841058790114e-17
Earths;8.980842086914487e-17
could;5.729426523146183e-17
fit;5.926812908605956e-17
inside;5.954421306357805e-17
the;5.534051760076268e-17
sun.;1.0570977722546455e-16
The;6.258104320357244e-17
mean;7.20522922583877e-17
radius;7.892119279081625e-17
of;6.101919876579998e-17
the;5.1170145872681154e-17
sun;5.822932520897857e-17
is;6.808614315140275e-17
432,450;9.119291570272416e-17
miles;5.894642442743889e-17
(696,000;7.751858018137281e-17
kilometers),;5.787364531240428e-17
which;5.032601409387845e-17
makes;5.460478610818249e-17
its;4.9759535440869484e-17
diameter;5.346943589285178e-17
about;5.4651985797118385e-17
864,938;1.0023530007850931e-16
miles;5.0284667967991934e-17
(1.392;7.010034876785839e-17
million;4.610003050707679e-17
km).;6.393595273436309e-17
For;4.977724501118879e-17
comparison,;5.887601244329064e-17
this;4.762122738004149e-17
is;5.065710802692756e-17
109;5.0755857728192393e-17
times;5.421076541542506e-17
the;4.6773210612181005e-17
radius;4.993329429645064e-17
of;4.668019396596266e-17
Earth.;5.754360078781211e-17
8;4.8996692561247406e-17
*;4.880019222712012e-17
6;4.9473002055696795e-17
=;4.518827437064659e-17
48.;4.902398126748356e-17
