text;attention
Not;0.24623045538437172
yet,;0.29173629131987394
I;0.23261030829794455
guess;0.22942294499780977
