text;attention
There;0.00041007197070805715
are;0.0004174615604837453
five;0.0006496378570120098
oceans;0.0008058737094818049
in;0.00045340998413025504
the;0.00038266431950072845
World:;0.0013032038916087156
The;0.0004707802826712844
Pacific,;0.0005101415716518296
Atlantic,;0.00045779914410556006
Indian,;0.0005448479350462855
Arctic,;0.0006095139202763186
and;0.0004224711820563912
Southern;0.00035220466807615544
Oceans.;0.012159678500676275
A;0.0005040947970055511
sea;0.0004693129235576486
is;0.00043307351752604705
defined;0.0006197873589768227
as;0.00042667227103584824
a;0.00036552358148030887
division;0.0006533672110366757
of;0.0003729455395324675
an;0.0004248914335713391
ocean;0.00043693570621210074
partly;0.0004292085885060778
or;0.0004270865246838397
fully;0.00033452271955975246
enclosed;0.0004342850346175489
by;0.0003559704128348924
land.;0.2948594388621852
As;0.0003403558574502484
a;0.0003151917882588682
result,;0.0006926845469150557
all;0.0005033840403734062
seas;0.0004590960985549142
are;0.0006090568259652537
saline,;0.0009118173516819028
or;0.000682000750726869
filled;0.00046374355900083636
with;0.0003505212837779437
salt;0.00048203909104850036
water.;0.6620220119276381
There;0.00041512816677968453
are;0.0004079864334395293
over;0.00048248547323996403
50;0.0005287742868882443
seas;0.0004728254540319472
in;0.00044450860888489425
the;0.0003660754350594764
World!;0.0011430440126637463
Wow!;0.0012768216333139998
Please;0.0005524885158934905
let;0.00039528051903712537
me;0.00039942971820709674
know;0.00046341877729524607
if;0.0004549481130139612
I;0.00034944027370356905
can;0.0003516198473645769
assist;0.0008916111523169443
you;0.000607959733726412
further;0.0006673737439407579
