text;attention
Try;0.017396854997926047
out;0.016294419156474543
different;0.01725950658009397
disciplines,;0.04098261671102538
such;0.015329886264400343
as;0.014894903900997857
UI/UX;0.028581418872216238
design,;0.022969398717828746
cybersecurity,;0.02618816215038165
machine;0.01405499662376465
learning;0.01590669531808849
and;0.016059183893952424
much;0.014211635289883914
more,;0.0185744393829568
and;0.014764464622018797
see;0.01461940168589507
which;0.014673822314005519
one;0.015325435206335768
fits;0.015169834207586472
you;0.014665334100355087
best.;0.017557064657284144
There;0.014227701497050422
are;0.014367298526100226
many;0.014841330529529377
free;0.017266632121873862
courses;0.022070485715183538
and;0.015798199716438487
material;0.01652756654520799
online,;0.020229486012728455
such;0.014435358005704925
as;0.01476396268305817
Harvard;0.016085895027685027
University's;0.020216672271298298
CS50;0.021863386289084873
and;0.0161051428193138
the;0.013839077106149369
various;0.014556406773351063
courses;0.01510385473284861
offered;0.014190510232078896
by;0.014268874430988876
freeCodeCamp,;0.02255905698438389
that;0.014804483923455397
give;0.014527410774802905
you;0.013842814596009372
the;0.013554626471630242
opportunity;0.014117481625395693
to;0.013875920928393723
earn;0.015416014215963827
a;0.013655109503085091
real;0.013726391243631283
certificate;0.01517281268425623
and;0.014157947514411419
get;0.013693573059640451
a;0.013420742225749224
job;0.015262609550453209
in;0.013855636541145246
the;0.013541607387029891
IT;0.01399571491223452
industry;0.013727223589877876
more;0.01332741198506485
easily.;0.013528094594239596
