text;attention
The;0.10870849514025101
first;0.09741848660391318
president;0.09965958977307302
of;0.1019757587094519
the;0.09021659629101515
United;0.09040506254395833
States;0.09311102455110479
was;0.0980123003978598
George;0.0888863492039283
Washington.;0.13160633678544445
