text;attention
There;0.04371868979626493
are;0.04046674197918706
multiple;0.04208807731959301
manufacturers;0.042694762822452666
with;0.041885293168832605
the;0.0360609517627802
name;0.04036145222940355
of;0.03726846945559741
Dayan,;0.05266541135185493
to;0.039085844685722466
help;0.0401796942206808
me;0.03790350078757433
narrowit;0.05463925215373251
down,;0.04204031162361488
can;0.039332157810790906
you;0.03658015540347609
elaborate;0.04230380985669748
on;0.03619741358042157
what;0.038319129430518795
the;0.034916694931012786
primary;0.03856804799400152
product;0.035993552676900444
of;0.034542459417613955
Dayan;0.038086632422246657
is?;0.034101493119028485
