text;attention
I;0.01624360334341444
would;0.012638106917342988
recommend;0.014098471616837692
ensuring;0.013266900125523567
that;0.01033038818107596
the;0.011123019459786953
entry;0.010360552862059759
is;0.010649057504202435
clean;0.009885179682524423
using;0.01096809682439878
a;0.008905354305324175
healthy;0.009585863475190796
anal;0.013186491109035655
douching;0.019480596641099298
tool-;0.03099718674791575
clean;0.010566246656506762
until;0.014706149928597577
the;0.010039651421199135
evacuated;0.01364471743816219
water;0.009787822532272072
runs;0.009291545258059598
clear;0.010665635982293798
in;0.00932113243089651
the;0.008647984423627198
toilet,;0.012899920999158808
and;0.009556425064025946
shower;0.008929988262044662
well.;0.03671945445791918
Ensure;0.011730054712004017
that;0.00931736037052418
you;0.010127896719336976
use;0.009441691434689673
plenty;0.009318012383575823
of;0.00929966280783853
lubrication;0.0211703885039984
during;0.010005649436166353
anal;0.011912736034346574
sex;0.010428940705231206
to;0.00934679589584031
avoid;0.009396748686158106
injury,;0.011605113800751094
and;0.009318720958006437
use;0.008780995046904383
adequate;0.008521606679748881
protection,;0.012147192117915317
such;0.011752978956601651
as;0.008682172313903239
a;0.008620298760004858
condom;0.010448708381587627
if;0.010404227337060135
you;0.008963647544954084
are;0.008798881708950771
unsure;0.01233499177923265
that;0.009054609904405885
your;0.009082094577077808
partner;0.009125029146730329
is;0.008428046285484861
free;0.008390364926222197
of;0.009156330515471916
sexually;0.009765949830111646
transmitted;0.009406443238325462
infections.;0.031253652241989664
Relaxation;0.01374355807527352
of;0.009033083820087202
the;0.009333696367265954
sphincter;0.013377297512047566
during;0.009130978839702857
sex;0.008702484019873554
is;0.008208106156223045
key-;0.013806835034105758
ensure;0.009576412382155262
that;0.008498337594248243
you;0.00892155791282408
feel;0.008647642293793733
safe;0.009425471757498638
and;0.00873464343923205
supposrted;0.014016607863862622
by;0.008271669406416044
your;0.008286693823713647
partner.;0.011744735884865168
Understand;0.00938604866499462
that;0.009355740574348235
anal;0.008627759037061937
sex;0.008544525284858651
is;0.008177643587798461
healthy;0.008853583532971498
and;0.008066025534219775
natural.;0.009158771649324677
Enjoy;0.008016529716456423
yourself!;0.008320022843129672
