text;attention
I;0.009750520491662999
would;0.007967365886555203
recommend;0.01010364034379248
ensuring;0.01058325779133754
that;0.010313178934492713
the;0.010989460085242436
entry;0.010661570218361689
is;0.009568330584851181
clean;0.010508487528863596
using;0.011439967559025786
a;0.008847130098316574
healthy;0.008969355696276144
anal;0.015281168518259282
douching;0.04786415580539894
tool-;0.02388079803776218
clean;0.009498164104265072
until;0.010396272286492913
the;0.010765355259622146
evacuated;0.015651454379759365
water;0.008686224759440819
runs;0.008784585709696192
clear;0.010014572185025758
in;0.008520985009013897
the;0.008662092601141003
toilet,;0.011617864692869491
and;0.009116552835201616
shower;0.008778930010300202
well.;0.06901941412440973
Ensure;0.009654396637629967
that;0.010318671016117165
you;0.008926091850469648
use;0.010438619528881515
plenty;0.008519569382450558
of;0.008938559781501636
lubrication;0.023619168477697516
during;0.01089965823531397
anal;0.012709931741800597
sex;0.010221475811000304
to;0.008637365908856337
avoid;0.011966813143605506
injury,;0.011120560903620597
and;0.009138505781467507
use;0.010623509886937887
adequate;0.008095732122885486
protection,;0.014421396299680153
such;0.00851645240536706
as;0.008982295225516333
a;0.00830001390372082
condom;0.010615421328646993
if;0.009976182244316265
you;0.007892326922082122
are;0.008219191289122109
unsure;0.009616127352342045
that;0.009376708937022032
your;0.007751292074552929
partner;0.007871197910375955
is;0.007837160504295287
free;0.007792185730481483
of;0.009493287822929625
sexually;0.009268040085195009
transmitted;0.013865882016625022
infections.;0.021798983883513496
Relaxation;0.014485939232742424
of;0.009277789591085583
the;0.008994713794076386
sphincter;0.013981333483053226
during;0.009289227131948153
sex;0.008016364639593552
is;0.007682918570226556
key-;0.012771783636550063
ensure;0.007781271016473234
that;0.007828896759245684
you;0.008520913396784692
feel;0.008261028237637727
safe;0.007868161506508908
and;0.007535553780623436
supposrted;0.01173538174217964
by;0.007519273110312188
your;0.007121605243379836
partner.;0.009720153613190523
Understand;0.007867382248605146
that;0.009115526159702403
anal;0.008417584809172231
sex;0.007611136439463435
is;0.007996394175474887
healthy;0.008153264740826074
and;0.007096975995034936
natural.;0.00849040692123384
Enjoy;0.007390711054449416
yourself!;0.00780467728696795
