text;attention
Can;0.08854042313576599
you;0.05858356765043422
try;0.1065735962253271
plugging;0.08954251022823684
it;0.07620232668346621
in;0.06363891318477129
the;0.07951683230701456
battery;0.05848926583483228
might;0.0934982852786877
need;0.06446588936709334
to;0.04975505709419635
be;0.05081095759033758
charged.;0.12038237541983655
