text;attention
Can;0.02729202786643071
you;0.02893526013959671
try;0.03275661695742289
plugging;0.03630623708366236
it;0.025568948472017627
in;0.026414803434156333
the;0.4034141255525536
battery;0.028936996077962934
might;0.02720610847810324
need;0.026142750328806363
to;0.07042533563412064
be;0.024957958620854818
charged.;0.24164283135431183
