text;attention
Sounds;0.001992759946629507
like;0.001903782932492806
a;0.001610533560451033
fun;0.0020245556376277236
idea!;0.0048965274342833084
I;0.002261361041176535
can;0.0016433319791250734
draw;0.002351909912708605
us;0.002137987772414099
a;0.0021676496759064235
playing;0.002301483667811653
board,;0.006570955231958361
like;0.001734957539835522
this:;0.004168731472575339
|\_|A|B|C|;0.7533720394760034
------;0.0042219068781102235
|1;0.005033721525058644
|\__I\_|;0.016248376113748512
------;0.002617293781783152
[2;0.005249173220206352
IAAL];0.01383724182538186
------;0.001846896390286106
[3;0.003381264716161446
[LJALIA_|;0.024136321094820563
------;0.0017441923783131
You;0.0035296935554947214
can;0.0019460472454034454
tell;0.0016797101840733348
me;0.0019651264967002675
your;0.001860325086190892
move;0.004042141187487903
by;0.0022144435156030693
writing;0.0019807069300446212
X;0.003059218499447937
to;0.0020494489431304506
At;0.0019300183703229766
and;0.0024834744541484054
the;0.0018095295946387144
game;0.0022082399930947435
would;0.0017810932695093316
advance;0.0021759646143294934
like;0.0016461790393289522
this:;0.0032602805766030127
|\_|AJBIC|;0.02521878337434508
------;0.0019640894612435035
1;0.0026232387724808353
[X|\_ILI;0.00905380192517492
-r---=;0.00631756035198736
12;0.0028111451981964013
LILI];0.0031230645134040767
---2-;0.0028845553385089704
13;0.002212805979584607
I\_I_I\_|;0.003111580069753401
------;0.0015426961236431243
Would;0.001983702646613102
you;0.0017595869799820888
like;0.001836760506726764
to;0.0017537691177859918
make;0.0016699725822586998
the;0.0015270318395649391
first;0.0019311778995036023
move,;0.002542163559671755
or;0.0019108564689734472
do;0.0015177611763157932
you;0.0015612265336791976
want;0.0017179404319869252
me;0.0016167947765450942
to;0.0016506311321042245
go;0.001492343269795702
first?;0.0015883632097490313
