text;attention
Knitting;0.03515589083139501
uses;0.03014498321419805
a;0.02491190544363077
pair;0.02408723913726207
of;0.02435468534013144
long;0.023326845079967105
needles;0.02703876156563818
to;0.024785303433851026
form;0.02441408232956336
the;0.023174552183079775
loops,;0.029390267390145733
moving;0.024829913143512388
a;0.023335031384490425
set;0.02261131012363921
of;0.023048497673486167
loops;0.022532440832213858
from;0.025033696462260124
one;0.02298955465808204
needle;0.022944340573980624
to;0.02303407988677577
"another;";0.024297699634137502
the;0.022584005003680435
stitches;0.024408930899774903
are;0.022276195449415268
held;0.022394858785428587
on;0.02194799064615156
the;0.021768812341939194
needle.;0.023334039580402713
Crochet;0.02565385292723832
uses;0.02344975900914438
a;0.022172957484379033
single;0.022199007773530812
hook;0.022409179745999222
to;0.02289533328564936
hook;0.02322405798939865
the;0.022237768432627723
loops;0.021800411067521654
together;0.022366589181840868
directly;0.0225749258761886
on;0.021896133752181367
the;0.021449171083456856
piece.;0.021514939362609994
