text;attention
Yo,;0.028524457163882622
I;0.020861522074286508
bought;0.02086063054426678
these;0.021574906070080727
eggs;0.029316108154874603
just;0.02127029809576646
a;0.019596498431136197
few;0.019358133306320396
minutes;0.01943702119323263
ago;0.02016821249185609
and;0.021083646897160822
when;0.01996922377652946
I;0.019791091032572674
got;0.018881331076970397
home;0.020055091897022835
and;0.01919595816404612
opened;0.019388912780282538
the;0.01983118674454992
package;0.021152730695190403
I;0.01983437508575686
saw;0.020868520104983065
that;0.020103098209698373
they;0.019261435773247564
were;0.01951800548410578
furry!;0.030089061829329394
Is;0.01969765528558527
this;0.020114986297456967
some;0.01968301565105152
kind;0.02272868270886755
of;0.019624983721582154
sick;0.020004049381342152
joke?;0.024909498225225705
Do;0.019900979793611072
you;0.02108229035119861
not;0.01977612572277994
have;0.01931805385975981
any;0.019224556621852185
quality;0.019516357358054244
contro!;0.026169805176632158
of;0.019043191387227303
your;0.018892162152060955
products?;0.021917856558300915
Give;0.019553278078917352
me;0.019859338598254495
my;0.01894459187266399
money;0.01926076861202066
back,;0.021444987680367608
now!;0.019341327828038136
