text;attention
1.;0.01413714171092818
Diameter;0.019898149774465593
of;0.011321712549342621
the;0.009390178056993914
Sun;0.0702275213121597
at;0.01919945637801559
its;0.010066440815129394
equator:;0.07564698458236586
1,391,400;0.1662642628499967
kilometers;0.021913903682495295
(864,576;0.030435274936384944
miles).;0.023299627647839542
2.;0.02124195156073991
Radius;0.03177944844194449
of;0.009830561513448018
the;0.009067146293949287
Sun;0.015524305671572031
at;0.010697823040183045
its;0.008626333904972971
equator:;0.02772928973210503
695,700;0.04464023582473238
kilometers;0.00953431233615246
(432,288;0.01666313441211853
miles);0.010429260693541003
(or;0.010394789992060569
one;0.009365514658414413
“solar;0.017771701770319167
"radius""";0.01609110120459227
(1;0.009353229840328025
RO)).;0.011449405530180194
3.;0.011382191372775395
Mass;0.01989713693732847
of;0.009470466087970895
the;0.0074814293579875644
Sun:;0.015446230244811222
1.9885;0.060299769330987844
x;0.009305525031341914
10%30;0.03329755691984306
kilograms;0.011441180163633154
(4.3839;0.034949074424504144
x;0.008430925001795939
10*30;0.008981837277625337
pounds).;0.007626477131923832
