text;attention
Here;0.011710269278851736
is;0.010962614038576169
the;0.010432612662744528
modified;0.014871351756557696
version:;0.025038263700419325
Place;0.015272265219605223
the;0.010694672264478552
patties;0.016681834405971034
on;0.010919245071784411
the;0.010260616966574062
hot;0.01115171103472812
grill;0.015716564202717484
or;0.011223132294331917
griddle;0.0127310450210721
and;0.011550346724257244
cook;0.012268827388517293
for;0.010743762184838261
about;0.011408166365952556
3-;0.013080118614960404
4;0.0171029097393507
minutes;0.01379256829703368
per;0.010732790109206941
side;0.013172303999111176
for;0.011528386141834112
medium-rare,;0.017171791035750308
or;0.011386739782814024
longer;0.011936977053308413
if;0.011472950581222913
you;0.01035622412243356
prefer;0.011107712247133849
your;0.010438780961995669
burgers;0.011533797091968388
more;0.010284139623665584
well-done.;0.02506638112168523
If;0.012271755596590085
using;0.01051011936108104
a;0.010142591053818472
grill,;0.015485111420992733
use;0.010976247025514127
the;0.010191049269648242
spatula;0.014179029490632964
or;0.010259678386440414
tongs;0.010947208181525406
to;0.01054604523070065
gently;0.011428129572112002
press;0.010897881910300933
down;0.010328522414634939
on;0.01058654669482641
the;0.009943027823953721
patties;0.013301537675916034
to;0.010427113929078085
help;0.0103018906545706
them;0.009999317054641294
cook;0.010366165695132308
evenly.;0.014778326774536088
If;0.01159539212102267
using;0.010366812549669823
a;0.010070023245181851
griddle,;0.0194495530565619
use;0.010502676303412081
the;0.01009212122760328
meat;0.010286463626207575
thermometer;0.013905950670018504
to;0.010674984054261405
check;0.010971663428918794
the;0.010127119736562664
internal;0.01037604715699507
temperature;0.011427188149351876
of;0.010327858404326162
the;0.009893941991591614
patties:;0.015020334326248427
63°C;0.026548982030495983
for;0.012557830976086126
medium-rare,;0.014243825722813954
71°C;0.015797515278931057
for;0.010402265926137275
medium,;0.01090499497131402
and;0.010342122963477808
77°C;0.012058872002370427
for;0.009979864976369535
well-done.;0.010406428781970897
