text;attention
Hi,;0.21070605358679104
I'm;0.21902381251744069
a;0.13512774500830824
large;0.14322137852943978
language;0.15251471505983025
model;0.13940629529819004
