text;attention
According;0.051122920624000624
to;0.05116231047627509
Wikipedia,;0.07734657336188497
an;0.0524460639642645
average;0.05232900933676447
sized;0.05695438666794457
woodchuck;0.10421538312861592
could;0.05267845442329266
ingest;0.07276745281787442
361.9237001;0.16429888456480626
cm%3;0.06701298389833331
of;0.05243777048359498
wood;0.04816114179384155
per;0.047759145082380584
day.;0.049307519376125986
