text;attention
Not;0.02100094818040646
that;0.02207035102825543
much;0.02218618535522856
I;0.020582355553299184
think.;0.03750230311113653
There's;0.028745995116787795
already;0.02235884104155179
the;0.02205066355903931
option;0.02244391487508675
to;0.021669446431332378
flag;0.02755758143491612
and;0.020830198367177248
label;0.02569380283305621
almost;0.020321790502542358
everything.;0.03541302943118179
Sometimes;0.02353016901837396
people;0.031673127175377035
don't;0.029792465383847517
like;0.023538044713707813
the;0.020562906410145868
truth,;0.031864391874442
but;0.022575259883010384
that;0.026577107402336552
doesn't;0.029591530967291956
mean;0.0228533749343024
an;0.020167758814792245
answer;0.023275370308570142
should;0.02079317831228874
be;0.021254528251434063
altered;0.025369476455002416
to;0.021763885445126353
be;0.021391777363475296
more;0.020354484506472623
comfortable;0.022091033065716473
but;0.02101619444348028
false,;0.026350615544210036
or;0.020298850137968668
even;0.02063933467297937
a;0.02019724633290679
straight;0.019532090142356733
out;0.018735555814567543
lie.;0.023782835804818808
