text;attention
The;0.19222498174024422
simple;0.14168209129873033
answer;0.1495706066549622
is;0.1546968082447295
1,454;0.22124896312870684
feet.;0.14057654893262683
