text;attention
Do;0.04927935361999385
you;0.04988210320499534
have;0.04825888610630559
a;0.04385256026606819
particular;0.05015605011005133
level;0.05202115120393776
of;0.04521331129386802
education;0.05106762715568168
in;0.044290353023452314
mind?;0.08491823052302436
For;0.04415141181753315
example,;0.06807813000262822
middle;0.04933211627309962
school,;0.056615655347791234
high;0.04437635164300373
school,;0.04723486454774234
university,;0.04630937031774678
or;0.042541560619650066
graduate;0.04006423856890193
school?;0.042356674354524344
