text;attention
Do;0.04676930033354927
you;0.053021552648631814
have;0.04286832258877709
a;0.04224641544641273
particular;0.05409511490682562
level;0.06025800065434789
of;0.04108775609618931
education;0.06462280700219215
in;0.04212125672482735
mind?;0.07207483347966259
For;0.04801497151610649
example,;0.06394938121667437
middle;0.04308561212538925
school,;0.06573433486103039
high;0.04179032723282144
school,;0.048256238407491096
university,;0.05186144790365509
or;0.03949496210342312
graduate;0.03852476929630739
school?;0.040122595455685625
