text;attention
If;0.04972405186840918
your;0.018243048564489186
vision;0.02636582332836708
has;0.018539667339589193
deteriorated;0.09980855902939122
in;0.0151299287006142
such;0.01268771567066866
a;0.01207544177335517
way;0.01794377167644076
that;0.01849289826651779
you;0.014695429373960761
cannot;0.015772171945743756
effortlessly;0.019391765440324987
see;0.02554729309901558
objects;0.01955472823330466
and;0.016808453270928243
scenery;0.020523084601981514
that;0.014480808838658467
you;0.012663276073664945
used;0.012948378917176713
to;0.015174813500828567
be;0.011954557648523503
able;0.013531180942947349
to;0.012061498418710187
see;0.01394105854737432
well,;0.031075027951584018
you;0.014395509125191448
should;0.01477745749029689
visit;0.014107285663834368
an;0.012813928063238503
optometrist.;0.04392583187643782
One;0.018207286883793517
common;0.015215020574121685
trait;0.014854943534603973
shared;0.012993692833845182
amongst;0.013982364120780152
people;0.01360631114452125
who;0.013560289111890271
are;0.012391406542546965
in;0.01177712950908209
need;0.012690500382353101
of;0.012377981260435614
glasses,;0.023612774274160413
is;0.013985677124898992
squinting;0.02448705463211065
the;0.01241765787663567
eyes;0.014023525642095462
to;0.013651489713078675
try;0.012120828612838579
and;0.012344427438605136
see;0.013330903232080844
objects;0.012391173705691821
sharp;0.012898327916193669
and;0.01195257537308218
well.;0.011972213318985096
