text;attention
I'm;0.02635387492731646
sorry,;0.021542282615241364
but;0.019167307929327047
you;0.019379921091272578
haven't;0.0224223143647669
provided;0.022924768560935144
any;0.01984622559089481
data;0.022990933813332354
or;0.019551487062670014
context;0.022743939185770633
for;0.02012640823658376
me;0.019590531743173385
to;0.01991673026470488
mondegreen;0.05399590177284819
or;0.02375964556967129
create;0.023880181581572724
a;0.022202175083278333
new;0.02019021839020924
data;0.019247539303334074
or;0.01861240576315892
context;0.022955516593205195
based;0.019940521779658667
on;0.01904021258195583
known;0.018606543166510815
information.;0.02981600156567393
Can;0.018978192753378857
you;0.020270758454522562
please;0.0195282554510577
provide;0.020425585630797643
the;0.019644793251626363
data;0.019011096124671827
and;0.017863001355204227
context;0.019811088010882164
that;0.01837055892908764
you;0.018688874992880175
would;0.017590984210380082
like;0.018078157337242984
me;0.018348299627830092
to;0.018776416892439935
mondegreen;0.020855252102471397
and;0.018260895565567665
create;0.020325259998179544
a;0.01791362549227346
new;0.018098371198076328
data;0.017799958061927943
or;0.017349624524012185
context;0.01752512679444003
from?;0.01768223470398258
