text;attention
Harry;0.5024274704243071
potter;0.4975725295756928
