text;attention
As;0.20482173395348321
many;0.17922971067636803
as;0.16634260401865322
you;0.1605927328227464
can;0.1495758565404962
imagine;0.13943736198825282
