text;attention
Here;0.009693334126789323
is;0.009648965486638192
a;0.008781557821477921
list;0.010496630564343017
of;0.00950022686985104
the;0.008699224142473866
top;0.009748666831379269
5;0.011755895086106355
cereal-producing;0.0157295083312076
countries;0.011307125761121356
for;0.009989328106504745
five;0.009769884263125693
different;0.009166348211235988
types;0.010123496904260757
of;0.009308678463165044
cereal:;0.022535636628489404
1.;0.04277973845968892
Wheat:;0.03113513718521249
-;0.013475419362779413
China;0.012551058826079606
-;0.010473424694727075
India;0.010418944964091828
-;0.009384090769248775
Russia;0.010230106213025347
-;0.009557024576574065
United;0.009171301728405051
States;0.010345744398498617
-;0.009106544870356264
Canada;0.014569336828711154
2.;0.023299714384320627
Rice:;0.017125086387027248
-;0.010303500022109108
China;0.00974591296841308
-;0.008870776378245506
India;0.00862079188690608
-;0.008610714457307657
Indonesia;0.008865995747084264
-;0.008503169700606468
Bangladesh;0.008931313825958728
-;0.008801931266469706
Vietnam;0.011485636854183056
3.;0.023111488557136742
Corn:;0.015319677333973427
-;0.011718729131370568
United;0.008606053203557524
States;0.009596362837194346
-;0.010103345077410538
China;0.008597305259962953
-;0.009066533156969162
Brazil;0.008162720658602908
-;0.008696998964316563
Argentina;0.008343059336570516
-;0.008618762974545604
Mexico;0.009795058468243842
4.;0.017510966763665363
Barley:;0.016578371734384367
-;0.010028918080614834
Russia;0.008999942387569904
-;0.009335538128276387
Germany;0.008667809008463605
-;0.008883678270571564
Canada;0.008244966513656691
-;0.008536279461093895
France;0.008029052566079779
-;0.008370985013854344
Ukraine;0.009244673132243763
5.;0.01640156143116322
Oats:;0.014521852752092952
-;0.00955678589911444
Russia;0.00850941865579852
-;0.00874741588183318
Canada;0.008081501873570656
-;0.008361907809038858
Australia;0.007931109514937622
-;0.008082164713138641
Poland;0.007905632151612914
-;0.007680761391314214
Finland;0.009100262588230624
Note;0.008649391212231515
that;0.009755156009028165
these;0.008528336690499266
rankings;0.008868505204253885
may;0.008197308844860729
vary;0.008758125978908283
depending;0.008914775536384738
on;0.00869211407235439
the;0.008179631169718404
year;0.008484936864871609
and;0.007959586301768448
source;0.008558899929662023
of;0.007790098397916983
data.;0.008998558751166941
