text;attention
sure;0.0016984793746638517
go;0.0010702787628378088
lang;0.00527748715985999
is;0.0015065194126867173
an;0.0013129006363707197
async;0.002036721093663767
general;0.001341769554966402
purposes;0.0012436167917982946
programming;0.0010963496430316454
language,;0.004089500003207071
it's;0.005989318932932898
good;0.0009200945757881357
to;0.000861048061280028
note;0.001069253071017342
that;0.0009494068899743946
it;0.001013543911143005
could;0.0008680511608557647
be;0.0008169067977985664
hard;0.0009376597056848577
for;0.0008801731444575717
beginners;0.0014771367429124648
to;0.0009039005396966854
understand;0.0010588986677884313
the;0.0010183831555276696
go;0.001093745309347655
routine;0.0012156718163486412
and;0.001177883639010236
this;0.0009753732495067777
stuff.;0.9380245974013852
but;0.0012778439384511038
let's;0.0013973588633157262
give;0.000894952661706973
it;0.000857664288632502
a;0.0008180211425425761
shot;0.0010802357005415069
and;0.0009413478792434618
tell;0.0008849339263642936
me;0.001007983651262681
what;0.0008772408532039632
you;0.0008615087651068908
need;0.0008800735370977144
to;0.0008124607949325899
know;0.000967104762018975
i'm;0.0011639376529912861
here;0.0008583283488462277
to;0.0008210811231192295
assist;0.0008566634681563095
you.;0.0008165894369231482
