text;attention
The;0.02816502606902427
egg;0.04122948182560816
comes;0.02429720629055054
first.;0.14386482625724134
You;0.02319317123489016
can;0.0189262025977793
think;0.017807172229029354
of;0.018959518425687882
it;0.019441919927373062
this;0.02095382861197172
way:;0.030886030260054317
the;0.02357307695724101
first;0.024759677962667887
egg;0.028451633120314606
that;0.02037340727305691
hatched;0.034259461745189505
into;0.02124894193641459
a;0.01946433705653677
bird;0.02732723257381078
whose;0.03647587245413921
genetic;0.02345073477371357
makeup;0.019347106766697146
was;0.021555154146044714
fully;0.019541535714693282
chicken;0.03777978093324669
is;0.036001979861950584
laid;0.02316053798050994
by;0.021189001082253533
some;0.022212824381446637
almost-chicken;0.03658489163474009
creature,;0.02623586793735403
thus;0.018241232473404947
creating;0.018449178626309282
the;0.017425392220665657
first;0.016849067270651004
chicken.;0.01831768938773749
