text;attention
Sure,;0.011537366755228607
here;0.008946101298990141
is;0.006539803282916471
the;0.005865805162580415
code:;0.01066644645661365
function;0.010994286745250844
GetCurrentDate();0.16050045367451632
{;0.009633767687404924
const;0.011205227315736917
months;0.024454863903591778
=;0.00884782017436811
"[""January"",";0.26076675208386074
"""February"",";0.024755467711323417
"""March"",";0.01240145889115927
"""April"",";0.014962661157641947
"""May"",";0.021498459393488087
"""June"",";0.01020058238242889
"""July"",";0.008894530218486634
"""August"",";0.009387755339600871
"""September"",";0.008134403194805897
"""October"",";0.007335248989935391
"""November"",";0.008122650850822625
"""December""];";0.01796871029813943
const;0.007223744659911942
date;0.01011979017061127
=;0.007119939487801633
new;0.006242497024279788
"Date();";0.01698512960831959
const;0.0069807099814828836
month;0.011547810815619937
=;0.007251769703725794
"months[date.getMonth()];";0.04601035319360729
const;0.006567419696717912
day;0.009306650671206172
=;0.00665564100527519
"date.getDate();";0.013541112160597443
const;0.006029683493064235
year;0.011073549125316632
=;0.006325872453340818
"date.getFullYear();";0.009427553935744811
return;0.007884021136402727
“${month};0.03292538982266272
${day},;0.012286420022816408
"${year}’;";0.014814480103186804
};0.006774489666828905
This;0.007268880811908237
returns;0.0073266629645180464
the;0.0067489647775522705
current;0.005858265363277613
date,;0.007550235782706245
in;0.006216331779813036
the;0.0053935767979572495
format;0.005819250443456753
you;0.005415815603510053
requested.;0.005687364767888161
