text;attention
Hello,;0.045557429957593626
I;0.030742798805033996
would;0.030858799534581333
like;0.030807412922898524
to;0.02982915281739022
return;0.03376088794475778
these;0.030761861814354464
eggs;0.034147021818099366
I;0.033332028226025635
bought!;0.03727951194988431
When;0.03323633328849426
I;0.029702189030597802
got;0.030494141909352863
home;0.031156612799366937
and;0.02975816230009248
opened;0.030722903630303458
them,;0.03212947915661502
it;0.02973003036405482
turned;0.030363121759145625
up;0.0318671545938909
they;0.030321660137464835
are;0.029664392954743074
all;0.02952760827585095
furry,;0.03190476412369061
this;0.030335166022617627
is;0.02946400247086691
disgusting;0.02927382275009238
and;0.028585038936706934
I;0.0285456830646473
want;0.029434117819602767
a;0.028201884292619626
refund!;0.028504824528563507
