text;attention
I'm;0.10458688772024198
sorry,;0.10570260866600119
I;0.07564702427130059
don't;0.07935442010522302
have;0.07805776862182597
access;0.08795875973032737
to;0.07771480605823082
your;0.08371557644508429
tasklist;0.10287572668715206
at;0.0716675068868168
this;0.06436204087566977
time.;0.06835687393212589
