text;attention
You;0.10774504020428746
should;0.10649945410079396
use;0.11649854974141038
ProtonMail;0.1473134366847024
for;0.1156492969460774
your;0.10281441830811859
more;0.0989543030292206
sensitive;0.10250488626736755
communications.;0.1020206147180217
