text;attention
The;0.013994511906050269
clue;0.014362848165218232
"""Aircraft";0.016860730758290754
whirling,;0.020721783603567683
cheer;0.013470177789652003
"pilot!""";0.016517321124510875
is;0.01254611361434243
a;0.011945864737919974
cryptic;0.016654330085877404
way;0.013843949178043253
of;0.012114715891304166
describing;0.01385321680383576
a;0.012073991815514211
helicopter,;0.026796506740818387
which;0.012286222461230017
is;0.011777045347187052
a;0.011539404344278054
type;0.014005808187642644
of;0.011342269913063373
aircraft;0.01256025493668227
that;0.011515116480237083
rotates;0.01552166045457208
its;0.01217235467105088
blades;0.014721441322315804
in;0.011516412047095418
a;0.011277994885768992
whirling;0.014323045465575886
motion.;0.017525355441815896
The;0.011684228109861387
word;0.012024364626180535
"""cheer""";0.016769855198037864
is;0.011553570406936133
a;0.011175489823931645
homophone;0.015894858360121892
(a;0.012989658381621175
word;0.011826039477058419
that;0.011332971336121458
sounds;0.011619260240610019
the;0.011672553350889606
same;0.011714552795175642
as;0.011448395432815901
another;0.011544391384979933
word);0.01318310521785625
for;0.011798423552681113
"""hear"",";0.016234126583695725
which;0.011509273140623874
is;0.011191495768380943
a;0.011080013315105941
reference;0.012125559904268692
to;0.011129679675766651
the;0.010959077527385779
sound;0.011455930933305231
that;0.011235950327657127
a;0.011118774525431871
helicopter;0.012856960611102752
makes.;0.01388902517943721
Putting;0.012581239781139114
it;0.011537376366068068
together,;0.012519621968873755
"""hear""";0.01380670326280025
+;0.011519883511837007
"""pilot""";0.013862694207180174
=;0.011046172002930633
"""helicopter"".";0.014962606287680497
So,;0.012094697607902605
"""Aircraft";0.012159686233184315
whirling,;0.012971945919275099
cheer;0.010979005768809304
"pilot!""";0.011508382610485843
is;0.010851209663610273
a;0.01075263055496409
cryptic;0.01122019086157738
way;0.010842204611310484
of;0.01067926893583536
describing;0.010780218003809256
the;0.010671297473766347
word;0.010718083278295393
"""helicopter"".";0.011076847728162992
