text;attention
Sure,;0.0197577255723567
here;0.01727439752889399
is;0.015126166338010555
the;0.01427364779527325
code:;0.024975879287609214
function;0.02110193323196415
GetCurrentDate();0.030656896024428424
{;0.020765647822350703
const;0.017866532994765667
months;0.021602776713694705
=;0.01879064516827687
"[""January"",";0.03944976961539461
"""February"",";0.02340241154404997
"""March"",";0.020369407431753556
"""April"",";0.019061059647744863
"""May"",";0.018789691504192504
"""June"",";0.018532975658300338
"""July"",";0.018043791416461133
"""August"",";0.017960656953297287
"""September"",";0.01875838035990636
"""October"",";0.01648653122329691
"""November"",";0.016265547337549736
"""December""];";0.020629320567566653
const;0.015855782814448723
date;0.016280215486348094
=;0.015601551039505947
new;0.015075761367470242
"Date();";0.01897985767492911
const;0.015818811285010795
month;0.016588711829377958
=;0.015252832919886281
"months[date.getMonth()];";0.022164114398715712
const;0.015165220794910337
day;0.015853330053445813
=;0.014979141345077053
"date.getDate();";0.017951803640923608
const;0.014654412171411548
year;0.015150601893881944
=;0.01458664507170139
"date.getFullYear();";0.016862517018976547
return;0.016453107378227607
“${month};0.029372581256716504
${day},;0.019128634171949134
"${year}’;";0.023349656979669637
};0.016006412044219365
This;0.016060000506883734
returns;0.016114496181902395
the;0.014598084974437766
current;0.014173189617360096
date,;0.015974032081870308
in;0.01439975885887006
the;0.014016270509275676
format;0.014745540131699417
you;0.0142191174286617
requested.;0.014626015335097055
