text;attention
Of;0.10236615655645669
course;0.11721240118343333
i;0.10738294335930372
will.;0.16166986191234858
But;0.11555522466119506
how;0.102312520137787
old;0.09932137899301301
are;0.09354120452372533
you?;0.10063830867273733
