text;attention
Of;0.11730269830221707
course;0.12266197039627515
i;0.10820451121679694
will.;0.1216909647350938
But;0.10766360735978746
how;0.10671924516980077
old;0.10766164530315064
are;0.10421735542807205
you?;0.10387800208880614
