text;attention
The;0.013420611572197191
primary;0.013943780069082716
Language;0.014777501632964858
spoken;0.01825801541303842
in;0.011800129657589867
Costa;0.013004573562048208
Rica;0.02301563785683597
is;0.021920006717265118
Spanish,;0.033838569029528365
with;0.01289797359347573
some;0.012400366783677999
Central;0.011164766343716874
American;0.013117571438900518
features;0.014013283837998587
specific;0.010955315679178922
to;0.011479623459850164
the;0.009829496869299181
country.;0.026944632955800553
Costa;0.013061868175607737
Rica;0.015360892062938617
is;0.01552658195510537
home;0.011069382769281193
to;0.011928300521858103
at;0.010597647418466472
least;0.011480917770649152
five;0.013604154354214469
living;0.011898681935559532
local;0.011180402230502495
indigenous;0.015779855439742942
languages;0.019005120717534074
spoken;0.012406867934211491
by;0.011496682223060667
the;0.009857141630696134
descendants;0.011231379707248653
of;0.011413333239578043
pre-Columbian;0.01535371696134675
peoples:;0.02018821645994045
Maléku,;0.027894572350921895
Cabécar,;0.02149153944443135
Bribri,;0.017483320614280796
Guaymi,;0.013025090640795944
and;0.01058342767496402
Buglere.;0.01841369497168155
Some;0.012701523636124952
Afro-Carib;0.022734462865218016
immigrants;0.012584566317662093
also;0.013029669422067493
speak;0.012441874461059682
Jamaican;0.01384301327620988
patois;0.013207216731481812
(or;0.013788250763542351
Mekatelyu),;0.01629459116800338
a;0.011522841079078423
Creole-English;0.014988163620113924
language.;0.013517767881426496
In;0.009981232235117371
addition,;0.013006770280664666
many;0.011905536715767426
Costa;0.009800399559224746
Rican;0.010208347690768636
adults;0.011969621688285434
speak;0.011899968524225138
a;0.009896900165874455
second;0.010018660727795973
language;0.011471967670171014
such;0.009432512683180972
as;0.010714956302815774
English,;0.011742017469617243
French,;0.010987060544937687
Portuguese;0.009579634555448156
or;0.009423798902937538
German.;0.009192027384112143
