text;attention
Since;1.1141791967394934e-15
2014,;1.8336680903063352e-15
convolution;1.116161012166949e-15
neural;1.0386876233770245e-15
network,;1.0927591167615968e-15
which;9.898702328781223e-16
is;9.069457762608747e-16
a;9.278932879486613e-16
type;9.518201641063767e-16
of;9.218171246093525e-16
deep;9.797018208223334e-16
learning;9.345410222207586e-16
algorithms,;1.1067093709213575e-15
had;9.791047994009992e-16
been;9.64293539649761e-16
widely;9.864607205226576e-16
used;9.416404887694065e-16
in;9.133477867545057e-16
computer;9.877391768864606e-16
vision;9.32465372583512e-16
for;9.020744583199271e-16
image;9.763115913257527e-16
classification;9.180971690595056e-16
and;8.922325855398004e-16
object;9.366667085622271e-16
detection.;0.9999999999999185
To;1.0326378080154038e-15
train;1.038180529076698e-15
a;9.056060023030692e-16
deep;9.299548801329376e-16
learning;8.872186032945445e-16
model,;1.0199578989822056e-15
one;9.438934874755556e-16
will;9.298813694913395e-16
need;9.62888763618635e-16
to;8.887391154842193e-16
set;9.280715587261977e-16
up;9.49267067934415e-16
a;8.814886698623436e-16
proper;9.64747853682821e-16
modeling;9.966150692218324e-16
process;8.664132709931117e-16
with:;1.033692567198974e-15
-;9.5990375988267e-16
Data;9.365467801166629e-16
collection,;1.0117796599000844e-15
cleaning;9.804128599735291e-16
and;8.782890870733867e-16
formatting;8.92563048262197e-16
-;9.449817551705414e-16
Feature;1.0501561424248714e-15
engineering;9.101026333792411e-16
-;9.108711537199079e-16
Training,;1.0174948586305669e-15
validation,;1.0251061367524964e-15
and;8.795658976564245e-16
testing;8.693043047603943e-16
data;8.591811190190248e-16
splitting;8.926747106423445e-16
-;9.11283242900944e-16
Model;9.045556606566285e-16
training,;9.51919990883347e-16
evaluation,;9.631924867438375e-16
and;8.603947650814124e-16
selection;8.646007704832777e-16
By;9.457539947163454e-16
having;9.195953064049349e-16
a;8.763866926639485e-16
modeling;9.459269577736867e-16
process;8.477666773993988e-16
with;8.610246193666314e-16
suitable;8.87303033982919e-16
deep;8.988928665581829e-16
learning;8.507070946456294e-16
algorithms,;9.096710535056447e-16
we;8.929010576861538e-16
are;8.707390607234411e-16
on;8.865886677317916e-16
the;8.552293156099649e-16
right;8.88468630269732e-16
rack;9.160129047070036e-16
to;8.487268233006729e-16
establish;8.695612588186854e-16
successful;8.626248777192113e-16
computer;8.906256020868894e-16
vision;8.30358313963114e-16
jobs.;8.349235328008263e-16
