text;attention
The;1.7165623723705567e-08
simulation;1.9289893557126744e-08
hypothesis;2.064773537164092e-08
theorizes;1.9414229128323772e-08
that;1.4979572561849714e-08
the;1.373824430059326e-08
world;1.6284865803774627e-08
experienced;1.5202003454416643e-08
by;1.4575770446704827e-08
humans;1.6138352777628558e-08
or;1.4974620506753503e-08
a;1.3643012013737436e-08
specific;1.4550899518674967e-08
human;1.3868432452248529e-08
is;1.437938206003877e-08
a;1.401931660373287e-08
simulation.;0.9999992082467608
In;1.4860934819083762e-08
this;1.3448903881614175e-08
case,;1.5233633162764777e-08
the;1.3319422190450606e-08
termination;2.380417740549378e-08
of;1.3738871666464527e-08
the;1.3259692630525245e-08
simulation;1.7478285550973565e-08
would;1.3889535541024944e-08
result;1.3981424028032879e-08
in;1.4408939375036343e-08
the;1.3108954149280728e-08
end;1.344528827280048e-08
of;1.3378808161298104e-08
human;1.4499874578853962e-08
existence.;1.726157649206031e-08
If;1.3544272138850694e-08
this;1.336622301917659e-08
hypothesis;1.4787650121831681e-08
is;1.3330746817013235e-08
proven;1.4717192896054164e-08
accurate,;1.515613606962359e-08
in;1.2899445601077044e-08
order;1.3262396459215874e-08
to;1.3671697614536134e-08
survive,;1.5688338926787875e-08
humans;1.353011594112146e-08
need;1.3078448746473391e-08
to;1.3430208946940166e-08
work;1.3088211842074379e-08
together;1.3682302614552273e-08
to;1.3076236853146884e-08
prevent;1.3197629590844736e-08
the;1.2991672329873771e-08
universe;1.3812318971529286e-08
from;1.2979212330649865e-08
being;1.2789837734972277e-08
terminated.;1.3682667262720231e-08
