text;attention
Tam;0.11274018496715511
just;0.11085348916579042
an;0.10918123651734346
assistant;0.11294738648893532
I;0.10877354325651026
cannot;0.112288455816069
answer;0.11243288464742265
medical;0.1086730919751028
questions.;0.11210972716567087
