text;attention
It;0.011292004424353377
is;0.0154572225898215
possible;0.007125530348433636
that;0.021541545288547966
a;0.015096631281886161
mouse;0.007690443095728159
or;0.018395134045785716
other;0.007281147603293246
small;0.006428096440735379
rodent;0.009537381761508193
has;0.010377081326639474
died;0.009661274549630285
in;0.019520510889184984
your;0.012970139751960848
home.;0.0600263922305952
The;0.014305351951982034
mouse;0.006935248076500917
will;0.006646701257043185
begin;0.006960462637181979
to;0.015920813616050505
emit;0.008021088152630312
a;0.0124315405587401
putrid;0.00804122501345499
smell;0.0077117278611094995
of;0.015886161403228537
rotting;0.008724053478304964
flesh;0.007001718537751791
and;0.02056699339247694
disease.;0.044420196607093634
Or;0.006960432973618127
perhaps,;0.0889881411282748
one;0.006414019251494286
of;0.013936087724344485
your;0.011020008873915327
neighbors;0.006544063837061211
has;0.008671263364588136
eaten;0.006769024731174294
too;0.00616179293376408
many;0.006350530329997128
beans;0.0063702948417568165
and;0.017708083299911526
you;0.008974042845463024
simply;0.006389528433096362
need;0.006258942141832473
to;0.01249851575055323
open;0.006057140044242556
a;0.010123427417304836
window.;0.026503738173598232
Utilizing;0.008999738458542161
a;0.010128382570671262
window-fan;0.013710830163630375
could;0.006257095757213271
massively;0.006312355284420683
improve;0.006515983621845339
your;0.00920390164862019
air;0.005738470505418772
quality;0.005888073682039004
rapidly.;0.019803030031466037
If;0.006948724504979286
the;0.011057911388470473
smell;0.006139411389756962
is;0.008728240435286057
possibly;0.005863749430231519
chemically;0.008135381420263875
related,;0.019185751120571984
or;0.009026456661717192
something;0.006223606965841178
more;0.005982162837420328
concerning,;0.01701541899316863
you;0.007299606867303412
need;0.0058762335369317254
to;0.008483440680228617
find;0.005836809665710034
the;0.00882838049416934
source;0.0058073611549670804
of;0.008028286218707546
that;0.007943199995396165
stank;0.00627714381216395
and;0.008135280560333004
remove;0.005959467244442846
it;0.005990683397094228
from;0.006629627511816343
your;0.006281531609742629
dwelling;0.0054050885958188966
using;0.005727203000449147
any;0.005337548951176645
means;0.005212550512629187
necessary.;0.005402983051700235
