text;attention
Hello,;0.07322759195696706
I;0.026712280948009995
would;0.02294912713012837
like;0.026852752535075932
to;0.028037188216300475
return;0.03060619573326425
these;0.03427498827357145
eggs;0.029463843041315073
I;0.027675790828716396
bought!;0.040676445070523454
When;0.031837797409202846
I;0.02951145380049705
got;0.023923310240858774
home;0.0358409913008723
and;0.026896822957414596
opened;0.028412366189349118
them,;0.04644013407672482
it;0.02717035311993526
turned;0.02839140489691343
up;0.025874491904945306
they;0.030091526806044547
are;0.027374998632345493
all;0.026362388243879868
furry,;0.04159140039106744
this;0.02799579442006741
is;0.027130535038268438
disgusting;0.02938540941261645
and;0.026520515927605213
I;0.028246426452710065
want;0.02640582071998508
a;0.025889025427192736
refund!;0.03823082889763124
