text;attention
The;0.024994144364909373
limits;0.008211663056069065
of;0.022214685923356816
knowledge;0.007758298151768217
is;0.015215215285431708
a;0.014722051696870036
topic;0.008456240381677875
that;0.019376922001145266
has;0.011482225631663286
been;0.008427571407755843
explored;0.009128149681054368
by;0.017767587912116856
philosophers;0.013159308994431903
for;0.019327073714218764
centuries.;0.06922262205940118
It’s;0.024677670692942234
about;0.008182165910596851
philosophical;0.009919999347519779
skepticism;0.008997685844107685
and;0.022873868835707575
whether;0.00803072638842875
it’s;0.02279169265827323
possible;0.007093340716647241
to;0.015009000363992948
know;0.0072545112973882815
anything;0.0072207147682906885
at;0.013623289823846026
all.;0.03944918844914647
Some;0.007586093848403767
argue;0.008136169723335671
that;0.013951689601873834
our;0.009172585326788414
perceptual;0.01041923758776453
limitations;0.006999954310362415
can;0.007867609722012716
be;0.009265532248657
overcome;0.007281222511144727
with;0.015441308589994556
tools;0.006896439282320086
and;0.017317906236512373
techniques;0.006855847438189863
such;0.006738095593452591
as;0.00855434088307072
microscopes,;0.05900965559360405
X-ray;0.010148379943015371
film,;0.04039791381309961
Geiger;0.007742406720914014
counters,;0.0276413452927178
radio;0.006330999344886313
satellites;0.006891230656055015
detectors;0.006699566839812419
etc.;0.021373247232166315
Others;0.006575562596129754
believe;0.0071057756768967
that;0.010611463650036049
exploring;0.007091025229269043
the;0.010967472780843953
outer;0.006477002224730041
limits;0.006674138464706399
of;0.009791541777098746
knowledge;0.006211972659103653
can;0.006904968699861402
shed;0.006344837125672686
light;0.0061980206634816475
on;0.008760790248211574
science;0.006341198453601715
and;0.009773393984104015
reason.;0.011903216616646931
Let;0.007027127059466868
me;0.006563658490688342
know;0.006277388500320287
if;0.007292247370361591
you;0.006882861384479712
want;0.006360426367080668
to;0.007533635527803326
know;0.006074430878493408
more;0.0060235564866336355
on;0.0068359722489779885
this;0.0061317229594840825
topic.;0.005958198176903337
