text;attention
I'm;0.019108761949446627
sorry,;0.01714341840211566
I;0.012736848838177746
don't;0.013563093468971615
have;0.014438921331963237
real-time;0.018449236392430707
access;0.014963057944131896
to;0.014170402021844847
the;0.013907396908978022
current;0.013665468798577026
weather;0.028417030496625282
or;0.017089927872871707
events;0.02047510738052276
in;0.014038585209310932
your;0.01660076718533451
area.;0.03474792491133653
However,;0.02126115457073689
there;0.013831891920126326
are;0.013379986834403711
many;0.01372204073756643
websites;0.01927686801281294
and;0.01444824923482306
apps;0.017409558719476626
that;0.013828986056766461
provide;0.015906223421837576
up-to-date;0.016212093919247092
information;0.01365479047202726
about;0.01393065831333329
the;0.011743137968691834
weather;0.014103199912677018
and;0.013061591337631904
local;0.01346038909891573
events.;0.02650622193476703
You;0.01260651732072118
can;0.013640494066769033
try;0.013564443805317494
searching;0.014741948311793833
for;0.01285000253793126
"""weather";0.017844244293167583
near;0.013480334038420846
Times;0.012610388976065956
"Square""";0.02540091991308512
or;0.012872791028393485
"""events";0.0173506723108965
near;0.012056798599212243
Times;0.011928170795931635
"Square""";0.016221302989648606
in;0.012458370947386076
a;0.011678249480130659
search;0.01188993849608209
engine,;0.014261698214708953
or;0.012563226434091844
use;0.012215669120587183
a;0.011600253845410831
local;0.012305099519959062
events;0.012378883257826543
app;0.012239294005986025
to;0.01229661433316965
find;0.012038709610616614
activities;0.012282971261597313
happening;0.0118577056124443
near;0.01161818477574766
you;0.01234472315791937
during;0.01218018985561533
your;0.011746468869503621
lunch;0.011851979208082574
break.;0.011769749427299324
