text;attention
As;0.17417749577919223
many;0.16341337787977142
as;0.1680580621190684
you;0.1719975982112176
can;0.16523639603734627
imagine;0.15711706997340408
