text;attention
Ido;0.023281232586145735
not;0.017146747762100168
know;0.017977982971203565
which;0.01673310901173601
Theo;0.026960896601407502
you;0.01844735351270383
mean,;0.04995579119415076
maybe;0.01772875498309034
I;0.015610995743249952
can;0.014510259349071793
answer;0.01701855833180093
your;0.013636241266712541
question;0.018083045580414816
if;0.015366127409868306
you;0.013326006678741665
elaborate;0.020413239739933236
further.;0.024154338226502314
It;0.01515435392183012
is;0.013783811129312176
important;0.014032618607554826
to;0.012450729336418654
note;0.014932145831117195
that;0.015084901261110117
one;0.012731217609492378
should;0.015665313738095796
never;0.01629256975734273
judge;0.02168417932942881
a;0.013718698949963309
person;0.01941205577427914
by;0.017115045248232756
actions;0.020543016260445218
such;0.013135764502743737
as;0.01626835219648814
,,try;0.024501410816177596
"harding"".";0.0585004345282637
You;0.013790584042852775
never;0.013510058085840777
know;0.01642213877568278
what;0.014463938744264791
their;0.016265702790738818
motives;0.01861294034164863
are;0.014735051055925095
and;0.014939892394515843
if;0.013664284875943762
they;0.014756380076789815
struggle;0.016546304724781854
with;0.013784327296087513
insecurities;0.01844317336762152
it;0.01919118248899262
can;0.013331050790950729
be;0.012021674297104318
quite;0.012457030241340124
hurtful;0.015173987909775475
to;0.012447249644922971
ask;0.014435010033259964
susch;0.012554819915144533
questions.;0.013095918358685399
