text;attention
The;0.02219232954159308
Dog;0.05512020289672196
is;0.020944168025520033
one;0.013410120067239767
of;0.01491787866340618
a;0.01130694461163602
few;0.01681492902154023
animals;0.021763338795626905
which;0.01645065081570131
are;0.012288546403718894
able;0.013127624918771853
to;0.01714450841089561
bark.;0.13462927602267127
Even;0.0143368348671202
tho;0.01953544927032475
dogs;0.029624341306928603
are;0.012451037147092526
often;0.012481801900051895
the;0.011793716463299695
first;0.012298401316146351
animal;0.016351831414281624
that;0.011830458790926661
comes;0.01114648648970296
to;0.010681687018103219
mind;0.014005533007441982
when;0.012561877264001558
we;0.011495866184415667
hear;0.012203176631938787
the;0.010881025824715543
word;0.011574484648057194
‘bark’,;0.03569962535889474
there;0.011736098061107316
are;0.012007677539893865
other;0.01366461617270423
animals,;0.024504311726932872
big;0.013485376837083222
and;0.012219359972805929
small,;0.018713033657638396
that;0.012031981963557889
do;0.011273011210673391
some;0.011543994867736367
barking;0.021481229557773925
of;0.010526132432721486
their;0.010627316900301683
own.;0.014678626852040681
Some;0.011024034498359345
other;0.011178044728684172
examples;0.011314852767329011
would;0.010584546325531121
be:;0.012742214825869692
-;0.011051150316577517
Foxes;0.01698780515847973
-;0.012017386715117824
Wolves;0.015270656539376053
-;0.010944250178266493
Jackals;0.012936900618359738
-;0.01069780385914713
Coyoyes;0.013693432617443924
