text;attention
The;0.017338612003112312
Dog;0.022051493763177964
is;0.019675555220348417
one;0.016434422193415812
of;0.017021296192065712
a;0.014675085670626541
few;0.014922771084012082
animals;0.018382873869210125
which;0.02101691868013725
are;0.014661705752396564
able;0.018454521557585115
to;0.0161781008985937
bark.;0.030263871739180215
Even;0.018242094445905722
tho;0.025984436294766884
dogs;0.02012988752178351
are;0.015303405907556689
often;0.01604063591596383
the;0.015929917566011215
first;0.014972369033644461
animal;0.016861820356433046
that;0.01684088224464996
comes;0.015850762559363796
to;0.015023086791649458
mind;0.018768855880832443
when;0.01564189947603969
we;0.015232042154190245
hear;0.015614504371885206
the;0.014176496215573861
word;0.016653331401056938
‘bark’,;0.0416304505682641
there;0.017487759328593117
are;0.01471542415689358
other;0.014823718086688226
animals,;0.02305474225428686
big;0.015350703801394448
and;0.014836088923124477
small,;0.017466363826881173
that;0.017078766208337093
do;0.015264899960417343
some;0.015377817101961035
barking;0.01861827720298581
of;0.014836018621456136
their;0.013589544408844413
own.;0.018194459021810046
Some;0.014511613978850636
other;0.013922764087588113
examples;0.014965017052817019
would;0.014227300392280482
be:;0.017353736850588188
-;0.015400292469455007
Foxes;0.01633532930842355
-;0.015907746111376325
Wolves;0.015624431431785823
-;0.014055961433740074
Jackals;0.014832881030272305
-;0.014783826662434926
Coyoyes;0.017410408957280875
