text;attention
A;0.13864240724080287
lot;0.12608168838415218
less;0.13259484586545683
than;0.1290815156890344
where;0.15192411978532816
you;0.12730993341394653
live.;0.19436548962127903
