text;attention
Here;0.013290972307618517
is;0.011982633130967325
a;0.01099124542062061
python;0.017293259736838918
script;0.016430062394674146
that;0.014742982270122822
connects;0.016395778364144076
to;0.01365975765632707
an;0.011180605704643697
FTP;0.02197740521153963
server;0.01330368255555959
using;0.012691030880824182
the;0.010274385068184731
ftplib;0.020268706500752767
library.;0.015639173276147222
It;0.011854513659071265
requires;0.013235657637302577
the;0.010794026484453767
user;0.012232392545517787
to;0.011802857062996667
input;0.01211794504568333
a;0.010590811935547208
username;0.012927844893813663
and;0.01085255923591696
password;0.01267277437989861
for;0.010653225839149552
the;0.009953554306420797
associated;0.011013760511959106
server.;0.013663195170773778
**;0.012261656316414165
“python;0.019169425570790145
from;0.01394406063837371
ftplib;0.018888592785523364
import;0.013813112210836146
FTP;0.014820326189534294
import;0.01486488901429349
getpass;0.017598404771333117
#;0.01720603296579591
IP;0.012670604804906832
address;0.012502083617276694
for;0.01235361681923776
FTP;0.013093410010092385
server;0.0109709324406535
myhost;0.01714599606850634
=;0.013390482116346029
'127.0.0.1';0.042086490424703644
with;0.014136418654354478
FTP(myhost);0.023059682560060565
as;0.011453577276212393
ftp:;0.015369453366629551
username;0.012064222230249081
=;0.0119988658513558
input('Enter;0.01895994327766819
username:;0.011927276274362405
');0.011571886094672535
password;0.011882830573039812
=;0.011177736651992959
getpass.getpass('Enter;0.02670212804360157
password:;0.01070616914652094
');0.01043325864444544
ftp.login(username,;0.02245652549249111
password);0.010382470112796728
***;0.01109260788899423
Is;0.01054744193419895
there;0.010645656768911441
anything;0.010725257157964536
else;0.011126195376163099
I;0.010149242247024027
can;0.009928482671864086
do;0.010298969957461549
to;0.009863780519756964
help?;0.010073005275119545
