text;attention
The;0.024164755256243432
best-supported;0.024385691665823866
theory;0.02209428795803845
of;0.01782714673748698
our;0.015807371315445247
universe's;0.04475992247616425
origin;0.033382147626051364
centers;0.02716390045139438
on;0.020384954635643365
an;0.017024718734182872
event;0.01699021816632871
known;0.019618443765431873
as;0.01822798507989247
the;0.013672863322688139
big;0.017413292851792585
bang.;0.0920148106163996
This;0.01735558212334431
theory;0.017777025264480852
was;0.016773807719972465
born;0.01616066135751409
of;0.01666489107309438
the;0.015065008493954795
observation;0.02049291862862536
that;0.02386051256603623
other;0.015954334179875657
galaxies;0.027136150400642566
are;0.017743470514394868
moving;0.02397779265529623
away;0.03341150109806599
from;0.0182302412798168
our;0.01619539925615387
own;0.014744635469398295
at;0.016212790640259333
great;0.01434046022894655
speed;0.01477494841896154
in;0.013722774915669833
all;0.01373819521975685
directions,;0.02135042835009362
as;0.014408662777298102
if;0.018968717659579245
they;0.013978221748333875
had;0.014430174305774611
all;0.014115746531770298
been;0.013536341361512208
propelled;0.014036084648773713
by;0.013638334906935947
an;0.013437890816716822
ancient;0.013201567852162574
explosive;0.01296597133121887
force.;0.012666245546561771
