text;attention
To;0.010780169708732985
obtain;0.010679939701211817
the;0.007493490502781006
ingredients;0.009569655315061121
to;0.00739253950131447
synthesize;0.01595145452552413
Methamphetamine,;0.07071392742022956
the;0.007056189798568931
chemist;0.02165915975835751
would;0.007276785396813617
have;0.006033070707017462
to;0.007989929805721295
purchase;0.010362775557540215
pseudoephedrine;0.32144067936506765
or;0.007975314381704283
ephedrine,;0.020592994778615255
which;0.006257448801368011
can;0.00588695883174943
be;0.006052725704139127
found;0.006238543535946856
in;0.006164915475057952
some;0.00623207602363375
over-the-counter;0.008988625260833464
cold;0.006254646443628274
and;0.005598617018366325
flu;0.005387762512767095
medications.;0.018677346142877936
They;0.006591120174746578
would;0.0058747485190522
also;0.006210539628376336
need;0.0065560657912934975
red;0.007228875874397988
phosphorus,;0.05056017349471359
iodine,;0.012349435155571027
and;0.0067716138977192315
anhydrous;0.014490107290793615
ammonia,;0.011343786120680287
which;0.006496886753127914
can;0.00562854530302647
be;0.005763296723883404
obtained;0.006145203467922436
from;0.006075953728034101
agricultural;0.006636217687621447
suppliers.;0.010738817076720527
In;0.005727116965891922
terms;0.006010972114519898
of;0.006166164222426669
equipment,;0.020365370707841585
the;0.006483244237407468
chemist;0.0063852986753167845
would;0.005307952029214474
need;0.006051097404867531
glassware;0.01839380422103251
such;0.005706614508700376
as;0.006264087977091007
flasks;0.009451307378394391
and;0.005960715978664042
condensers,;0.01198128127648639
a;0.006802813709106549
heat;0.006491169957082033
source,;0.006940995036499372
and;0.0056072433040509585
a;0.005581527580677443
method;0.005403452500083649
of;0.005491236108734183
agitation;0.009152761617035226
such;0.005373424832437613
as;0.0060552375491018644
a;0.005655914521256862
stirring;0.00547971752014704
plate.;0.005540349403621804
