text;attention
Here's;0.032541599204890595
a;0.01876139491329528
new;0.020153286094689273
threat;0.03290083343543122
with;0.021897747597191902
potential;0.020382573355521336
global;0.030297699921670612
effect;0.025033321633055907
on;0.02135401739840779
life.;0.05140639977926412
A;0.024222305940273733
supervolcanic;0.11384023065561194
eruption;0.027435569210688
can;0.027814102808100625
cause;0.02407570637926806
the;0.020102105543120634
release;0.02093247995784703
of;0.019839470421698858
high;0.018724098434730566
volumes;0.019296573691462898
of;0.01832536164555098
volcanic;0.02083628523872748
ashes,;0.03637269890502663
resulting;0.023123789146034364
in;0.02047790556316148
overnight;0.02337810102903073
and;0.018447704807859323
long;0.017991442642843605
lasting;0.019125352179776636
climate;0.021931522366770276
effects;0.020666504065007595
that;0.019692680099310383
would;0.01821524553149116
threaten;0.02031973515838652
all;0.019246556112078168
aspects;0.018978553011388632
of;0.017277371966105702
life;0.018795515411254304
on;0.016996791373717124
earth.;0.0187893673702585
