text;attention
I;0.013791468593807104
couldn't;0.021965392888562186
tell;0.013187277500955896
you;0.012577063854080183
exactly;0.013217486095274678
how;0.013003467628110046
many;0.013998525045751649
chairs;0.01527274395077027
there;0.012516201398871633
are;0.012640479060819446
in;0.012172361333465557
Berlin,;0.016522389350053627
but;0.01318735983712124
I;0.012781852365663742
can;0.012388070922393461
try;0.013704841336437793
and;0.012530265500939995
estimate;0.014334547925886289
it;0.012018437072770309
roughly.;0.01559707402522996
Lets;0.0188627060127989
supposed;0.013590547188729638
there;0.012583843747886478
are;0.0131252386630386
about;0.012911620043095531
3;0.014633370353006344
chairs;0.014152212747379211
per;0.013325452936924767
1;0.012988794205312258
person,;0.013778154657018347
and;0.012854295667913655
the;0.012360518623430966
population;0.014849630870629555
of;0.012188209582894877
berlin;0.015153955886709534
is;0.012751502139555266
3.645;0.02263915505435026
million;0.013690120429842684
(as;0.01559181769482904
of;0.012491672891317012
2019).;0.018601947757968564
Then;0.013405528697954175
it;0.012516720455650117
is;0.012212427189661581
likely;0.012898359851289815
there;0.012440939474797094
are;0.012639541544558512
3*3.645;0.02727051931124537
=;0.014532189412536286
10.935;0.019396817594343207
million;0.01219197920313275
chairs.;0.013821590769371358
I;0.012310917455890646
must;0.0126462598593153
stress;0.013513962226042292
that;0.012354142641250985
this;0.012617966827641642
is;0.012114995657204121
a;0.012002900347090515
guess;0.01313112345846677
and;0.012321860708983183
I;0.012110948004262528
do;0.012052521832170371
not;0.011898419960971476
actually;0.012100381570362508
know;0.011990157820175741
how;0.011980309617324814
many;0.012219189138756605
chairs;0.012230152727642125
there;0.0117503611401138
are;0.011641006400954501
per;0.01165242392319714
person.;0.011501312336046206
