text;attention
import;0.5564516612734022
bert;0.44354833872659777
