text;attention
Hi;0.18011498265309342
there,;0.18400183563159284
how;0.16780923748806278
are;0.1585595588287023
you;0.1570176872870684
doing?;0.15249669811148026
