text;attention
Hi;0.1835658650896525
there,;0.18495501519551433
how;0.1622505127128463
are;0.158617835025446
you;0.15723922041303512
doing?;0.1533715515635057
