text;attention
There;0.01654925023780126
are;0.012933567844989172
different;0.013828387259368862
strategies;0.01630735665823423
to;0.012321924803172788
begin;0.01325600149793173
an;0.012129847015741229
essay.;0.018933986672638372
In;0.012186554983251018
general;0.01286213777540065
it;0.012490045678904823
is;0.011811138454833189
common;0.012531094092753407
to;0.011691030823685573
start;0.012060222442581566
by;0.01163600394894079
creating;0.012114146589731908
awareness;0.01857979563948669
for;0.011692876113823508
the;0.0113621000814829
topic.;0.014575985774825467
Introductions;0.014013841960904704
often;0.011576797460577095
contain;0.011514290277835128
statistics,;0.012865426999200836
quotes,;0.012294591847587487
personal;0.011388299364548679
experiences;0.011931401476523149
or;0.011419457091234415
open;0.01161766794362424
questions.;0.015250270789210438
In;0.011661009163775157
the;0.011511859298387444
case;0.012071020555827148
of;0.011279937445066042
your;0.011626614164526688
main;0.012159193498150716
idea;0.011997436713849863
one;0.012009195010315103
could;0.011859755101522129
start;0.011804326856212138
with:;0.013008289502411988
Is;0.01228011011602041
it;0.011860392562563072
only;0.0120025998845904
my;0.011978612110397127
experience;0.012020315873510575
or;0.011610883748912964
are;0.011388801217632392
people;0.01172176319133036
less;0.011636732036204864
concentrated?;0.014629422049804624
As;0.011760763057071383
I;0.011631060004274801
got;0.011684360660902235
out;0.011582142638478253
of;0.011538549447957737
my;0.011449016636414082
car;0.011695535976465552
today;0.01160978843849682
someone;0.011624609487771633
almost;0.011436659748927238
crashed;0.012035920607031136
into;0.011345074237325463
me;0.011475666208028599
with;0.011345538175391119
his;0.011236348029485296
bike.;0.012566464798806163
I;0.011480623051052182
asked;0.011319868570782226
myself;0.011266955838668415
how;0.011226695720049447
can;0.011198731311715775
it;0.011148650464016004
be;0.011104260234062163
that;0.011106484573050579
he;0.01110336385617501
drove;0.01115281644086149
that;0.011028564887007018
close;0.011037907454995848
to;0.010958439877723427
me...;0.011005369865176477
