text;attention
I'm;0.026418216678268065
sorry,;0.020673304386646916
I;0.01377919411780781
don't;0.018248880475877204
have;0.0152422100022454
real-time;0.0221722695928541
access;0.01745196913681105
to;0.014751638425334368
the;0.012491119262560914
current;0.013661784019239268
weather;0.01541369001622345
or;0.013775691496299196
events;0.014848178521161196
in;0.013185511657603236
your;0.012745072547911228
area.;0.02473050670671109
However,;0.021960723387117506
there;0.015192053659100013
are;0.013150444745048917
many;0.013586402984200092
websites;0.01686674911510144
and;0.012707652434435475
apps;0.01566461684819808
that;0.01374878117096575
provide;0.015488974656001513
up-to-date;0.03052213390057816
information;0.014278260518356236
about;0.014027457556187563
the;0.012132181901193478
weather;0.01309350552632155
and;0.012756051116905687
local;0.012454887304434855
events.;0.020491240011195525
You;0.01359606951169143
can;0.014066271364154132
try;0.01615037825892741
searching;0.017197782922584278
for;0.013258814839083605
"""weather";0.01969284730926976
near;0.013383285383999766
Times;0.012803690641197728
"Square""";0.016487223319546575
or;0.012620124508674571
"""events";0.01634663676029978
near;0.012676520377874836
Times;0.011928208516058185
"Square""";0.01621397561889992
in;0.012625140354787354
a;0.011981949026512291
search;0.012357834251985608
engine,;0.014261631530825228
or;0.01270799934445064
use;0.012962936629545556
a;0.011901617634178656
local;0.012344570151643605
events;0.012602658725685698
app;0.013363853228402884
to;0.013332999376951484
find;0.013353428694424675
activities;0.01387133678563472
happening;0.013216419066975594
near;0.01275769959694763
you;0.012879844671390066
during;0.013139815637903769
your;0.011945159211389377
lunch;0.01188859656219241
break.;0.012371326307014454
