text;attention
In;0.11420685684976821
much;0.08182143126545344
more;0.0726947791233756
than;0.08358540354903395
you;0.07893441389052527
could;0.0695369676425732
think;0.07584122786446602
of,;0.08670701509450585
do;0.0669136145387696
you;0.06846351255949426
want;0.0670594996177856
to;0.0652952247427648
try?;0.06894005326148403
