text;attention
As;0.015002793432356073
an;0.014672079905249704
AI;0.015222534930716137
language;0.013755218560251019
model;0.01451513128515343
developed;0.014633646024566254
by;0.01356889388491738
Open;0.013531175877478615
Assistant,;0.01632865154788673
I;0.014662136220463499
am;0.013913181924822632
capable;0.014517151812247844
of;0.013827421627380938
assisting;0.01526660724447818
with;0.014599991067249957
a;0.013485099128722769
wide;0.013286113243823335
range;0.01304334364080826
of;0.013191680204645168
topics,;0.015638565887111842
including;0.015133488889926397
but;0.01610049385664831
not;0.013210195169444784
Limited;0.014439429166062558
to:;0.01693423378257899
General;0.013513475055820784
knowledge;0.013797331512810772
and;0.013500265532752964
trivia;0.01480964261893099
History;0.015120130143342052
and;0.013978950328051517
current;0.014873684131567205
events;0.013246043346468337
Science;0.014114693980387514
and;0.013368003197492623
technology;0.013839558446954621
Mathematics;0.014162021684062845
Art;0.014061419253586484
and;0.013213375914868828
literature;0.013628931541283836
Programming;0.013841494730418843
and;0.01331308675043075
computer;0.013269942704322898
science;0.01283414491434859
Health;0.013891418898567287
and;0.012880539273298613
wellness;0.013196767174116122
Geography;0.013727738321145894
and;0.01288395770517298
culture;0.012852228495158708
Personal;0.01334994508888169
development;0.013482413483081873
and;0.013421911205204553
self-improvement;0.013640189995887703
Please;0.01454420235947128
let;0.01374680849826285
me;0.01378174543522531
know;0.015315153779956838
what;0.013668225177482436
you;0.013062400696302108
need;0.013447886675627399
help;0.013277827359120798
with,;0.013839508901369028
and;0.013163709882681495
I;0.012876413188025468
will;0.013502587431133542
do;0.01313569678888398
my;0.012895183498543038
best;0.013242601362966316
to;0.012713115954355963
assist;0.012905797411480124
you.;0.012588571855703341
