text;attention
As;0.015395776216720673
an;0.014818082456040065
AI;0.016623686773787606
language;0.014070516204694121
model;0.013529896824084958
developed;0.015340688325687924
by;0.014045683584930116
Open;0.015085642432022118
Assistant,;0.024516911706871487
I;0.013988103773296848
am;0.01392335453191107
capable;0.014957430848262846
of;0.013283933113160533
assisting;0.01643045797576893
with;0.013412585578377998
a;0.01353983163459134
wide;0.013773011431710369
range;0.013771279161614186
of;0.012955291700853667
topics,;0.017269831078515943
including;0.014376137995764973
but;0.01365124581469021
not;0.012976885980118813
Limited;0.013974018726215318
to:;0.015208231785054796
General;0.01374068507334807
knowledge;0.013840220269374032
and;0.013054201252460809
trivia;0.01844953959816033
History;0.013650575157355535
and;0.012866434145005002
current;0.01330605991481374
events;0.012918617411956266
Science;0.013573057893271434
and;0.012812694065322974
technology;0.013109063769676224
Mathematics;0.015732654011298045
Art;0.012946945990887415
and;0.012830613443614322
literature;0.013025904297527093
Programming;0.015051748198167946
and;0.012802994693388784
computer;0.013352998041877652
science;0.012851229963545437
Health;0.012999311871681948
and;0.012953746533166891
wellness;0.014624911502293564
Geography;0.013124014256598022
and;0.012699770109688117
culture;0.012851942165268318
Personal;0.013037766943859866
development;0.012928520930774097
and;0.012785308688823438
self-improvement;0.020420051700831526
Please;0.014246892040730541
let;0.013312918056816354
me;0.012875971769593212
know;0.012697325536362913
what;0.013357466578008584
you;0.012650460098611274
need;0.012829674538775869
help;0.012612123292349642
with,;0.014062096295539518
and;0.01256983682945884
I;0.012768126371349097
will;0.012864832192234379
do;0.012520694454729994
my;0.012309320353312551
best;0.01236012140725076
to;0.012278202027261566
assist;0.012372578627852692
you.;0.012051261980978339
