text;attention
Would;0.08056189468078177
you;0.07956132701856145
like;0.08545188227666979
me;0.08283643045365463
to;0.08527148134813158
consider;0.09425548944260302
cities;0.09366667542039218
by;0.07903561290035645
population,;0.09851186193369252
or;0.07412625905413661
geographic;0.07412026370510866
area?;0.07260082176591122
