text;attention
Sure,;0.13694874353522574
let's;0.13847186752676932
play!;0.15205493503921266
Here's;0.13355662344297412
my;0.1403704223417744
response:;0.18533683299874004
2;0.11326057511530381
