text;attention
I'm;0.024869079305817738
sorry,;0.020014707260383416
but;0.019111677690509185
the;0.01525832199799209
equation;0.032783036870462204
you;0.01798309815665717
provided;0.028558754725225392
is;0.018036957357385863
incomplete.;0.13469364084974955
There;0.018352380024107152
appears;0.017842367173387653
to;0.016350485087190433
be;0.015839512856212958
a;0.014590290577223967
variable;0.023347802654604385
"""n""";0.06470165980812359
that;0.017469293964641808
is;0.012560217285008975
not;0.013831304130615413
defined,;0.033029127960335976
and;0.015932115842371027
it;0.013329285210625803
is;0.012554214662134097
unclear;0.016550461601295165
what;0.01627680395248373
the;0.013544521781676406
function;0.02022313025022385
"""f""";0.028222234021531227
is;0.014263368077740292
supposed;0.013600378609981503
to;0.01243935103492409
represent.;0.02578953479606964
Could;0.014579259989160175
you;0.015178635054376971
please;0.0141350965716238
provide;0.014034390115610487
more;0.012829928660411369
information;0.014952785401198926
about;0.0145079257547973
the;0.013524529232412659
equation;0.017717740933494805
or;0.014886988382058975
the;0.012861996334404577
problem;0.016646379122672892
you;0.012927581937741777
are;0.0121925742197801
trying;0.0122959391592932
to;0.012171329828213413
solve?;0.012607803726056774
