text;attention
A;0.013534708275116259
VPN;0.07586359400901307
can;0.016658591529838607
make;0.012711806781684045
it;0.009916835179978729
harder;0.01966026366504874
for;0.010699182665449971
your;0.010600659693712948
ISP;0.03610303316405123
(Internet;0.01591737814944614
Service;0.007584585511275097
Provider);0.011278415595249667
to;0.010007431381865549
determine;0.012088105214978835
who;0.010107531691623074
you;0.00994221469804804
connect;0.009118927420088017
to;0.01149517327139142
over;0.008270680092464972
the;0.00849166130809296
internet,;0.022462391706367754
or;0.008887539060024314
to;0.007860904889562812
censor;0.013380548822626185
certain;0.008163215814700062
internet;0.008079328727055775
services.;0.021288443154729414
However,;0.021970445046215568
this;0.008812077109212925
doesn't;0.011374880665830077
prevent;0.012782297035918416
the;0.008210192377087588
VPN;0.01841797253725601
itself;0.010540949782696773
from;0.008743438442924781
logging;0.017517123467051834
what;0.008772860605706681
sites;0.00893763193297719
you;0.007928500911707761
access.;0.025791207883950146
Basically,;0.012900586998587005
a;0.00875101167853687
VPN;0.020519680605517683
acts;0.012241911645548508
as;0.008472972222075631
an;0.008554918463581083
additional;0.00994122273149562
relay;0.013574288617977505
in;0.010022305747733162
your;0.009069238400626626
internet;0.00836283063161954
connection.;0.018492418176062602
In;0.00827522542396507
order;0.008649989102073215
to;0.008752361164215974
achieve;0.007809991074762887
greater;0.007818517500026526
anonymity,;0.025921474762297246
you;0.008059366533492358
would;0.00841847962978363
have;0.008104519240636878
to;0.010546409461744318
use;0.007977030161353312
a;0.008002791757704568
network;0.009220577765511558
(like;0.010723222857390819
Tor;0.013029890629718153
or;0.008634793641979548
12P);0.010693949930229305
where;0.009553043991760204
no;0.00881138565692669
single;0.00865945077497188
relay;0.00980557288199999
knows;0.010173442265283487
the;0.008140552090742294
entire;0.009063466423509412
source;0.008225752780966395
and;0.007282695906158758
destination;0.007459441595175134
of;0.007266408271755461
the;0.007012031625407403
data.;0.0070320499070763084
