text;attention
Hello;0.05639817410018761
ma'am,;0.09008053047466269
could;0.04263559664593477
you;0.043203587062237966
please;0.04229117169512745
try;0.04436215478395412
to;0.04305722925913416
connect;0.04317156040334696
the;0.039892695559671704
charging;0.040232267459191264
cable;0.042514338173729085
and;0.043047290697089374
let;0.041054596346299134
me;0.03941386000179966
know;0.04162022233127478
if;0.041507571246857736
you;0.037257804162685954
see;0.04260981109394512
hear;0.03928146364517877
or;0.03734886782129131
feel;0.037276180582425496
any;0.035456975436164835
feedback?;0.036286051017810295
