text;attention
The;0.11582921514533215
current;0.11734893038015363
prime;0.11136359699017481
minister;0.11401859930144127
of;0.10466386132509077
Italy;0.10342375545158408
is;0.10453333454626129
Giorgia;0.1233357257935078
Meloni.;0.10548298106645417
