text;attention
Ido;0.046086579270412084
not;0.01758657009325416
know;0.020074194809484774
which;0.01496236558480117
Theo;0.03695563603182594
you;0.018863083693704128
mean,;0.047638078222376916
maybe;0.015449064692750212
I;0.014049032070254607
can;0.014307787678112928
answer;0.01601490477643369
your;0.01335950727409605
question;0.017086790425912456
if;0.01542309732548149
you;0.012995030986784778
elaborate;0.015639405634015162
further.;0.01974139472319925
It;0.014865182744402575
is;0.012472891900060852
important;0.013826490946843439
to;0.012892847888016517
note;0.014265648946645221
that;0.015028925728473343
one;0.012407060461298353
should;0.01570321321111173
never;0.016885800816504648
judge;0.021625796715364732
a;0.013317639657884546
person;0.018513207807838276
by;0.021942930855032728
actions;0.02401415309825565
such;0.015113366226847384
as;0.013292667346885806
,,try;0.022540912039195286
"harding"".";0.049325966002273125
You;0.016830562068410455
never;0.013305917319525
know;0.015402008116679654
what;0.01329988165370565
their;0.01542277282014756
motives;0.021761527321495
are;0.014110327136997594
and;0.013901012742129425
if;0.013280461359889192
they;0.013208400233488404
struggle;0.015367311708742235
with;0.01333944671840215
insecurities;0.021876936600561864
it;0.014549797003463573
can;0.012414129312383802
be;0.011803684292209977
quite;0.011989096616087519
hurtful;0.01408594426618346
to;0.012057151765765056
ask;0.012729383914001047
susch;0.012605860085435405
questions.;0.012391161258462069
