text;attention
you;0.14152616993208672
can;0.14290790542201826
gift;0.1513108408913459
her;0.14841894480368206
money;0.14459169047799264
plant;0.1390920151906944
maybe;0.1321524332821801
