text;attention
you;0.14452124105084482
can;0.13613309963798292
gift;0.16117227869787912
her;0.15721821482755424
money;0.13374865210236994
plant;0.14258224319451634
maybe;0.12462427048885252
