text;attention
To;0.019164107278998976
find;0.018459468721859308
the;0.016222398762967064
area;0.01731657031810359
of;0.017762095823743437
an;0.01672955163084191
equilateral;0.019742267230341896
triangle;0.017504929729724252
with;0.017124208255896254
one;0.01579900395807605
known;0.016325045370861647
side;0.015671899159046616
length,;0.018466633420250844
you;0.016495008981833578
can;0.01651182438011652
use;0.01668756244539193
the;0.015494093847507363
following;0.01566779862573568
formula:;0.019617708019224515
Area;0.017698634851630906
=;0.017600602449546768
(sqrt(3);0.026592330302517
/;0.01574113392830404
4);0.01639035916541831
x;0.015948293966509663
s2;0.01853237827853223
where;0.017334729898206006
s;0.01582231099146723
is;0.016719195975817967
the;0.015713222408895302
length;0.015856417405190282
of;0.015913697543443996
one;0.015896821947048872
side;0.015780029397446427
of;0.015587462026743546
the;0.015165475209642053
equilateral;0.0160842555099749
triangle.;0.017941624858492378
So,;0.018136196723377688
if;0.016301649144827242
you;0.01593988676759394
are;0.016267039426700436
given;0.01705962699128711
a;0.015872091155322343
side;0.015724651447161793
length;0.015750237767993152
of;0.015512991576730886
s,;0.01614576705556699
you;0.015642927271304414
can;0.015492037882175317
plug;0.018078280015742812
it;0.01564095626237941
into;0.01611400557187527
the;0.015188933100715904
formula;0.01554167852224154
and;0.015286878667025916
solve;0.015715738618229405
for;0.015493055499546831
the;0.014954481560726167
area.;0.015059736896126231
