text;attention
Sure,;0.02255098871731453
here;0.010125965958537328
are;0.011591280983311187
5;0.014176159568818078
tips;0.013582137582897046
for;0.010451296913089386
going;0.009848609886281806
on;0.009020301277705504
holiday:;0.06584702749327567
1.;0.022611669585393814
Research;0.013187467580720438
the;0.00994458963777097
place;0.012885380604838596
you;0.00987197818335902
are;0.009129865958094428
going;0.010684409333227982
to,;0.014347837375518964
in;0.00854790247671518
order;0.008973091458307608
to;0.00954999668634094
get;0.008547639581497603
an;0.00815649353854041
idea;0.008826469240379638
of;0.008703159312240727
what's;0.009757738642153324
available;0.00963796008792803
2.;0.018609949488594048
Plan/book;0.01603522827605907
activities;0.011735106798213194
in;0.008769557481834549
advance;0.010220428296089785
to;0.008813045794269548
avoid;0.008972014225676147
missing;0.008808822093812455
out;0.009003088399290591
3.;0.016698292310003585
Make;0.008533964206807017
sure;0.009060931999022366
travel;0.011356110547066058
is;0.009137614592763217
appropriately;0.009320714820970254
organised;0.010289156634907344
(car;0.011444193956400754
fueled,;0.011626385687179613
passports;0.009683481757281747
ready;0.008556243277678769
etc.);0.011244341557844557
4.;0.01323926218252372
Decide;0.009859124085008664
how;0.00904778036346043
you;0.008705250250400622
want;0.008955881388738667
to;0.008457813627003099
handle;0.009999719758927692
meals,;0.015055016981687576
will;0.008914528113040601
you;0.009754985559820111
be;0.008529916075386758
eating;0.009523366870187486
out;0.009886660060157188
or;0.008946750119272564
will;0.008706067384555226
you;0.008296325441875037
be;0.008169345699303623
purchasing;0.009816427102064656
and;0.008695320142326182
making;0.008670651315484895
your;0.008064061130971046
own;0.008323056057571464
food?;0.010952550132762476
5.;0.011384792053137595
Check;0.008962570549746305
for;0.009003650129960012
environmental;0.010555548872077877
conditions;0.010124236922232605
closer;0.008982450383548972
to;0.008845695904870618
the;0.008204816275495
date;0.009533930060915873
in;0.00810195953114241
case;0.00919602103070807
there;0.00854962359565696
is;0.008410939199475203
anything;0.008970694233856514
that;0.0083512120688409
may;0.008431028363398485
get;0.008381838261443434
in;0.008294288230348421
the;0.007907583938046468
way;0.008545247657488675
of;0.008074050227009981
your;0.007984367886660078
plans.;0.008157504915386705
