text;attention
I'm;0.09039284622572821
sorry,;0.0360809046772738
I;0.023377019613591198
don't;0.027261541702228706
have;0.02827367222803284
the;0.02305833059800809
ability;0.035000823827168355
to;0.021577396740046176
recall;0.032787611625885095
specific;0.024821090638966512
events;0.03454750962414608
that;0.02244332523213667
took;0.020245782050674732
place;0.022503276445487993
on;0.023078258145554687
a;0.01903587597887544
certain;0.019306860530550675
date;0.029565397771974995
as;0.02555303690104064
my;0.024774475500188527
training;0.034552229614700204
data;0.028213682354748925
only;0.019431561717196514
goes;0.020141333092702093
up;0.01793499627987353
until;0.02107674845631724
2021;0.048027318350633404
and;0.02105339788026622
I;0.02236581973400833
don't;0.028226401983277832
have;0.01910492436736628
the;0.01707799773493833
ability;0.016883181062840365
to;0.0173539419951348
store;0.0182675181274711
information;0.016827537142453684
from;0.016229649732603532
previous;0.015895670066652143
interactions.;0.017651054249256178
