text;attention
There;0.026236783061773777
are;0.022231006447055838
several;0.023033846371764127
recommended;0.027689216776570744
formatting;0.037269967884113506
styles;0.03287764590331697
for;0.023596917767397994
C++,;0.048173586194782125
but;0.025992740185594502
the;0.022979691296696594
most;0.02186381372010738
widely;0.021963113163317213
accepted;0.022959047266498705
one;0.02185043573519378
is;0.023087182980924353
the;0.022225076219274477
"""Google";0.028746811029672803
C++;0.02653493076868578
Style;0.025452290629820778
"Guide"".";0.033072909846896904
This;0.022327684222662077
style;0.022073279929661124
guide;0.021929772390967873
provides;0.025864798290698883
a;0.021871657693271446
set;0.0230281120379279
of;0.021560137532128817
rules;0.02363935862521017
and;0.022045399756061488
guidelines;0.06698210478611373
for;0.023486208660348878
writing;0.023842711225559282
clean,;0.025656902268222877
readable,;0.024233797577013876
and;0.021401158765319343
maintainable;0.022979461360074442
C++;0.020512204427846865
code.;0.028728237201452764
