text;attention
Ssing;0.04967519688286062
a;0.038915915416604205
VPN;0.05759921434149082
can;0.03935916203429043
help;0.03355707894067231
protect;0.033006386791390056
against;0.035755526695714024
Dynamic;0.041970929540136384
Denial;0.04295618563011816
of;0.033973125544627995
Service;0.03651973834400438
(DDOS);0.05220094438002862
attacks;0.034074936157323404
by;0.03740853975299199
rerouting;0.047314642125777455
the;0.03278336289313416
requests;0.03309128641285261
to;0.03212302502274757
servers;0.032767751383690015
that;0.030728011986525364
are;0.030838506419349376
far;0.030428281053856893
more;0.0302599995568332
capable;0.030325245668445504
of;0.03060282216584983
handling;0.030722901864182695
them.;0.04104128299450212
