text;attention
The;0.00011660172803609508
best;9.55985481022123e-05
way;9.806028484190178e-05
to;9.014958383136247e-05
choose;0.00010766937656429312
a;9.2578975212804e-05
comfortable;0.00012154254116912848
shoe;0.00020357101541673063
is;0.0001322950974405475
through;0.00010177936573303515
wearing;0.00011361097073233442
them;0.00011220069379228354
yourself.;0.9966398918554672
Give;0.00015742055148068053
them;0.00010369203637282883
a;8.182133541968923e-05
good;8.582918891449807e-05
walk;0.00011450036395511239
and;9.808050133391652e-05
focus;9.025142703602689e-05
on;8.840493054225035e-05
how;9.110171824341144e-05
it;8.289714748769632e-05
feels,;0.0001410572928136263
its;8.526635458341365e-05
flexibility,;0.00013385557141869646
weight,;0.00010278148279631094
and;8.246969956833124e-05
cushioning.;0.00011250886205499693
I;8.40294656592439e-05
hope;8.140730596739732e-05
this;7.584779459873228e-05
helps!;8.122693341343109e-05
