text;attention
King;0.014603161275966817
Henry;0.015756613456846355
IV;0.022806524339976483
had;0.017822414916106567
3;0.0162318736724643
children:;0.10468843402414753
Henry,;0.022613938389237892
1390;0.02755678446150356
and;0.015825366378566175
died;0.01955376832551832
in;0.012577180426503076
1422;0.03268433738326527
Thomas,;0.03814262159522608
1397;0.023090528497537916
and;0.015063845043834945
died;0.014157415062913585
in;0.014309366706453405
1421;0.02002420567272271
Joan,;0.025462952551642392
1399;0.01693429845325239
and;0.012928270997406907
died;0.012276473025255388
in;0.0126888029469929
1433;0.01458796959421357
At;0.01729658705736017
the;0.012104962756479933
time;0.014099524700741366
of;0.012686824779158314
his;0.01324702037785899
death,;0.021233594746927025
Henry;0.013572155190050188
had;0.014504742220669508
no;0.014487335017534842
living;0.013303097339457599
descendants;0.018576351932417554
as;0.015320008031924764
all;0.014763189100207103
three;0.01564591940003461
of;0.011635054665246027
his;0.011950220521577331
children;0.014941223473979881
had;0.012739965926823204
passed;0.011930237784819499
away;0.012544931805938523
before;0.012264852908366996
him.;0.016796534631098245
Some;0.013675624925622926
of;0.01248253041569926
his;0.012547030503125712
grandchildren;0.016818281818937478
and;0.012296057780510787
great-;0.012708107154501647
grandchildren;0.012962148418831523
had;0.012358783437146954
descendants;0.013011453755810292
who;0.011496239590053556
survived.;0.011612260633533628
