text;attention
you;0.1416034828667509
can;0.13913456658328802
gift;0.151031187272112
her;0.14189120982798362
money;0.14402788910533432
plant;0.14486954667591995
maybe;0.13744211766861128
