text;attention
Definitely!;0.07596335479873904
Here;0.007635267979694801
are;0.0072166493153932205
five;0.009275460908817309
activities;0.014823997961604002
you;0.006378795489808699
could;0.007608864839235577
do;0.00688115775305001
at;0.0069405522021061495
a;0.00740928157552535
kid's;0.014806744640685448
crafting;0.015741506318410977
club:;0.0940450256017041
1:;0.0549195834858234
Painting;0.028426712132235618
or;0.01081866093044687
drawing;0.019562133839173632
using;0.008794908285412762
different;0.006603958537827148
materials;0.010120528736819798
such;0.006651158493687935
as;0.00805597355326444
watercolors,;0.018215539310635714
acrylics,;0.012051600168934534
or;0.006093285095493878
charcoal.;0.018613209179481956
2:;0.03453644308792254
Making;0.009147058789513392
jewelry;0.02894942699934875
out;0.006509451938655962
of;0.00789260751707721
beads,;0.016445122561103802
wire,;0.008459804418745099
or;0.0061691691913724495
other;0.005510106131890268
materials.;0.0103622804035191
3:;0.01996857822066557
Create;0.008554320398540666
themed;0.012389667038648484
collages;0.016432423510955186
using;0.00916574902389511
found;0.008151515412071072
objects,;0.012243255110455544
photographs,;0.009284771603975705
or;0.006052639600401027
other;0.005272932249071304
materials.;0.008901914181553757
4:;0.014248445083659878
Creating;0.007111461746110721
stamps;0.011372612882388963
out;0.006801517244539435
of;0.0064068620670882535
cork;0.006929519410125392
or;0.005969468600767829
foam.;0.00835614732830019
5:;0.017099358993910168
Creating;0.006072874228537237
cards;0.008442859538099437
for;0.00651014493205812
special;0.005318723777502348
occasions.;0.009242294120596016
Look;0.008386204705010803
around;0.00921426189656161
and;0.007789055483878858
see;0.006646016277862783
what;0.006435510314299184
materials;0.007926323503588417
are;0.006109733527463511
already;0.0064649445977930185
available;0.007452575122158152
and;0.008316422240953773
I'm;0.007074338204786218
sure;0.006042033021057858
you;0.005986555428103883
can;0.0059872141660806885
create;0.006879464866402829
some;0.005643667155624275
fun;0.006111332254211222
and;0.0055426094941875195
creative;0.005239336473028163
activities;0.006066759628401397
with;0.00527908667489902
those!;0.005471116486568554
