text;attention
Welcome!;0.23336711291131362
What;0.15883237736048872
would;0.12303988685767632
you;0.12154442804438563
like;0.11911659726184455
to;0.11433721141348631
order?;0.12976238615080496
