text;attention
Best;0.015796576568719932
way;0.020108447897522613
to;0.01436832034883735
learn;0.014917703021237495
a;0.013565581139811394
language;0.01622820173856259
without;0.017731912712241116
attending;0.013614606696985401
any;0.013530212092420921
classes;0.014939013492978066
would;0.016974919717927948
be;0.014701329357275021
interaction;0.015560039949604755
with;0.014736141022080275
native;0.014060564887031278
speakers;0.015821494060322516
of;0.013767120576667678
said;0.014250053621680945
language.;0.024468341604498126
Humans;0.01858064119410093
have;0.013519105199814105
high;0.012876480654139186
capacity;0.01559028983139943
for;0.01456093871869212
learning;0.014092049896823012
new;0.012362361651020694
things,;0.018152937395889312
especially;0.013260791969874945
when;0.013322081454327759
stimulated;0.015826877345548652
by;0.013015550835378841
necessity.;0.023895646115984874
That;0.014058259950755105
said,;0.020173799104036487
before;0.015496886644117476
trying;0.013444412049835033
to;0.012752911459718574
engage;0.013142885903369286
with;0.013528639580011777
a;0.012499009925434535
native;0.013070301361028387
speaker;0.014351262701037072
you;0.014664917195589393
should;0.015570366364153106
attain;0.017236135200119334
at;0.013620013536245864
least;0.013857349162920201
a;0.012739629360216581
basic;0.012608565000428723
understanding;0.013300099639043116
of;0.013805949892899155
Spanish;0.014068601598231308
grammar;0.016200201753952353
and;0.012712390204458393
syntax.;0.019019866422775176
For;0.013337429303974023
this;0.012910998244409392
purpose;0.014062715761432113
you;0.013075557309059896
can;0.012480977113749708
use;0.013038404623347554
various;0.012692601349778558
free;0.012400049387558561
learning;0.01216082197415995
apps;0.013117287287503866
such;0.012973680237488272
as;0.012671732874151274
Duolingo;0.014958957753610983
