;ID;x;y;duration;pupil_r;pupil_l;word;word_number;distance
3392;3394;617.2928;490.55744;0.40442;11.0673;11.0959;;;
3393;3395;327.616;517.48864;0.35583;11.4357;10.3286;assume;2.0;47.48864000000003
3394;3396;486.4128;497.07007999999996;0.33972;10.9635;12.0972;planet,;7.0;22.07007999999996
3395;3397;629.1456000000001;477.18399999999997;0.27502;10.7556;12.094;together;9.0;2.183999999999969
3396;3398;711.8592000000001;472.84224;0.42065;11.4357;12.8389;with;10.0;3.396314599326805
3397;3399;635.6736000000001;476.86656;0.33972;11.3129;12.6914;together;9.0;1.8665599999999927
3398;3400;938.8672;470.81471999999997;0.3075;11.4357;13.3502;Mars,;14.0;0.0
3399;3401;999.0528;435.93728;0.19409;11.0673;8.7769;Jupiter,;15.0;15.062720000000013
3400;3402;628.0448000000001;611.80928;0.29138;10.2771;11.7068;Neptune,;19.0;31.809279999999944
3401;3403;779.5712;623.4316799999999;0.22632;11.426;11.9292;the;23.0;48.431679999999915
3402;3404;815.9104000000001;613.23264;0.45288;11.1786;11.4077;ninth;24.0;38.23263999999995
3403;3405;801.2928;614.03136;0.38818;11.1818;11.9917;ninth;24.0;39.03135999999995
