text;attention
sure;0.04029504881934022
go;0.027549280547796994
lang;0.055806308843329856
is;0.030073909815759255
an;0.02467928400769943
async;0.032903675682029614
general;0.018845829538476758
purposes;0.019346168951284572
programming;0.018384657721944954
language,;0.06419083133064879
it's;0.02635375203777988
good;0.01791066492489446
to;0.016604328176292493
note;0.022852444743245826
that;0.01997408905474
it;0.015172290397519297
could;0.01727227159082094
be;0.01528689932036129
hard;0.01728453222846804
for;0.015693988776504044
beginners;0.018720129973818885
to;0.015713511971363926
understand;0.017754798136930112
the;0.0183165322165183
go;0.017950612621750153
routine;0.017871723274681988
and;0.015961473709208873
this;0.01532806139872314
stuff.;0.03934916722167034
but;0.017891286945693304
let's;0.024070255042610542
give;0.01652193210446658
it;0.015223139581159487
a;0.014054988854275516
shot;0.016589970942259547
and;0.016276173518589718
tell;0.016054539480636464
me;0.015687673525158666
what;0.015513636627450004
you;0.014662341062942825
need;0.01593035026964435
to;0.014325691604941184
know;0.015407637158685513
i'm;0.01966925819958471
here;0.015725245604719242
to;0.01394833811851973
assist;0.013978227861929218
you.;0.015023046463131007
