text;attention
sure;0.026706285681969446
go;0.024731632272991032
lang;0.02518433357411319
is;0.027344137569080322
an;0.021538091737087792
async;0.025056945978284815
general;0.020227054592820013
purposes;0.01971643749659926
programming;0.01884796130758646
language,;0.0360327782269287
it's;0.024272681599483568
good;0.019670685526879516
to;0.019565816833679292
note;0.02236967348097347
that;0.020806692179894337
it;0.019204643222721727
could;0.020499303354087704
be;0.018048977294917987
hard;0.020395749467220725
for;0.01997708430404937
beginners;0.021015171078395588
to;0.0195541523453626
understand;0.01960504204211496
the;0.018516764718907317
go;0.019362440763364686
routine;0.019410634331659852
and;0.01982605385058657
this;0.018878641457808425
stuff.;0.024419875416331872
but;0.022742850879844588
let's;0.02415657844521494
give;0.01972832167275688
it;0.018061556198165754
a;0.017470714837678668
shot;0.02002966503715317
and;0.020478675714153745
tell;0.01946256168337328
me;0.020639998411538803
what;0.01954339960859381
you;0.018893826966789155
need;0.01911927568929151
to;0.01742582445746752
know;0.01894020274399336
i'm;0.021989191036818418
here;0.01802422674332173
to;0.017591994732637933
assist;0.017482403509439907
you.;0.01743298992586624
