text;attention
To;0.02784714303328014
factor;0.036652835858966684
the;0.025948186017697702
expression;0.027842685116123627
(x2;0.20658485581595817
-;0.025017396626298462
y*2);0.20088661411195488
you;0.026976079301968534
can;0.02271492788410835
use;0.025662421603478595
the;0.024987172078415235
difference;0.02756505700949483
of;0.0243410926410212
squares;0.02605708298453688
formula;0.021795925330679613
and;0.02263426403459682
write;0.02204003563018927
it;0.0202881671304305
as;0.0237240926134868
(x;0.033110436053045214
+;0.025669913910646696
y);0.040928627547281445
*;0.023634972049914625
(x-y).;0.03709001561642567
