text;attention
Neil;0.4838564015382498
Armstrong;0.5161435984617502
