text;attention
1,;0.016402067095111533
ProtonMail;0.03904815692390811
provides;0.008666251854713576
strong;0.00770591973488478
end-to-end;0.13222436124239711
encryption,;0.020378499369813015
making;0.00811181371772537
it;0.010945533806678363
so;0.00952159438108069
that;0.011563813836885393
only;0.007884921734431852
you;0.009103677607251623
and;0.0122982954100089
the;0.010440360211884532
recipient;0.007161782634490577
can;0.00920254172404683
read;0.007722805858675027
your;0.009642305408551604
emails.;0.042958081860261677
While;0.00833661687998077
Gmail;0.012523989012324481
also;0.008591684223295804
offers;0.009021906114355443
basic;0.006693645285261362
encryption,;0.018967090025571908
it;0.010481332579384117
only;0.00797883823897089
works;0.007379650567624147
when;0.01284336963492446
the;0.009843501696008096
recipient;0.007038241126113633
uses;0.009382381169525604
the;0.008764934126433092
same;0.00930635160743728
type;0.008500448587902342
of;0.008326875860586528
encryption.;0.034478927198778674
Protonmail;0.024538017876604895
is;0.009629883813139672
also;0.008295248496163782
neutral;0.007082848468416008
(protected;0.01864786568624842
by;0.008658294975204397
strict;0.007080983141906408
Swiss;0.006491148310322245
privacy;0.0071401501585930454
laws),;0.05584364594729368
has;0.009932360492720678
greater;0.007615873858620237
respect;0.007947840179634732
of;0.008982706913430203
your;0.009234226217370845
privacy;0.008408955733532753
and;0.011370189429308841
Protonmail;0.024857724319359942
is;0.01014618006968319
independent;0.007616026838427338
of;0.00917525145051665
the;0.011298646676455243
wider;0.008132492324757263
business;0.00840299091146661
model;0.008225071204369258
of;0.008366203567682995
Alphabet;0.011942859562865758
Inc.;0.027739876154237772
and;0.012291320356561742
their;0.00971103472041979
interest;0.010163503662498756
in;0.009288671771518766
data;0.008439145217458909
collection.;0.017860193145929862
