text;attention
It's;0.5570883495104628
Tokyo.;0.44291165048953723
