text;attention
The;0.06954828071339093
size;0.07622893563193626
of;0.0697053274904261
the;0.06577941187093629
sun;0.07337634228233748
is;0.07034732480552791
696,340;0.12869514873608998
km.;0.08213501009372054
8*6;0.09219870857225142
is;0.06823612447431564
equal;0.06765990362469268
to;0.06599450762574197
48.;0.07009497407863266
