text;attention
Sure!;6.166898086603109e-14
Here;3.182136345835055e-14
are;3.346966282403482e-14
a;3.0181412483905494e-14
few;3.2298591083885493e-14
suggestions;4.377160040113869e-14
for;3.241864146780864e-14
the;3.0854206087499343e-14
name;4.685952384420493e-14
of;3.3113924646660565e-14
your;3.582377052545658e-14
GPS;5.051968387473628e-14
pet;4.453905458812258e-14
collar:;1.42308764160906e-13
1.;0.9999999999976616
TrackPet;8.57671007681929e-14
2.;7.632394368381378e-14
SafeTail;6.687664995018698e-14
3.;4.967540004371123e-14
PawTrack;4.8889944355196144e-14
4.;4.198780505596327e-14
FidoFinder;5.2185301313202414e-14
5.;4.357395253679587e-14
PawsGPS;4.8678076310233145e-14
6.;3.9588154223841405e-14
Canine;3.685754750913994e-14
Companion;3.548473978959879e-14
7.;3.995943977716e-14
LeashTrack;3.708371713958533e-14
8.;3.4383895066151e-14
NaviPet;4.406026791729868e-14
9.;3.396985183449343e-14
PetPosition;3.2761570109496966e-14
10.;7.153550140982931e-14
HoundHoming;3.5341115864641685e-14
You;3.3632536326920357e-14
can;3.364867566925731e-14
choose;3.8097691447809056e-14
one;3.28213472318905e-14
of;2.990916387973878e-14
these;3.2410086365305974e-14
names;3.8466046165754845e-14
or;3.442628232464943e-14
use;3.251998451509925e-14
them;3.2369477555155496e-14
as;3.031791284139032e-14
inspiration;3.837550595309273e-14
to;3.0842238925982966e-14
come;2.913731971975572e-14
up;2.972681929980948e-14
with;2.924737695360973e-14
your;2.873187971763634e-14
own;3.0381933425923886e-14
unique;3.134368106507184e-14
name;3.0084344082821834e-14
for;2.9405581203709797e-14
your;2.910845693670035e-14
product.;2.911217679585259e-14
