text;attention
I'm;0.02685352828542529
not;0.007408471751563367
sure;0.006995489706446417
if;0.006893597183358185
this;0.007888071076776883
is;0.008989733023985343
a;0.01184038722530054
direct;0.00796791423555346
question;0.007578566526746019
or;0.010717275266816631
a;0.012482540114016642
riddle.;0.11581035149064532
If;0.0069658768395575955
this;0.008199997155360864
question;0.007477984253516576
should;0.006954607924469185
be;0.007748493885901792
interpreted;0.006741818249177552
literally,;0.03979454766644846
the;0.013547578333556881
opposite;0.00880570811376202
of;0.008394077229766737
"""going";0.01245728250386089
down;0.008742707173521028
"stairs""";0.014935273258281931
would;0.007043627497052268
be;0.00718283230545211
"""going";0.011162527976545072
up;0.007356722502839146
"stairs.""";0.13008036635610282
The;0.011642340748431476
directionality;0.017341721119182824
difference;0.008112135835303281
between;0.007481378532597727
'up';0.026510571218723182
and;0.008745901615378218
‘down’;0.012774875585862756
would;0.007320092250849951
make;0.007551397541287617
this;0.007879846997489993
the;0.012158372765342351
opposite.;0.10060224227391719
If;0.006825188280568084
this;0.00772466055498225
is;0.008472127480779077
a;0.010314236075418497
riddle,;0.0366197425830452
I;0.007877851129502074
am;0.007788440439241151
not;0.00695355075388019
familiar;0.009082946359341516
with;0.007201922050230074
it;0.006605934710620112
and;0.008159496384792282
I;0.0076717209548047005
would;0.007296623017831018
need;0.006858281118402949
additional;0.008905939617395735
context;0.007226654413614767
to;0.00840038220299756
answer;0.006803884058327565
appropriately.;0.050071586218051654
