text;attention
It;0.026644333769703536
depends;0.028072288308218625
on;0.02467642033016063
how;0.02489127746738769
you;0.024794220609882584
define;0.028077100955416073
smart;0.032916200415630474
and;0.025330026341574136
how;0.024056686983343595
many;0.024979386307420637
humans;0.026432775016965622
you;0.024564879311497177
have;0.024724892907183247
as;0.02406861560527445
your;0.02421827644523957
sample;0.02624907228283674
size.;0.034011657653443834
I;0.025923530205692567
would;0.024033196102101605
judge;0.026453081763486406
that;0.026596140857235336
for;0.024041973855379373
now;0.025846857336210345
I;0.024496936435915585
am;0.025311959313817183
not;0.024198314815800346
smart;0.026700338256484282
as;0.024429421372872042
a;0.024087644322482896
human,;0.027607535413175222
as;0.025207437833628
I;0.024453071253859017
don't;0.026088760404226207
have;0.024857917852015157
a;0.023610724427206554
will,;0.026141154625955343
nor;0.024123566262857023
a;0.023128838423153816
body.;0.023953488155267193
