text;attention
You;0.07263104462069582
can;0.07099248920026102
just;0.06871868097483108
tell;0.08039116589653741
them.;0.09216603889437167
Also,;0.07812072684174112
you;0.06581102880819886
can;0.06442468965410782
do;0.06295657015900485
things;0.06613672795036517
for;0.07173105809797144
them.;0.0790050219532624
Good;0.06295670618742183
things.;0.06395805076122936
