text;attention
A;0.158662374909443
tree;0.1715922484200456
that;0.16573527001517885
lemons;0.18469940768825777
grow;0.16341321884921045
on;0.15589748011786422
