text;attention
A;0.023511932589071492
few;0.017067525449596593
days;0.01692181868346375
ago;0.019512432543878896
I;0.02211592432058525
invented;0.023210681846538895
a;0.016054600116322818
time;0.016532321752606674
machine;0.026543481568659735
for;0.019745957693490083
this;0.01760862673955973
exact;0.018160460379576627
reason;0.030554710842259476
and;0.024840565647338456
the;0.01698327573455236
first;0.017599456271809297
dinosaur;0.044591458194993154
I;0.016169368671923753
met;0.018277491799518406
told;0.020828196080170547
me;0.017651448390367582
that;0.019955708442123177
him;0.020543126945518908
being;0.020313448935988652
a;0.017065843929267546
cold-blooded;0.04569781800871003
animal;0.01797417623669022
makes;0.027487626245493144
it;0.016118587333431404
so;0.016587753237624004
his;0.0176110542673784
brain;0.019293478162977613
always;0.018089246497798698
suffers;0.02350962946746961
from;0.01696953602263355
brain;0.015713795636779403
freeze.;0.035451656087282866
Therefor,;0.023496672571744183
it;0.015298555968656894
was;0.015417129211290289
not;0.01646817287054541
the;0.017597216254929278
ice;0.01678394567586336
cream;0.02036386666266779
that;0.01724937083702211
made;0.016291481802382525
his;0.015899188951006626
brain;0.0161008158323107
freeze.;0.01616936258813008
