text;attention
1,;0.018389458700474377
ProtonMail;0.01740831998732779
provides;0.01710183236303855
strong;0.015363609065815418
end-to-end;0.02212537432349376
encryption,;0.017752622352308192
making;0.013987026700958732
it;0.01425471800639247
so;0.013565618081131322
that;0.014518170102467986
only;0.014009957202026992
you;0.014611953130377834
and;0.014319880876241631
the;0.013652240159797154
recipient;0.013839416175816646
can;0.013720737351687594
read;0.013562520485217673
your;0.01303429215953578
emails.;0.01537101943781734
While;0.014610731252261557
Gmail;0.014335729582803745
also;0.013856412398029186
offers;0.014356478124727763
basic;0.013411636956611472
encryption,;0.015568520259599677
it;0.013249793554918914
only;0.013204496315927463
works;0.013495500587800028
when;0.013521463230533987
the;0.013024451769450864
recipient;0.013162796837418944
uses;0.013604888116315345
the;0.012889674368289777
same;0.01309068078893206
type;0.012905572719722447
of;0.013146202895137973
encryption.;0.014299470748720334
Protonmail;0.01572725460889953
is;0.014609920497164532
also;0.013311465508540626
neutral;0.014084338049116362
(protected;0.015704461783255446
by;0.01359064841359849
strict;0.013616948818447971
Swiss;0.01379351147006336
privacy;0.013390069529355926
laws),;0.014330949639662527
has;0.013917245442290666
greater;0.014153509395192233
respect;0.013832733677781662
of;0.014114525534994423
your;0.013586712064117205
privacy;0.013323260036975223
and;0.01342305098835326
Protonmail;0.014216601781108921
is;0.013782238135913439
independent;0.01404940924618029
of;0.01352791895628684
the;0.013035647636769789
wider;0.013346531914786677
business;0.013187433102429275
model;0.013181483296490593
of;0.013229166076694616
Alphabet;0.013594737987640009
Inc.;0.013579824222755452
and;0.012923012069767386
their;0.012968047354395697
interest;0.012851001838383284
in;0.012782144462826751
data;0.012492630683314594
collection.;0.012418298607318265
