text;attention
Try;0.015132628732695485
out;0.012396035278635724
different;0.01284354053043077
disciplines,;0.04663007376604749
such;0.010923809922938092
as;0.012930257000338913
UI/UX;0.07076928638471344
design,;0.03473476264012255
cybersecurity,;0.041979833461794146
machine;0.013928506013320817
learning;0.015378078067954201
and;0.01323389260700438
much;0.014273359222785042
more,;0.027708257938481556
and;0.011640581425891318
see;0.013477971343662654
which;0.01306091146675095
one;0.01370133654116334
fits;0.011265830473525917
you;0.013270920168531835
best.;0.020608476797736395
There;0.013984085004465319
are;0.01308728413816734
many;0.011941811223594065
free;0.018310698012078706
courses;0.05457938865971135
and;0.012726126171471498
material;0.019416951319538918
online,;0.019263018692469422
such;0.013751505552422195
as;0.01455048605960842
Harvard;0.016359148505841498
University's;0.015836482718885474
CS50;0.02356188052609712
and;0.015106330177665788
the;0.011497730107352038
various;0.01078497063779604
courses;0.011173256412004076
offered;0.009746671423607082
by;0.010034012659823625
freeCodeCamp,;0.03215165450611787
that;0.010827850584318318
give;0.01021495356876607
you;0.011655692494699454
the;0.0095846690141016
opportunity;0.010210962214610288
to;0.010264147940561814
earn;0.01258545230356567
a;0.010210588984740936
real;0.010687738535239952
certificate;0.014278193625762233
and;0.010448094448125668
get;0.009930970828219825
a;0.00961919165570554
job;0.013045851295344987
in;0.010273201082753732
the;0.00958374021169107
IT;0.010110653219787345
industry;0.00975596206691991
more;0.009386941771627815
easily.;0.009573301860214935
