text;attention
sudo;0.058020094815427185
dd;0.07025910937554469
if=/dev/sda1;0.19535665264911364
bs=4096;0.11644047625370221
|;0.056703711808543764
gzip;0.062231341515758924
>;0.05407049384041111
/path/to/backup.img.gz;0.38691811974149853
