text;attention
While;0.021503433695671918
it's;0.011810642428858023
hard;0.011177625149541237
for;0.009967442846181996
me;0.012297042964585744
to;0.010336437306977824
know;0.013378852070240893
what;0.010766085516033278
population;0.019143857421937274
you're;0.020361061789595687
looking;0.012750748228281842
for,;0.052127045082542456
I;0.011913589227201284
can;0.009844721611426988
guess;0.011604375445660654
that;0.011325666395845372
you're;0.01284838735632706
looking;0.010040040422061655
for;0.010026622204792529
the;0.010437591270829018
human;0.015252908239852923
population?;0.07010466861394754
That;0.010126553066909672
number;0.024289323549183298
is;0.011456633654285344
difficult;0.01176865753825848
to;0.010400836215526526
measure;0.013679316677756551
accurately,;0.017672567343096857
but;0.014718016731689335
some;0.01105138736117828
sources;0.011216367607753418
claim;0.012409484747268225
that;0.011157601656216735
the;0.010801561022644266
Earth;0.01384602852271513
reached;0.01491506145755423
an;0.009676517534282685
estimated;0.010720391709311536
population;0.015347172925494758
of;0.012556039608341101
8;0.012819132174013165
billion;0.035760497362571954
around;0.012551832069941243
November;0.01232910151119589
15th;0.018101324499943054
of;0.00922840738474362
2022.;0.03247589037485559
The;0.010268423934434093
human;0.010122206947524175
population;0.0100375844540723
may;0.010966774725103339
decline;0.01668544348153689
and;0.01274276536811593
reach;0.01096064500752283
that;0.010567454075394583
number;0.010385218227730132
again,;0.01640141779803888
but;0.01284089442681832
I;0.011472471436435015
don't;0.011824990636826217
have;0.009668937193606838
any;0.00938800620735588
information;0.010121348142921137
to;0.009230407879982144
provide;0.009693835975269785
you;0.009208904542571271
with;0.008841353318428492
a;0.0089526972506187
projection.;0.00952366937456874
