text;attention
Sure,;0.027966525713938876
here's;0.05754750435130407
a;0.012106709047802443
simpler;0.017365876804504625
way;0.014695386290025399
to;0.012145132084545306
express;0.01354491797760123
that;0.014916832444966993
same;0.01329936290079776
condition:;0.03006543286209738
**;0.014879157725833576
‘python;0.022770331049279578
elif;0.03683856429147073
a[1];0.10520695245530053
in;0.01842614620448518
"[""3"",";0.03932435745169022
"""4""]:";0.03229103945185303
***;0.03439684107463736
This;0.023405312158946763
uses;0.014679114704973684
the;0.012159647381126662
in;0.02447794850893915
keyword;0.016566819918499776
to;0.016733235287145123
check;0.013984197178521764
if;0.013437337897478918
the;0.012417962128402772
value;0.01338442773059886
of;0.012439454558982464
a[1];0.02483758603735934
is;0.012567823971925749
present;0.013037305295848397
in;0.01294264569061096
the;0.011715969321224632
list;0.013751088214713806
"[""3"",";0.014656304570600092
"""4""].";0.021081623308539185
This;0.01319466289741366
is;0.011783743367915458
a;0.011496480016296686
more;0.011851161033323633
concise;0.016506116740370124
way;0.012235619448291147
to;0.011601381211304987
express;0.01201485934131847
the;0.011678049904190984
same;0.01210000817183019
logic;0.012326671605616455
as;0.011665819559489015
the;0.011708463890498752
original;0.011894409545452164
code.;0.011879679220116061
