text;attention
The;0.029247530251852925
egg;0.032055463734971985
comes;0.026833569500720734
first.;0.06066744791991003
You;0.025641626761456433
can;0.023337259064840764
think;0.023984818233894863
of;0.02822457721827198
it;0.025321429705657622
this;0.025116571741763075
way:;0.03222287529786735
the;0.027252204691431105
first;0.023640796247528666
egg;0.026744788157689766
that;0.02579164987986324
hatched;0.036340010721026675
into;0.02641530039635877
a;0.024154163670862497
bird;0.0265521946938994
whose;0.025311655265016716
genetic;0.02766747547770473
makeup;0.026340827437102657
was;0.0240022679229832
fully;0.023082183136636764
chicken;0.02833940785542828
is;0.026847247101688936
laid;0.02607027044203789
by;0.02810739047320897
some;0.029210432211105898
almost-chicken;0.04245181612904885
creature,;0.02620119406012461
thus;0.02276473511255176
creating;0.02432666217274482
the;0.023353193294388192
first;0.022445839610598605
chicken.;0.023933124407761346
