text;attention
As;0.02780853266956406
of;0.02994560954574786
April;0.029109877457099777
8,;0.03816815465762471
2023,;0.036626589524359494
Tokyo;0.02791776281701347
has;0.027298285688985742
the;0.02657243763038185
largest;0.02692456693382117
population;0.033327816222495976
in;0.02560736402951826
the;0.023845281040424316
world.;0.03829354656595498
It;0.026211550321399737
had;0.02597195056585524
a;0.02453417726400894
population;0.026997602494013576
of;0.025722961899025346
approximately;0.02746149389800806
37;0.029130871297372858
million;0.02668671483316875
people;0.02415101872447689
in;0.02446362979002304
the;0.023427652139770803
Greater;0.024266697934176434
Tokyo;0.023957463187726926
Area;0.02470121884058504
and;0.025219165741361817
a;0.0234162565607767
growth;0.02551623710695551
rate;0.026846304648550832
of;0.024654373639974508
about;0.02490192150202339
0.2%;0.0301649489819968
which;0.023437701020779557
is;0.022897045120222233
low.;0.02381521770475524
