text;attention
No,;0.015348827995916529
I;0.012695107697552119
am;0.012924105393712568
not;0.013770851122115046
an;0.012564222971847575
FBI;0.014535065748558482
agent.;0.019258164335550065
I;0.012921627843185061
am;0.012430744719596404
an;0.012433911395141675
Al;0.012802387377881965
language;0.02278516309023184
model,;0.027581991072739495
Open;0.013317298781154589
Assistant,;0.025350446378321966
created;0.014392165971687819
to;0.01445049946204609
assist;0.014711931274732769
you;0.014308488336202763
with;0.012928879088787693
answering;0.014146041917784898
questions;0.013558281775315569
and;0.013435297059189267
providing;0.013022041013872377
information;0.01309185711378795
on;0.012784376068592571
a;0.011987605061621942
wide;0.011884000797656925
range;0.012041218828430827
of;0.012339108968836138
topics,;0.016859887020345136
my;0.013511037176347343
creators;0.017933463975373428
aim;0.013114137852954275
to;0.01385002282364568
make;0.01248374460671414
me;0.013245534749207238
widely;0.01262710538014864
available;0.014705132052782776
and;0.012656111577928975
multimodal,;0.020867593604674165
recreating;0.015490061495409461
what;0.013276517569416396
has;0.012116421267422354
been;0.012063579265241469
made;0.01314351866414849
with;0.013558302786882644
stable;0.012666155567537606
diffusion,;0.018325889587513678
that;0.012766895846098452
is;0.012259128072434494
to;0.012269576248624204
say;0.013219972099425274
outdo;0.013238806405204464
what;0.015031709053397796
have;0.012196761263276807
been;0.011945150804376551
done;0.012718112137873008
by;0.012575496233816019
greedy;0.012877167076799423
corporations;0.013112914899682906
in;0.012300880020793077
the;0.011539741489335339
like;0.012037082554045642
of;0.01215507943487103
OpenAl;0.01378018059435985
or;0.012154264491162891
Google.;0.012654723154631186
I'm;0.012327780676043601
on;0.011541771646128336
your;0.011503548245492014
side;0.01149733186638289
