text;attention
You;0.024914412645993818
could;0.025149911178435288
always;0.023060195669406584
look;0.024021708778076693
at;0.02264830299947678
the;0.022384591042920104
individual;0.0230799508055933
mods;0.02390357130929695
that;0.02366328542589927
make;0.023328557294761725
up;0.02295384478461202
the;0.021446358670900292
modpack,;0.03243333907274365
and;0.02182844086673964
download;0.025936431395969864
them;0.021346301339877808
one;0.02200469672385241
by;0.02196050673569964
one;0.0202186243997874
from;0.021497085049095824
the;0.020575466907501214
curseforge;0.025467631556976008
website.;0.025804361478147183
You;0.022228111195921312
can;0.02273235930723001
also;0.02133156002661206
download;0.02500663675069924
the;0.021068258042608937
FTB;0.023126843802766264
launcher,;0.02579821823739668
download;0.025670511612912478
the;0.02080007772184355
modpack;0.02370465365698584
from;0.02144091858558328
there,;0.02357648493575902
and;0.020389522380739378
copy;0.023029034267072902
the;0.02030382097265498
files;0.019872023623192965
over;0.02033167319274576
to;0.020357050565493966
your;0.019512510867885205
preferred;0.0194424701704187
launcher.;0.02064968395171396
