text;attention
Tam;0.13379341246924367
very;0.09671779800457053
well,;0.1052178283918459
thank;0.08661219036765316
you.;0.09290234130204889
How;0.08205744392235123
can;0.08133461189594186
I;0.08038723201373447
help;0.08022645471041685
you;0.07972029403972077
today?;0.08103039288247263
