text;attention
To;0.015869354460364818
write;0.012686781029569822
a;0.010735429883853773
good;0.013036225774753095
book,;0.07267420211184684
a;0.009309793372038975
person;0.011886977424646346
should;0.011294811389455576
study;0.012328572580659442
various;0.011466485006295287
subjects;0.019488130397877786
such;0.010268557805354598
as:;0.018757995823529685
Storytelling;0.0398432588165291
and;0.010374293069057643
plot;0.011427869313193575
development;0.011645024070006274
Character;0.012178919541690316
development;0.013478047924233795
Dialogue;0.015008134730785612
writing;0.017091598553325853
World-building;0.03222854665667159
and;0.008788402027810843
setting;0.009315198346611906
description;0.01308112373600514
Point;0.010060732325892415
of;0.008427018548927632
view;0.011667510913868733
(POV);0.02092287055010164
Show;0.00894182738443386
vs;0.008183519917027956
Tell;0.010290370972337313
technique;0.011953349762311135
Pacing;0.021497718342245637
and;0.007905413183221445
flow;0.008776833800167349
Grammar;0.013458271413762189
and;0.007989907120593349
syntax;0.008933476645314388
The;0.012465911518988577
writing;0.010141689554240886
process;0.012555349398702302
and;0.008265837388835727
revision;0.010831524817761048
techniques;0.010568328827254309
In;0.012809190940128938
addition;0.01138901165690411
to;0.008921054089412631
studying;0.01132743703744408
these;0.00900976204269423
topics,;0.017078455767916077
a;0.01312351181049367
person;0.00949656292812065
can;0.009390105440765765
also;0.008508903762098438
benefit;0.009683601493191444
from;0.00940065655692206
reading;0.011134832651669424
a;0.008059397693500468
variety;0.009192094658218734
of;0.0087951455146461
books;0.01038288466275427
in;0.0084945980067723
their;0.008067028978893822
chosen;0.008517986064607318
genre,;0.014416436505185488
participating;0.010149836538365984
in;0.009165575313807519
writing;0.009086045162819866
workshops;0.01096727821054635
and;0.008835360545474463
communities,;0.013090716339472688
and;0.008391205654648126
seeking;0.008055790385361899
feedback;0.009320769237136317
from;0.008512194791753377
other;0.00784994918427727
writers;0.008390605490313193
and;0.007663837147688881
beta;0.007392344686430124
readers.;0.007828636817408311
