text;attention
Tam;0.09366567771971786
very;0.08722637584321563
well,;0.138992836477964
thank;0.08175599244618063
you.;0.11516073208296115
How;0.08113715905975845
can;0.08319064702375766
I;0.08202702094400731
help;0.07915187791410187
you;0.07797214641736834
today?;0.07971953407096705
