text;attention
Profile;0.022922427028245873
guided;0.024467884132104184
optimization;0.02920128740966471
works;0.019325889576142348
by;0.016913448115593564
running;0.01694752712125648
the;0.014497934054738757
program;0.02643777659883663
and;0.015025181596421104
seeing;0.01602587196759934
which;0.018089606522230343
parts;0.01661997547130561
of;0.015184028302713409
the;0.014271458775225548
program;0.01762154432815921
take;0.01577469630941349
long;0.016190848031627895
and;0.014097091828593516
improving;0.017779088529908102
those;0.014114287985568463
parts.;0.01914789598160741
This;0.015317071727966858
works;0.015597339648499426
because;0.01666873372969223
it;0.014369097417157828
makes;0.014526341858187233
it;0.014010840834330544
so;0.01475518486501706
you;0.015887299043769947
only;0.01500539849112163
optimize;0.01779707730009837
the;0.014398774985053348
slow;0.017759857669937984
parts;0.015633000808686758
of;0.014322351751075713
the;0.013437735319888984
program;0.014869598771786617
which;0.015414285982209865
is;0.014691113939263374
were;0.017230484342370605
you;0.014082703346504778
will;0.014023742975839705
actually;0.0143923014952668
notice;0.01532594470007659
the;0.01347956610642303
speed;0.014958952774401556
ups;0.016656405553937166
in;0.013718147058145667
the;0.013028788670621263
program.;0.016138518275118047
Improving;0.017034325933444085
the;0.01403666839788438
fast;0.0148488340470536
parts;0.014043848696195379
of;0.013528811496570103
a;0.013906148347569602
program;0.01353478325172496
does;0.013890019899575784
not;0.013912109518446871
make;0.013450614880377002
it;0.013205577970416427
much;0.013108249277500171
faster.;0.01334759917383688
