text;attention
The;0.06745818320925936
world's;0.06816032429104753
population;0.07304847539926186
likely;0.0652199922291235
has;0.059640826374145764
already;0.06284428400429926
exceeded;0.06576255021200411
8;0.06664291878726382
billion,;0.10260062793581821
and;0.061981364237148
did;0.05802568434743791
so;0.05801014434359989
in;0.06013066583793719
November;0.06351018052855785
2022.;0.06696377826309567
