text;attention
A;0.010152852313980613
VPN;0.06318092135770176
can;0.020276086296302502
make;0.012710934578348047
it;0.008847551023380511
harder;0.016971603487590404
for;0.010937926649169528
your;0.010820979537409231
ISP;0.031142897248573817
(Internet;0.012615878801708636
Service;0.008039387924579226
Provider);0.011842828150808268
to;0.011666959930679295
determine;0.013741132672563983
who;0.012641140756693859
you;0.011727266399486985
connect;0.011097503329240055
to;0.012209574247091815
over;0.009118784779602353
the;0.007983831034508265
internet,;0.01872948586674536
or;0.009160355679779792
to;0.008618233989831041
censor;0.013707211671740814
certain;0.00869837278435827
internet;0.008418798424312092
services.;0.01875062665895092
However,;0.015980624082025406
this;0.008372624847997855
doesn't;0.011367016644951072
prevent;0.012266828229220345
the;0.00851729126374527
VPN;0.01679354993189365
itself;0.010082366148742592
from;0.008822754660120705
logging;0.015807515577251956
what;0.009944627067981307
sites;0.010932539273444406
you;0.008401943127471575
access.;0.01722116001345338
Basically,;0.012445187706253281
a;0.008646773676980213
VPN;0.02393592134289013
acts;0.011972442013954454
as;0.009369340115589476
an;0.008274902943605304
additional;0.00969714698855172
relay;0.014257260493609885
in;0.00984777056575239
your;0.00882997975081797
internet;0.008825772396287398
connection.;0.016962473595092408
In;0.009392689174653867
order;0.008960285432270563
to;0.008991422283745389
achieve;0.009052083919540049
greater;0.008981500854342541
anonymity,;0.0269880846676153
you;0.00931024144178394
would;0.008612763549953684
have;0.00791058213805903
to;0.010188896974835975
use;0.010049462036281336
a;0.008935907971257708
network;0.01139563374445844
(like;0.013091851442917496
Tor;0.013649887654499487
or;0.009347476694994914
12P);0.012110405149615179
where;0.010788826099078639
no;0.009299831854854902
single;0.009464496413095864
relay;0.01255642086648085
knows;0.011344522000174603
the;0.008744336984593034
entire;0.009332532020712148
source;0.009271604393044783
and;0.008022733280083775
destination;0.008865918725661557
of;0.008287838004125388
the;0.007700958365853494
data.;0.007965867808594363
