text;attention
You;0.03973691139380363
can;0.03843564788094693
always;0.03760219926885539
install;0.04017781060913921
mods;0.05151662764426514
manually;0.041674270014207794
by;0.040493271811204205
dragging;0.04070086254053935
files;0.04184578810380764
the;0.04160042283085847
files;0.037286464918971834
into;0.04053856092755673
their;0.038834364817528146
proper;0.03624403249196966
locations.;0.05228889524351673
There;0.0374281867364627
are;0.037664978481807096
alternatives;0.03947278822775911
to;0.039857500477928465
Curse;0.044661832682083534
Forge,;0.04359581672111289
(LIST;0.04235887740860509
ALTERNATIVES;0.058277435645708656
HERE).;0.037706453121361644
