text;attention
Would;0.1299328813325258
you;0.08083479566103753
like;0.07993698683569393
me;0.07470718885226225
to;0.0741058815695982
consider;0.08002324906740388
cities;0.08746400901005308
by;0.07808272597084717
population,;0.09644502882739057
or;0.07187681284542737
geographic;0.0734015191936818
area?;0.07318892083407832
