text;attention
Would;0.19535699205872994
you;0.07814899190285525
like;0.07587597638341374
me;0.07331617337825905
to;0.07032135890960885
consider;0.07568481829763575
cities;0.07539180587152368
by;0.07115468065152866
population,;0.07703816673713747
or;0.0692985592133528
geographic;0.06839985429775942
area?;0.0700126222981954
