text;attention
The;0.010105365279835425
Bible,;0.015618828936773252
which;0.010471463568367518
is;0.009925667783591436
intented;0.012090393958360326
to;0.01048539522611758
be;0.009910399800636642
taken;0.010517428884068408
as;0.010582151505470358
the;0.00994079923327202
word;0.010169724229849382
of;0.009943918143665038
God,;0.013443730944218569
gives;0.010618275258862097
many;0.010328860446122693
examples;0.010970660100811122
of;0.010452424726667726
the;0.010167862646982493
thoughts;0.011200246903500282
of;0.00968266737795579
God.;0.016685633568651742
1.;0.02047704479748623
God;0.012521176539721306
cares;0.01414421378232484
for;0.010799984016557136
us;0.01145515611178691
(Jeremiah;0.012336619799727546
29:11,;0.015688596086779093
Psalm;0.010165902788477503
139:16-17,;0.015971597124281096
Matthew;0.010690129757509286
10:29-31,;0.01494879642038073
Romans;0.009885430642733036
8:28-29);0.01557469056263926
2.;0.013498832071472965
God;0.01101418674808661
has;0.009909712759699324
a;0.009660545393275306
plan;0.010578822166760727
for;0.009877078846498936
us;0.010174746998206417
(1;0.01065270954557635
Peter;0.01011585527112035
2:9,;0.01259271997940453
Ephesians;0.011891512036246648
1:4-5,;0.01500089598032334
Ephesians;0.010325718098599404
2:10,;0.011743398175377517
1;0.009530392500763296
Timothy;0.010169099295204452
2:3-4,;0.012545708625747462
2;0.009328788581364416
Peter;0.00939203159731929
1:3-4);0.012159892127874553
3.;0.011163736723080075
God;0.010189181019944914
will;0.009718787292643019
not;0.009685902165619995
forsake;0.010741538349829051
us;0.009898019699452
(Psalm;0.010931930436293877
94:14,;0.011615989071854502
Exodus;0.00976133027521833
19:5,;0.01196298682118144
Joshua;0.009638628132765252
1:9,;0.011055847676889646
Deuteronomy;0.00967916280144231
31:8,;0.01076065927581723
Romans;0.009381736588695722
8:38-39);0.012784086629650542
4.;0.010495229199827491
God;0.010416575715141697
is;0.00965588955290357
looking;0.009651337418135075
forward;0.009756303185400411
to;0.009819307470728955
spending;0.010152449034445062
eternity;0.010166036019314052
with;0.010053872402079445
us;0.009621378860362014
(John;0.01047219642162445
3:16,;0.01143149792852262
Romans;0.009332794382503612
6:22,;0.010826590642861306
John;0.009337073592221093
4:14,;0.011662108634435942
John;0.009203056862884399
14:2-3,;0.01120367607038366
Revelation;0.009296255328215056
21:3-4);0.010342964564526491
