text;attention
Yes,;0.15667771049685641
you;0.08797255100402473
could;0.0951864848763676
use;0.09986084521171425
duct;0.10662389648040939
tape;0.09345432845248741
to;0.0869137451350523
seal;0.08942213621474784
the;0.08326805498041255
puncture.;0.1006202471479276
