text;attention
"""WHAT";0.04297968384867531
DO;0.014727393408589607
WE;0.016164341733529364
"WANT?!""";0.16951325492242725
"""TO";0.027643388412812227
KNOW;0.03414829557378484
WHAT;0.01583909597821435
WE;0.016758124597524394
ARE;0.01266769963290594
PROTESTING;0.13481724153889182
"ABOUT!""";0.1176129633683339
"""WHEN";0.02810254338649591
DO;0.013520452820032674
WE;0.01400667591233279
WANT;0.02450122723781605
"IT?!""";0.031112954825851424
"""HOPEFULLY";0.042255548338158776
SOMETIMES;0.025988169313685295
IN;0.011421787844356185
THE;0.011199368082657781
NEAR;0.014614552357848499
FUTURE!;0.021024123886168446
WE;0.011873076224683206
THINK;0.01326243003794961
ALL;0.012343500843902218
OF;0.01075097837649259
US;0.01327257566756747
COLLECTIVELY;0.01588656954124445
LEFT;0.011899583833701715
THE;0.01128942398725606
STOVE;0.01343213622795353
ON;0.01280418988385481
AT;0.010889698676344317
OUR;0.010469363152535518
"HOUSE!""";0.011207586525421611
