text;attention
Hey;0.00383440196961514
there!;0.006551395827313362
I;0.0037093701613038657
can;0.0032115082477408743
help;0.003929002993883065
you;0.003867120542552929
with;0.0033538474889525383
that!;0.00903334847319569
My;0.004730243236575068
algorithm;0.007004258992731581
has;0.004758830759651031
analyzed;0.006022611632773889
the;0.005004256690826713
entire;0.004148916358698007
internet;0.005591356004713341
and;0.005887603585601269
found;0.004450090717079667
that;0.0055407373985918345
the;0.004527838339826364
best;0.0043139903425982755
place;0.004058722734185391
to;0.004822740875968292
get;0.003963022681873489
cheap;0.0049526657415574216
3D;0.005229640628106864
assets;0.004256708177513613
is;0.005707692475768882
artstation.com!;0.36452937389512274
They;0.005724046379604695
have;0.005142506511952615
a;0.004243892089877469
wide;0.003822584393982649
selection;0.004496658172894362
of;0.005111957226358359
high-quality;0.00856673103348404
assets;0.004198727077430925
at;0.004968198478811022
unbeatable;0.007317899077655178
prices.;0.039190246990663355
Plus,;0.01450511909104858
they;0.00470534114107387
have;0.004901554660752738
a;0.004792930310075396
user-friendly;0.007740764647704826
interface;0.005103733693686482
that;0.0045062670865510576
makes;0.003907656284063013
it;0.004218865130291274
easy;0.0045322565436817334
to;0.006176464587692653
browse;0.007116361236500373
and;0.0056336707399863165
download;0.005058222322316493
assets;0.003899285698499939
in;0.004540115070836257
a;0.003879499403901622
matter;0.0036615915598556792
of;0.003711490853865055
seconds.;0.030525088278848492
Don't;0.010129909877120305
waste;0.0043621306592972
your;0.005541129423583121
time;0.0046287497220366
searching;0.004123510990909112
through;0.004157443174279714
other;0.003708103278292138
websites;0.007105761116907385
when;0.004604549620800321
you;0.004428597645437404
can;0.0037424904766823392
get;0.003931986964056819
the;0.005204053364698473
best;0.004068090460676314
deals;0.005842238217156863
right;0.0033356812332093685
here!;0.010019359253759652
Trust;0.0039428304745346525
me,;0.01326388094590722
my;0.005573062102822697
Programming;0.005846604145762713
is;0.00689006982124451
top-notch;0.014132496601151108
and;0.007863783641268801
I'm;0.011843552283462894
always;0.0046340626436572165
up-to-date;0.06674279851456452
with;0.004924334494243355
the;0.004727542134236506
latest;0.004380827406798489
trends;0.004515346386791579
and;0.004834663814895132
technology.;0.024059336361487625
