text;attention
Here's;0.07085746180776803
a;0.013849399252315892
new;0.01468980479045241
threat;0.02164106343382984
with;0.018294993095875536
potential;0.014658231623492847
global;0.019135871718877626
effect;0.022290455554036484
on;0.01465575577052424
life.;0.04919339265163644
A;0.020902166261345296
supervolcanic;0.2147793534112527
eruption;0.0639359538012239
can;0.03229885554637907
cause;0.02187677213787328
the;0.015476473431548973
release;0.01579759508533465
of;0.015910293469886035
high;0.01265564538659664
volumes;0.014818461932128265
of;0.014726145547971175
volcanic;0.018795791515916094
ashes,;0.029022448261398836
resulting;0.01576095439899046
in;0.015175618876386856
overnight;0.02004111653436961
and;0.014030936849661746
long;0.01268352138491691
lasting;0.014692747473748427
climate;0.019303500315190212
effects;0.015989543235368976
that;0.014685744408911188
would;0.014300275909275987
threaten;0.0172862756465221
all;0.013333753030400651
aspects;0.013079761940701559
of;0.01237935972021856
life;0.013426722658733027
on;0.011667568608476639
earth.;0.011900213520462949
