text;attention
Here;0.9892333799061315
are;0.00018623429044129574
some;0.00015921088988994633
great;0.00017005047602517703
objectives;0.00021664480036363964
and;0.00014141555074895524
goals;0.00016621525901139428
a;0.00017082276808556666
computer;0.0002977454244833498
engineering;0.0002484383828958772
student;0.00016490454016240404
could;0.00014825159698754
put;0.00014669170817128364
in;0.00013587806420950864
their;0.0001401557506539733
resume:;0.0005198871190206031
-;0.0002955211118535257
Aiming;0.00023122220491336558
to;0.00015194512969779247
help;0.00016200663173227193
[company];0.0002564505712353406
produce;0.00016191856081934955
cutting;0.00013694641476624084
edge;0.00013987643363082684
hardware.;0.00028348414744695056
-;0.0002088589023505056
Objective:;0.00018881845476725423
To;0.00014503996235166542
improve;0.00014017113317853333
[company]'s;0.0002985668066518532
RISC;0.00016756542133312136
processor;0.00014503803235588073
efficiency.;0.00018971630382595226
-;0.00015743045392250228
Goal:;0.00016029776854834164
Learn;0.00013745265142138692
the;0.00013614064201609307
skills;0.0001380613656641315
to;0.0001405347915440672
become;0.00013210654767619007
an;0.00014230907989115665
asset;0.0001400327345201177
to;0.00013987643571514817
[company];0.00015539101233497883
Let;0.00015541215145288323
me;0.00015067878720319465
know;0.00017001306384212007
if;0.00014078587158983352
you;0.000136524938732047
were;0.00013137609427792715
referring;0.0001450108292798492
to;0.0001356401318536968
computer;0.00015119148004759356
software;0.0001515647659967395
engineering;0.00014081781323080155
rather;0.00013671261304182053
than;0.00013510973964444604
hardware;0.0001394791665268654
engineering,;0.00014059757611164833
and;0.00013121717591988179
I'll;0.00018337601104021325
update;0.0001358043563042708
my;0.00013025607930808607
suggestion.;0.0001297251211493381
