text;attention
A;0.04354344630641629
penguin;0.04491415195040935
and;0.04048877099038447
a;0.04043858013095694
walrus;0.043910915223384514
walk;0.04088539115053418
into;0.0416802439925565
a;0.04014891215072343
bar.;0.045165822019890695
The;0.04076069454098031
bartender;0.04397593994746544
looks;0.04139663722470241
at;0.0409734016341204
them;0.04083912593566618
and;0.040249822206759676
says,;0.04310467258492291
"""What";0.041778645816949456
is;0.04038627207854316
this,;0.04181142232415892
some;0.040647139014893474
kind;0.04039046633212619
of;0.04094258268129309
Arctic;0.040917396738128504
"joke?""";0.04064954702403348
