text;attention
The;0.02034986587259392
equation;0.02312271387942516
that;0.018060215399903566
gives;0.018845023073609267
such;0.01811903552512418
a;0.016439430756371422
number;0.019185125804773367
sequence;0.023361634704605675
is;0.019547767074404095
a;0.017655157384370117
geometric;0.02221250765548966
sequence;0.022078263377644944
of;0.017551953874936223
base;0.01997699901651002
3;0.02656523930129091
added;0.018731046907307237
to;0.018785969892822628
the;0.01686919949139638
previous;0.018258038984706303
result;0.019489820534978348
in;0.016779243375425985
the;0.016076833637619397
sequence;0.016333077145124757
starting;0.017263521491647324
with;0.01672417228298801
1.;0.03291507973477862
I.e.;0.025974363354793546
1+340=1,;0.1428620556539184
14+341=4,;0.11114261430405238
44+342=13,;0.07506136294696299
13+343=40,;0.04758871566301689
40+3%4=121,;0.03874534817837803
and;0.015984398068601635
so;0.015405247906543709
on.;0.01593895774388492
