text;attention
Two;0.023618460246800838
features;0.022821915021246485
that;0.02135506148376033
set;0.022136541040928635
the;0.02039339431334844
Boeing;0.02661320086127279
747;0.06389272572999331
apart;0.022480410698538053
from;0.01995019594593622
other;0.02193426513510476
commercial;0.0214358493296549
airplanes;0.02809353579063975
is;0.02149845695728568
the;0.024102801285925932
bubble;0.03063647298970783
at;0.02214834097393015
the;0.021056058242561494
top;0.023643829910558186
that;0.021326313877255296
gives;0.022072782335494617
passengers;0.022996513952674918
the;0.019703792985766105
impression;0.021111460331092888
of;0.021200723330913458
sitting;0.021858889265329102
in;0.01944982015796459
the;0.019393368631495246
nose;0.0225936614032053
of;0.019820950875566772
the;0.019547648175929834
plane,;0.02320523268005045
and;0.020402409238096962
the;0.021039272203228657
flight;0.020345394324677964
of;0.019712807828170448
stairs;0.0224892235155274
that;0.019673963000228396
allowed;0.022398361362588867
one;0.020099387851891495
to;0.021082675915194672
access;0.020725713027492515
the;0.01959227818246985
upper;0.019870649436563786
deck.;0.020475190153936482
