text;attention
Both;0.01251070283889503
of;0.006613361990247601
the;0.006745820636370989
terms;0.011017671549678466
"""birding""";0.25234992936283784
or;0.007695677218520544
"""birdwatching""";0.1156896948825759
can;0.007112774411871437
in;0.007018157517390594
most;0.007098075541667489
contexts;0.012287363974417067
be;0.006297376337739023
used;0.007693855714590499
to;0.006891861330264037
refer;0.007163578430102445
to;0.00815830595274482
the;0.008452511929033023
recreational;0.01737484011529005
observation;0.012613517511337905
of;0.0072402651440942
birds.;0.022492782155781404
Birdwatchers;0.06846228929651482
enjoy;0.013184005705951792
observing;0.010568888681591266
and;0.006944686406177574
documenting;0.013238803863392492
appearing;0.0068446441658259975
birds;0.008343607386096446
in;0.006953520541483762
some;0.006572364056937679
area,;0.011231548199714034
often;0.007922448874267261
but;0.007188270590782431
not;0.006487565443818407
exclusively;0.007074640028875658
using;0.008110446397838913
visual;0.00982702303133901
aid,;0.012014125581905535
such;0.0068537678164638
as;0.00649596734869406
binoculars;0.016305229098830493
or;0.006204214762509088
similar;0.006193923544694436
tools.;0.009401903144807745
Birdwatchers;0.013130870473619048
also;0.0067405521002672645
rely;0.0066987618895899366
on;0.006518848849221328
auditive;0.01005111901955633
sensory;0.006665977958416145
data.;0.006831485283221345
It;0.006832287643891623
can;0.006397993264741326
be;0.005932940030189211
considered;0.006537453263398295
a;0.0064491561828837664
form;0.0062388241413613
of;0.00615751114789344
citizen;0.008114041907757406
science,;0.010099926432144477
where;0.006659111976538063
laypeople;0.010399769183410654
of;0.006469995122090897
the;0.006157647633579493
general;0.005919585716852063
public;0.00602363066425176
contribute;0.006393433275767609
to;0.0064830439185675475
scientific;0.006743124610698587
endeavours.;0.00641089979612791
