text;attention
Write;0.0936140502414619
a;0.08912639718547236
python;0.09703481137350294
code;0.0848090706273968
to;0.09050959980755703
summarize;0.10396622994013646
meeting;0.09834358427281904
long;0.08973189414082795
transcript;0.08815100784404466
with;0.08294831952546611
openai;0.0817650350413149
