text;attention
Evolutionary;0.9679548039484687
Psychology;0.0007122341503318179
is;0.0006664444629709361
a;0.00048386476229609205
scientific;0.0004591126782101797
discipline;0.0005994859964011421
which;0.0005849961153255013
seeks;0.0005995684004017424
to;0.0004414470617367245
explain;0.0007156480336602856
human;0.0004449716176142282
behavior;0.0005497177138335383
by;0.000488559523683866
looking;0.0005334354876169666
at;0.0004534330069616647
the;0.0004088983047893413
evolutionary;0.0006087502413923707
forces;0.0004991664658931858
which;0.00043612932405639586
shaped;0.0004106791636925757
it.;0.0010760939764176498
It;0.000542679357086226
is;0.0004595570173860601
an;0.0004163440148077236
empirical;0.0005629157607651834
science;0.0006395588888248555
that;0.0004750127853110974
utilizes;0.0009400240893042467
data;0.0005628292022444239
from;0.0004633775776281377
a;0.0003670698813810576
variety;0.0006423288097381283
of;0.0003729928520404652
sources,;0.0005586931550098086
including;0.00044263040907318246
psychology,;0.000457280620898368
anthropology,;0.00051515292488949
and;0.0003676900883786306
biology,;0.00045986897638668607
in;0.0003827930642031844
order;0.0006009179188465082
to;0.00039195508078609064
develop;0.00039854841109050515
theories;0.0004577182011330176
and;0.00036996929870364233
test;0.0004200118871415299
hypotheses.;0.0006623257731072096
While;0.0005476780234452052
some;0.0004250578832438745
aspects;0.0006101796968619176
of;0.0003873659745855148
evolutionary;0.0003936390478027115
psychology;0.00040377980633696844
may;0.00039679824240740564
involve;0.00040037298789979893
speculation,;0.000599338798018282
it;0.0004587709177483671
is;0.0004007823110160982
ultimately;0.0004546975496198833
rooted;0.0005693088632616874
in;0.0003839983778413103
empirical;0.00040108266595853233
research;0.0003623676172686353
and;0.0003726700398970448
evidence.;0.00037442471486656654
