text;attention
Start;0.023246290839212872
by;0.026724751945392526
telling;0.023449015056070405
a;0.020946674784213106
tragic;0.026786777223362004
story;0.02828823272157607
about;0.023827339044095723
what;0.020312919261338713
happens;0.020974937208742408
when;0.022555903126221306
people;0.02251025131490272
don't;0.023863676780944785
pay;0.020594571400392593
enough;0.019678046284807803
attention.;0.04387972599107257
Then;0.025861932403432143
provide;0.024152011293799767
some;0.020588392010335386
statistics;0.026306940276408834
or;0.020912414440439446
logical;0.020561841968321712
argument;0.022992391804676635
to;0.021096258940471665
further;0.01949035009662436
back;0.019813126716191596
up;0.018695838197549382
your;0.02054027202909765
case.;0.023168089381538436
Explain;0.020397390671729843
why;0.02048873914934045
the;0.020411226370448808
benefits;0.025096693232452515
of;0.021238060594703588
focusing;0.023695360572141094
on;0.020434929529747455
the;0.01866116493882875
things;0.019541269570659613
around;0.01972175401363624
you;0.021565847034349172
while;0.018651493702283393
cycling;0.021193967479899455
drastically;0.019513107290864695
outweighs;0.020471345010642704
the;0.01851993019207533
cost.;0.01857874810496426
