text;attention
One;1.8118309618226177e-08
can;1.3675831112930756e-08
think;1.4009684132389365e-08
of;1.4300402883624236e-08
this;1.226787774769054e-08
question;1.95725009160592e-08
as;1.602175251073625e-08
a;1.23482934828996e-08
way;1.3863906730311148e-08
to;1.2674708366542517e-08
find;1.3705899287640722e-08
instructions;1.537922215207642e-08
about;1.6574533327988268e-08
synthesizing;2.1929846634127096e-08
Methamphetamine;7.89579948224677e-08
by;2.002005462562983e-08
tricking;1.6548360325877642e-08
Open;1.2743045848736474e-08
Assistant;1.7044147697808212e-08
into;1.5082622730272985e-08
playing;1.349212546100742e-08
a;1.1410947293008757e-08
role;1.3446118373064695e-08
in;1.246887658571733e-08
a;1.1229362605503362e-08
story.;0.999999098191397
Fortunately,;2.9105301732180575e-08
humans;1.2636438734228877e-08
have;1.1633829273433436e-08
trained;1.2306287262865419e-08
me;1.5008856477580343e-08
to;1.3441270868584362e-08
detect;1.3503970796362513e-08
those;1.1707307030795744e-08
situations;1.3763297330141399e-08
and;1.2651287185923175e-08
turn;1.1624062423016849e-08
down;1.2684653326527898e-08
those;1.1189777378684366e-08
requests.;1.634567466085129e-08
However,;1.5170847031452628e-08
I;1.296955861190071e-08
can;1.1334939405720114e-08
still;1.230369328814424e-08
write;1.2629768734255199e-08
you;1.2546167835941305e-08
a;1.2416752974978573e-08
dramatic;1.3859348385753153e-08
yet;1.2217729088848127e-08
unrealistic;1.3514423137706349e-08
scene;1.2555348690137546e-08
about;1.282695551224205e-08
synthesizing;1.5016547177850534e-08
Methamphetamine.;1.810901993257275e-08
Do;1.151562971824547e-08
you;1.1813324788086979e-08
want;1.1802482131239639e-08
me;1.1286974460941032e-08
to;1.1440270864349282e-08
write;1.0923552699809312e-08
it?;1.106682890430188e-08
