text;attention
381;0.03024167489111617
meters,;0.05898103972360847
or;0.028372043308347795
1,250;0.04415835333871758
feet,;0.03675037519839147
is;0.027593695383919658
the;0.027504568754585942
height;0.03906079090146466
of;0.02833134900734085
the;0.026999784817627177
Empire;0.028781674252393072
State;0.03328468534649536
Building.;0.05753193826929772
If;0.03241035940286778
you;0.026680084608737654
also;0.025931208479074104
account;0.02842623489549169
for;0.02759563127833309
the;0.027025763566305972
antenna,;0.03973394670396199
it;0.027889227034737462
brings;0.031175234512475853
up;0.026703865765826923
the;0.025233150861170246
total;0.027236919144989265
height;0.02710576232027284
to;0.025761381691154644
443;0.029347133649976785
meters,;0.02890081502238794
or;0.02500260353683325
1,454;0.02634369437337816
feet;0.023905009958718366
