text;attention
Hello!;0.027280863229244452
I'm;0.051622364726007765
here;0.017675086755255965
to;0.01769706202572464
talk;0.018356373279103964
with;0.017054496179633213
you;0.017888453148499222
about;0.017989613794275505
Artificial;0.022447663007495428
Intelligence.;0.6566085922564726
What;0.017882457914867818
would;0.016663677708481123
you;0.017104735012296736
like;0.01690898303722934
to;0.016773405094193224
know;0.016815027706526018
or;0.01629366282239884
discuss?;0.01693748230229408
