text;attention
The;0.035783293631744845
Kernel;0.005633578258696871
Trick,;0.03267267497748472
in;0.00541537806510704
the;0.06281289689300908
context;0.007042690580646565
of;0.008660647518987501
Support;0.006143346591512268
Vector;0.0054784423013486796
Machines;0.009221169948485142
(SVM),;0.06857795701633167
is;0.01115170032965326
a;0.013528994568571604
mathematical;0.005429769816361459
technique;0.005932022422449229
that;0.006751514353476094
allows;0.0060146195326880435
us;0.009570171945938082
to;0.014291457538195714
transform;0.0057307876520428175
a;0.01869303485810836
linear;0.005131849568741417
classification;0.007232176573923109
problem;0.010746539716283851
into;0.006572960162996902
a;0.013196303048903735
high-dimensional;0.007893684129011546
nonlinear;0.007155683864864066
space,;0.031235697300751823
where;0.007392570000182717
the;0.026676001416352346
separator;0.008945424006517837
can;0.0058868830281916355
be;0.005298037975231189
calculated;0.006896569469864271
more;0.006106037019181264
easily.;0.11507544426089122
This;0.0066280367274453855
is;0.007256098262511923
achieved;0.005989138475783755
by;0.00628180392691449
defining;0.0075706201063820795
a;0.018475234583711267
function;0.007399347373788506
called;0.006693837558854132
a;0.01420668637144524
kernel;0.005873160123253373
which;0.007496277300495678
maps;0.00631533559430336
the;0.06736279602201763
input;0.007133938417653075
data;0.006776059497764508
into;0.006529127040864026
a;0.009746062059521873
higher-dimensional;0.008931156866015068
space,;0.03278102692350411
where;0.006927475570704032
it;0.005921077330654239
can;0.005328687589415544
be;0.005385354944022265
separated;0.005853343745020567
using;0.006597730715192949
a;0.012727696193222338
linear;0.004937963479211834
separator.;0.09089691685759879
