text;attention
I'm;0.14424026490321062
doing;0.10710629855080629
swell,;0.15585034339386145
thanks;0.10119238042075608
for;0.09763045290482214
asking!;0.10984414747001726
How;0.09629743765501965
about;0.09488212218778933
you?;0.09295655251371707
