text;attention
Knitting;0.048323510327644016
uses;0.027790767385329703
a;0.02134786923504877
pair;0.015576733625782616
of;0.016645532304892692
long;0.017111814642076614
needles;0.02711454905985708
to;0.019461458980021603
form;0.01819784186109649
the;0.014869657099088262
loops,;0.033776747896620926
moving;0.019689381040896237
a;0.015931192835062242
set;0.01370967707540699
of;0.014003789519042908
loops;0.019655427036707692
from;0.01492109079477755
one;0.014523412211653987
needle;0.016900884863487474
to;0.013938877525774772
"another;";0.02226565737449298
the;0.014959190001487058
stitches;0.016852427879094252
are;0.013516727594988773
held;0.014784543784214222
on;0.01374133850489814
the;0.012856773645483023
needle.;0.022465635501172483
Crochet;0.0554236621121596
uses;0.018417416647136912
a;0.01386402382876922
single;0.013204461740672439
hook;0.015814881358440433
to;0.0157270786751146
hook;0.01588493188488441
the;0.013345335767727276
loops;0.014854044916856107
together;0.01502311526303903
directly;0.014554981270572797
on;0.013462832760898989
the;0.012653678550928986
piece.;0.022362921704561403
It;0.01380314029380044
is;0.01299645605659784
this;0.01417487524314256
major;0.013353256165573845
difference;0.01377539609713636
that;0.014171881063695064
makes;0.0140957294759528
crochet;0.016433133667170863
much;0.01402097235676798
easier;0.015437764514270327
to;0.013542113774707373
work;0.013465045892004526
with;0.013515135503685098
than;0.013534990935361244
knitting.;0.014154232872271936
