text;attention
To;0.061380545649554384
start;0.05422729472513144
a;0.04993186379983263
new;0.05235695314353082
career;0.06490276441072794
in;0.05077701827840316
tech,;0.08823976160567933
you;0.05004065927037378
need;0.053386467072368715
to;0.05269144077760747
learn;0.06421045390377289
some;0.05155425268352902
of;0.04929000793052994
the;0.04968504554056886
technology;0.05415262179374219
at;0.05046192904687428
first;0.049873929436833817
:);0.05283699093093936
