text;attention
As;0.013627157031312915
of;0.009997275840032299
today,;0.014416406404436177
Amazon;0.015271830798973025
recommends;0.012616711082320903
using;0.012029465030577474
the;0.009767617380883154
open;0.010095440162255461
source;0.010946341536023595
“epub’;0.044835424626772515
format.;0.034960407906464964
To;0.011095793759114259
convert;0.012817909472020399
your;0.01140097938496116
e-;0.012512438361730873
book;0.01736584080170542
to;0.00967451215327359
the;0.009478242490080207
epub;0.011855943225065195
format;0.010823807031809199
in;0.009380082461617487
python,;0.02191958329191139
you;0.011201219996200345
can;0.00912513900887602
use;0.00996862530323536
the;0.009004196220735474
‘ebooklib’;0.023057137224107117
python;0.00894584636571439
library.;0.0251539431421577
Still;0.01260938257340625
to;0.010323171310096918
have;0.009985873253256592
a;0.009493059067142979
properly;0.010531353000839586
formatted;0.013078621323644608
e-book,;0.022657252818819962
you;0.009602929513526995
should;0.00941660338957409
go;0.008987910492374358
over;0.009147445896845857
the;0.009359773215584698
formatting;0.011109305148599872
to;0.009528851491239825
have;0.00958858725361742
the;0.008877484398955937
text;0.010685159187192757
paragraphs,;0.01518126775361325
headings;0.010062655396886895
and;0.008968121940744957
images;0.010107949253846643
properly;0.008918117046558005
aligned.;0.016125058446655245
To;0.009598912824184659
achieve;0.008888968256503363
this;0.009142261545185578
you;0.009226856396157281
can;0.008717857833233117
use;0.009176064180417427
additional;0.008928905155752117
‘HTML’;0.014238177886312759
tags;0.010053357167128565
for;0.008674005315233012
example.;0.012790491125367677
In;0.00933014972629786
any;0.008702356608148049
case;0.009205013542934197
you;0.009086843795077116
should;0.008731421097814756
check;0.008903364485306767
the;0.009087735680742334
output;0.009364763998757866
if;0.008852536867758543
all;0.009344825730802923
the;0.00883903446146993
formatting;0.009564522643071637
meets;0.008605224694937559
your;0.008506822828538516
expectations;0.008888423812999754
before;0.010632756548277951
you;0.008938114972987408
publish;0.0093234043416105
and;0.008780668715559138
reformat;0.00920727406605055
if;0.009453901126656505
it;0.00881663223394674
doesn't.;0.012707099667386057
