text;attention
Tokyo;0.11920225058686076
is;0.15512519513977502
the;0.14881388165168513
capital;0.16155246333601433
of;0.15879177728244281
Japan.;0.2565144320032219
