text;attention
Kernel;0.6028347263626418
trick;0.0197251628926079
allows;0.018000698779335446
the;0.05472876648577294
inner;0.011990645954051747
product;0.009728866615187568
of;0.03202482186105435
mapping;0.010246406938842295
function;0.010963215141679299
instead;0.009682630054670491
of;0.01938423160727275
the;0.016879009714616887
data;0.006563149906337371
points.;0.027445119688986126
The;0.009297246155911428
trick;0.006852157477036958
is;0.008871518581144577
to;0.010429638571018083
identify;0.006117681897890102
the;0.008892594455955687
kernel;0.005912605467338055
functions;0.005510636944357977
which;0.005755198362259355
can;0.005844198735386451
be;0.005576778146353803
represented;0.005677383437459694
in;0.006449920266940032
place;0.004762476213680823
of;0.0058466024368155345
the;0.0055188298832256
inner;0.004371639471824614
product;0.004151350970795156
of;0.004912511936588363
mapping;0.004189148192382941
functions.;0.005581950223489372
Kernel;0.004781535095192737
functions;0.0036880482082721263
allow;0.00358512645437422
easy;0.0035386816134315895
computation.;0.003687088797817794
