text;attention
Hi,;0.2596740062993683
how;0.0893497078731423
can;0.09941495840944493
I;0.100113919031702
help;0.08329346092912433
you;0.09204292393185151
today;0.09459630560072368
?;0.1815147179246429
