text;attention
The;0.16686473343967972
1067456th;0.2074918763880711
prime;0.15787691095701578
number;0.1548290662639881
is;0.15448720702277124
16604509;0.15845020592847398
