text;attention
Of;0.12192869336380369
course;0.10427008897386641
i;0.11382545666662836
will.;0.1579086341759103
But;0.10665847666717916
how;0.09884771214272944
old;0.10013462558016036
are;0.09337575488887434
you?;0.10305055754084777
