text;attention
The;0.01576073571638093
Kernel;0.025831642486271976
Trick,;0.038248690562578
in;0.014351866991625212
the;0.013051414997502812
context;0.014603205403035804
of;0.015031410330384893
Support;0.015641983236425183
Vector;0.019674416613798165
Machines;0.01816696030145916
(SVM),;0.030200660595505923
is;0.015740224308891014
a;0.014197652954062659
mathematical;0.01513284261758135
technique;0.015169108251208522
that;0.014291137422144152
allows;0.01476455546587096
us;0.013871871962588461
to;0.014013550283703144
transform;0.016190182502461417
a;0.013809357875966126
linear;0.014430709271004207
classification;0.01658779378656607
problem;0.014835333387427046
into;0.01644245082100742
a;0.013436396479195112
high-dimensional;0.018237023610079936
nonlinear;0.015002148940991104
space,;0.01868176842946889
where;0.015790364907062565
the;0.012980176972272555
separator;0.018641058568399458
can;0.01383014468664858
be;0.012628358736577562
calculated;0.015234496261205347
more;0.012577780502190565
easily.;0.017111946515052656
This;0.013306685376229442
is;0.012688371438056718
achieved;0.01331487578011502
by;0.013674168524622573
defining;0.014837424797378223
a;0.0132516252984362
function;0.015352786275003442
called;0.013935581043312498
a;0.013293333218292189
kernel;0.01832088568133541
which;0.015184412364187001
maps;0.015878559241602322
the;0.01333327675513642
input;0.013464686376503655
data;0.013459938077871837
into;0.01470265361105632
a;0.012822227378125921
higher-dimensional;0.014957867132401197
space,;0.014257975067243597
where;0.013851393128246299
it;0.013038880869760034
can;0.012626102223024807
be;0.012254524715545735
separated;0.013764711080656465
using;0.012934145111148895
a;0.012271912838667904
linear;0.012397408576665934
separator.;0.012632165264778939
