text;attention
Placenta;0.02796200423194942
previa;0.021543229983111152
is;0.012686810203761762
a;0.01106689171139363
condition;0.013781126417280506
of;0.010655480625234465
pregnancy;0.012951291099401407
in;0.00974213718991764
which;0.012735302006469702
the;0.012004285301287507
placenta;0.0199168209885267
grows;0.011728326746939
in;0.009799343196328207
the;0.01055914420654715
lowest;0.010910807456001852
part;0.010105866156675311
of;0.009736107568500024
the;0.010788034118480819
uterus;0.016857658604383777
and;0.010817350118761561
covers;0.012456322428593096
all;0.00991222882393137
or;0.009305056549318031
part;0.009949985975535973
of;0.009456449522192416
the;0.009357311231869855
opening;0.009812163948488991
to;0.008748316171224438
the;0.011000729686592834
cervix;0.013499590863849562
Several;0.015719254748258395
nursing;0.012970796145269433
interventions;0.020477142652768246
can;0.009655483045758282
be;0.009060225895818492
implemented;0.011459881363550568
to;0.01119955809161174
help;0.010362171152285398
prevent;0.013277255606922693
and;0.009237330953033541
manage;0.01383966396981682
placenta;0.013738795452262306
previa,;0.017997533895716327
such;0.011087499170091518
as;0.015368557406097362
blood;0.012157716527970739
transfusions,;0.04233273189905519
external;0.01078708474574274
monitoring;0.010381816601022434
of;0.009949886934110511
the;0.009005825622783696
baby’s;0.035046102844241665
heart;0.010413562680969332
tones,;0.014449032812293318
and;0.009404590750917933
administering;0.01112985234485268
medications;0.009656896893599196
to;0.0089778697842046
reduce;0.01101114048280422
the;0.00871067976223557
risk;0.009598198168306841
of;0.009158964376921213
preterm;0.00995889632216151
labour.;0.019775476524762015
Additionally,;0.01244600417160426
nurses;0.009725246030715326
must;0.009021008736360591
be;0.008522653379580717
aware;0.008695912767523671
of;0.009048702881113193
any;0.008939717363965398
signs;0.009571293886888798
of;0.010280282924532808
bleeding;0.009748721092896654
and;0.008729859995070208
be;0.008309483261784012
ready;0.00875129018980753
to;0.008558683122392134
take;0.008478118229778479
action;0.00846559296665219
if;0.008477498521941237
they;0.008125374189278257
occur.;0.008900907527349938
