text;attention
I'm;0.14062053469293848
doing;0.1057182175148636
swell,;0.1280057953252289
thanks;0.1058992869651803
for;0.10353551775935704
asking!;0.10879616434109678
How;0.10306993205039562
about;0.10192580110051909
you?;0.10242875025042023
