text;attention
Couldn't,;0.28598290894858386
because;0.05022278959169317
the;0.04391595198211815
date;0.04622965812188616
for;0.04293994264977841
the;0.04033877582745438
forecast;0.049721025958449974
is;0.04014041104300062
not;0.03970657269014168
specified;0.04301846185536336
accurately;0.04845344012547644
enough;0.03933403946618367
in;0.03826678794945009
the;0.0371426346314838
request,;0.04160181515982285
when;0.037316787264943425
is;0.03710001408752168
tomorrow?;0.03856798264664839
