text;attention
Taste;0.050296052374074494
of;0.008445346133865496
chocolate;0.024184630477549554
is;0.016968473194676228
a;0.008233387900462493
matter;0.008869273180862199
of;0.00936182004617043
personal;0.008057502574257601
preference,;0.029270187085170978
and;0.011222679268615778
what;0.008106533923702162
one;0.008217612964498903
person;0.009450155605953959
considers;0.00927948965327509
to;0.007063877522850151
be;0.007000379619072186
a;0.00666843723854845
minty;0.052810684626345326
aftertaste;0.04752946779781616
may;0.014664282481962455
not;0.007859711634387263
be;0.006518268659128515
noticeable;0.013076008742423947
to;0.006719264340567178
someone;0.007130118928385645
else.;0.01901453476990213
If;0.01069223127226352
you;0.008053928997821891
enjoy;0.011103308372343417
the;0.006903799773184696
taste;0.00859986490435647
of;0.0075332212247838995
Tony's;0.027036416551712152
chocolate;0.011744371690413345
and;0.019743019577273757
find;0.008294109908767057
that;0.008312406330844816
it;0.009080446764453328
doesn't;0.016550866529464272
have;0.007615211604315783
a;0.006814079371305597
minty;0.01456650939771271
aftertaste,;0.05130938628731739
then;0.00806425455980033
it;0.006737363308947262
may;0.006878215976520712
simply;0.0077770878432275115
be;0.006678821265103869
a;0.006038137683470858
matter;0.006861125253523241
of;0.006735684419537865
personal;0.006864230025975753
taste.;0.013454882628141818
Some;0.007406635818836901
possible;0.007606460640029465
causes;0.008832118938026432
for;0.007427635794792667
the;0.007646410975334754
minty;0.009418273608575289
aftertaste;0.012892688488151519
in;0.007510797181862621
some;0.007030157599153463
chocolate;0.010881645744151361
brands;0.008597793769957089
can;0.007379267915025159
include:;0.011363103770293134
*;0.007348572040573069
Use;0.0086704152250962
of;0.010215370828284621
natural;0.0077079804864920035
or;0.0068829102382154325
artificial;0.007409026101739356
mint;0.006830877318778252
flavoring;0.007823013480027978
*;0.009016937103738567
Quality;0.007207799552442153
of;0.006783910459729017
ingredients;0.007033603918160188
used;0.006080108057499452
*;0.00749908163125261
Processing;0.007290522803016061
methods;0.006162039629082346
*;0.006608177104673071
Storage;0.0074541135769490875
conditions;0.006319074536706912
and;0.006136914213383527
age;0.006361225519584803
of;0.005868452375710183
the;0.005701748669550522
product;0.005533972618016682
