text;attention
Could;0.03910945160020328
you;0.038477901205624936
please;0.04375088954078305
refine;0.08741899088384478
your;0.04821028245870156
task;0.04055036259745416
regarding;0.053029839403766744
the;0.04727012436979158
question;0.050812290261153
to;0.05079369170659317
which;0.06574329575484884
regard;0.050439865993346204
the;0.0550475966802439
expression;0.052586181118568893
"""best""";0.09671148376753175
should;0.05028947349973369
be;0.041451443802837114
interpreted?;0.0883068353549733
