text;attention
Kevin;0.02304066756428771
the;0.01426506872476527
Banana;0.051987615842845676
was;0.016318327370483488
mad;0.019347147499795516
as;0.011075895429347699
can;0.009368133543971518
"be;";0.038376101350507535
He;0.018961382375972648
had;0.01052279506608038
no;0.010120372226882345
eyes;0.022364767899264802
and;0.015521277641181531
couldn't;0.04027352169277598
see.;0.05865939763585255
No;0.010883200565601667
nose;0.02007959524414201
to;0.010372030448867576
scrunch,;0.021255073895160147
no;0.009863478036786397
mouth;0.01301603465283463
to;0.008795838581972628
shout!;0.03570637339938226
He;0.012995721809629966
couldn't;0.024641293940631245
remember;0.012515818812179917
what;0.009662625299798229
he;0.008603612914909351
was;0.008596668610170116
angry;0.024442456031676548
about.;0.04852435551816362
But;0.011217580242760553
he;0.011104743953077298
sure;0.009291861650351691
was;0.00970884619268745
angry,;0.016218144830987956
angry;0.009994735486734707
at;0.010454424544018001
something.;0.02860972932973378
It;0.00947397430938278
wasn't;0.0156808568771033
the;0.011829307936145967
apple;0.011662271279025716
or;0.01061202934724581
chicken;0.010352368346540743
dumpling.;0.026385520831227364
The;0.00869971833339074
more;0.010288767183819532
he;0.00933192825232365
waited,;0.015167591580223704
the;0.009083917181541154
angrier;0.012198234708360721
he;0.007910002175695444
grew...;0.013573565210800616
Then;0.008954255389674447
he;0.008203059426928823
remembered:;0.012740206005847955
he;0.008016084473300149
was;0.007854631040182223
angry;0.00807385572446051
at;0.00786582523036722
you!;0.009285313300139111
