text;attention
Yes.;0.07112971298160838
A;0.049377760834133026
temperate;0.05248541822604179
of;0.05513227467286418
110F;0.08414607532203064
is;0.052843969734512095
higher;0.060198390510412
than;0.05052746435738005
a;0.05381219759453701
typical;0.05212299084164355
fever;0.06446029522281164
and;0.05248172687369922
you;0.05421693754601598
should;0.051477043376771045
seek;0.059375852048254206
medical;0.05870332972466513
attention.;0.0775085601326201
