text;attention
Hello!;0.08109090312618183
I'm;0.07094160641571412
here;0.055286834089047644
to;0.05216067773578196
talk;0.0607887863013968
with;0.04786525643833936
you;0.04853494175167514
about;0.05816210539483404
Artificial;0.04587544951771498
Intelligence.;0.06564892207888771
What;0.061922480154205095
would;0.0490585497240063
you;0.04911884988865195
like;0.049761871077840504
to;0.05149921004930145
know;0.055442207066993564
or;0.0456815352844362
discuss?;0.05115981390499138
