text;attention
The;0.024504841301567992
European;0.016731644279852183
Union;0.02492763423710101
(EU);0.037377385977069556
is;0.009211018828280383
an;0.02078278033485281
economic;0.013186323114116565
and;0.009250031362565785
political;0.012198901615621567
union;0.022083325195607063
of;0.011744623009532574
27;0.0355403651952508
member;0.010224392383261581
states;0.014148983007120879
located;0.009860412847179196
primarily;0.008043464683298949
in;0.00823930919433827
Europe.;0.050970576218635426
It;0.017005848110783442
was;0.009368117895974299
created;0.010442945573535513
with;0.007948771608556022
the;0.007435033486342685
aim;0.009119942032277631
of;0.012141257621594112
promoting;0.010342580698802076
peace,;0.0209856193814875
prosperity,;0.01766578887061142
and;0.007134501696562629
cooperation;0.008373311085538977
among;0.007469383235229871
its;0.007076012415611983
members;0.008330322304441364
through;0.00815402799100672
common;0.008070442402834525
policies;0.011166519621641214
and;0.007445903005094766
institutions.;0.022727743756570544
The;0.010150264863908909
EU;0.02352552461564557
operates;0.012297102124320372
through;0.011431238108176948
a;0.008263630953243586
complex;0.008628199640057026
system;0.00733250681742799
of;0.007167835319604259
decision-making;0.02374792043883807
and;0.007847052867709819
governance,;0.012373028981397728
with;0.007768779670105687
various;0.007153934051938121
institutions;0.014638528251697648
such;0.007990083561922481
as;0.007260862868479661
the;0.007648165181313444
European;0.009787291511868934
Commission,;0.016401370592864083
the;0.0068435008131973295
Council;0.011334823071784616
of;0.007318786529515046
the;0.006485569900860642
European;0.007240978102318692
Union,;0.008094874201235003
and;0.00674744765437208
the;0.006506442879499375
European;0.006810459808941319
Parliament.;0.011554307758577333
The;0.00756547468866714
EU;0.010134279372269591
also;0.007442799974752717
has;0.0068763387641465725
its;0.006501647967031526
own;0.007665508642345093
currency,;0.021543371112841592
the;0.007007097106824627
euro,;0.025041285287429788
which;0.007014608906254809
is;0.006790522322622852
used;0.007690569931154832
by;0.007359223048716187
19;0.010383762711403045
member;0.006541079199292961
states.;0.006661834243675071
