text;attention
Yes,;0.02299719959077697
a;0.01857368660799956
star;0.023616431319480793
can;0.022169326285305834
turn;0.019462946280931127
into;0.019565358843018767
a;0.018300190763951583
planet,;0.0394427097765777
but;0.01975556904948639
this;0.018341971626335097
transformation;0.019979313504463234
only;0.018282918976768203
happens;0.019197432802788406
for;0.01999914907745295
a;0.018235635082556163
very;0.01735494144474497
particular;0.01828989714016382
type;0.018006451394646326
of;0.01806234078465797
star;0.022313194142003154
known;0.018505262821012308
as;0.01813719234160631
a;0.018134533802301414
brown;0.020203629319085866
dwarf.;0.03191685533614732
Some;0.018097639244475026
scientists;0.019268203871630276
do;0.01724967589731997
not;0.018463687765192964
consider;0.019088377734467418
brown;0.01787434842357029
dwarfs;0.022240439633033113
to;0.017484515085902097
be;0.018296964259221397
true;0.01797957215733565
stars;0.021269301660635384
because;0.01893664446068134
they;0.02002729659200304
do;0.01724173711029534
not;0.01943080261939645
have;0.017997600450107263
enough;0.017577926557611007
mass;0.018793695280522698
to;0.01915716323919086
ignite;0.01869398322239839
the;0.017520782108410248
nuclear;0.017894871165244467
fusion;0.018302006314925987
of;0.017367029147573508
ordinary;0.017037446235877777
hydrogen.;0.01786415164871592
