text;attention
Sorry,;0.07458285923512972
but;0.03358467455142742
from;0.028153489360527924
your;0.03603659558199036
message;0.052543581231586846
I;0.03284266159931478
do;0.03731496692266781
not;0.030306336913877248
understand;0.0388915612934062
exactly;0.030587550386808538
what;0.036199385737050886
is;0.024795646910735377
meant;0.027567645318260225
by;0.02713387242777895
a;0.025392699664295113
magic;0.02846110848894809
system.;0.14354394290151945
Can;0.03578379868544844
you;0.032585778578690654
provide;0.02567588373705786
more;0.02415298457894492
information;0.025901104094416264
on;0.024223191364085316
what;0.025867454737715553
constitutes;0.026361395465958132
a;0.023132793015958338
magic;0.024712658126512126
system?;0.023664379089887323
