text;attention
Dinosaurs;0.04584854557908065
are;0.017844703856831127
immune;0.017839283372243348
to;0.013997246478686758
brain;0.01383489555728142
freeze;0.017183150439099598
since;0.01833157192497554
their;0.019401423561607033
brains;0.019244611349332863
are;0.013093954496971894
not;0.01992854201346279
encased;0.014493386755301312
in;0.013804973082181114
protective;0.015211004150926945
bones;0.014720904324247552
like;0.014553305739428172
ours.;0.14734098980588475
This;0.018397971847885466
unique;0.015517070244635285
anatomy;0.01800015716081644
allows;0.022137251410980732
them;0.02010090010992282
to;0.015584631630655384
regulate;0.01715926847102831
their;0.015818366721529906
body;0.013990047062559767
temperature;0.0127549202091607
better;0.016597589842185796
and;0.014132456827393326
tolerate;0.017272310324066162
changes;0.014370116089707832
in;0.012192766929063929
temperature,;0.024111107752074534
meaning;0.02327895088741427
they;0.01920397010768621
can;0.01809478851057359
enjoy;0.015319768965869288
a;0.01720274114527797
cold;0.014468864347691752
treat;0.014656951458471646
like;0.016888970392433
ice;0.012088160271451938
cream;0.014998454343727333
without;0.015682272738813972
any;0.014860412570103726
discomfort;0.013828003417648562
unlike;0.019786337156732055
mammals;0.015377070178268937
like;0.013760529926203895
humans.;0.03569432846042268
