text;attention
Start;0.02116120877031957
by;0.02559488509095129
telling;0.021741635456417975
a;0.020285972703957496
tragic;0.026623672593136655
story;0.032417594440087606
about;0.023155526583592292
what;0.019315814294151027
happens;0.02031810134326807
when;0.023283092422956952
people;0.020759081839219845
don't;0.02723168694967726
pay;0.02012396677402396
enough;0.018971428821539106
attention.;0.052179864111823196
Then;0.02616382349071642
provide;0.02674666082778859
some;0.021343134521698996
statistics;0.030266889107220127
or;0.020528326725814817
logical;0.019607293102828344
argument;0.022652170367475362
to;0.019365885753036043
further;0.019270509259915816
back;0.019770333914746384
up;0.0185215908058329
your;0.0206998843186751
case.;0.026360022146498782
Explain;0.019405294240399787
why;0.019623154782437324
the;0.020109661741938293
benefits;0.02101371530205413
of;0.0207322168388197
focusing;0.024511323746339804
on;0.020786129086046802
the;0.017709060900700346
things;0.01923085093947096
around;0.018517841817543734
you;0.018528412129855006
while;0.017831910937855015
cycling;0.019659702613408127
drastically;0.01870069872466447
outweighs;0.024335556102501012
the;0.01685136915473696
cost.;0.0179930444038584
