text;attention
If;0.012845965099913018
you;0.00959005893486926
want;0.009534139458906396
a;0.010997148179189956
subjective;0.008982493339250643
opinion;0.01037808708831891
to;0.009134602787836413
agree;0.008856130414819505
or;0.008823244046684135
disagree;0.00847572818086723
with;0.00678865853605895
then;0.013685401981854731
you;0.009863055351981821
have;0.008903569961361837
come;0.010188842824111474
to;0.007499894088025657
the;0.00912159553861407
wrong;0.009758492277170036
place,;0.013190419062262017
as;0.011385801228229197
I;0.023525627042466073
am;0.009459786318467413
a;0.008317713666031568
language;0.008751743332097823
model;0.00806749132840187
that;0.00793607726732723
strives;0.010133040266672316
towards;0.00743625906268144
neutrality;0.007260897186148348
and;0.00776761218482533
objectivity.;0.13680979112004507
Also,;0.013763681040741833
there;0.007668061559541114
is;0.00965302258819038
no;0.01075132127411299
consensus;0.012733091332764382
on;0.007494673941865387
what;0.008571495019152896
constitutes;0.008872317436130883
a;0.009497670750292847
"""better""";0.02050664029826533
fictional;0.015391916646186566
character,;0.024870957511519503
so;0.014754379140810604
you;0.013026866075833837
will;0.00970796576481621
have;0.008835070132039926
to;0.007454186246599957
elaborate;0.013093457341796845
about;0.007823021551080393
what;0.010903427971554266
metric;0.010109371246360459
you;0.009329304635873692
want;0.009893051795294466
me;0.017837741632498197
to;0.008335280371730262
compare.;0.07243982344690379
Is;0.0154929974030015
it;0.009920951286632037
financial;0.008266356708596167
success,;0.015615533822921794
critical;0.007601575702311149
acclaim,;0.011732341419134625
magical;0.008627812932968288
powers,;0.013565284524376869
story;0.009128863755064527
or;0.008751475471719346
character;0.006979509046574163
depth?;0.023856032277620082
Maybe;0.016452341955350214
something;0.008954774988114271
else;0.008957245239229729
entirely.;0.02930973955893834
