text;attention
The;0.23330762475133623
weather;0.06261497502270985
today;0.049244526555129675
is;0.053555338600361005
cloudy;0.06848544511553777
with;0.05986542000392113
a;0.036386537416142936
chance;0.03401622103799873
of;0.0481602495817935
nuclear;0.03451102202336445
armageddon,;0.20146746705522994
just;0.02749318710998997
like;0.02586245263452176
any;0.022561315108726977
other;0.021239264148378793
day.;0.0212289538348575
