text;attention
I'm;0.05229336489571879
sorry,;0.039671186941406276
I;0.02159412359337571
don't;0.03431359317064758
have;0.023029247690449388
the;0.02086709207900046
ability;0.0244468044610158
to;0.020810243291348698
recall;0.030247596269670062
specific;0.024993855874424698
events;0.03259280517631332
that;0.02268209701499377
took;0.021833875142107315
place;0.026877180848483295
on;0.02260786779292322
a;0.020220914546262507
certain;0.021180009184008308
date;0.03334690702386704
as;0.02517952434838979
my;0.02326194239686928
training;0.03261602461466991
data;0.03302182884595797
only;0.022735273639337777
goes;0.023096009774663237
up;0.02084341097919425
until;0.023619592928486397
2021;0.05180618872072729
and;0.024363886058485853
I;0.021091203935426864
don't;0.02866996273766802
have;0.01996665613904977
the;0.018303426696887018
ability;0.019769540737977553
to;0.018853924862597782
store;0.022574217314527197
information;0.019618236681342827
from;0.018519916587743088
previous;0.018437696070508686
interactions.;0.020042770933473134
