text;attention
Sure!;0.16622003043574973
Here;0.06289198474537812
are;0.06146476411389877
5;0.06751673705164343
suggestions:;0.08962261394585859
Pawlrack;0.1493951343760951
SafePup;0.11320218639467745
TrackMyPet;0.10295231617352611
PetTrace;0.07575248341867027
PetPal;0.059440520722230834
GPS;0.051541228622271326
