text;attention
Sure.;0.14141500346250918
The;0.010258009283143398
sound;0.008748656510052343
of;0.007967538278588603
the;0.005983566518336386
letter;0.013392408452063312
"""th""";0.09071427243677864
is;0.009889510550354778
made;0.009558110839222492
by;0.014468962628553768
putting;0.008256395852162864
your;0.008185159133538913
tongue;0.013021955473229395
between;0.01209569426591906
your;0.006056238869311789
teeth;0.0143296705516411
(not;0.010908804561357602
placing;0.00659059331898912
your;0.00555982062005694
teeth;0.00683085646599887
on;0.006083811910902392
your;0.005526526094729099
tongue);0.010172378797469173
and;0.007016645164013393
breathing;0.008702877224401705
out.;0.017452984662694893
For;0.006982845410630302
example,;0.013523467611564097
to;0.006772137563379882
pronounce;0.016864025610525968
the;0.005792571549038982
word;0.008212253537065256
"""three"",";0.030012583299545384
you;0.0077069946251686885
would;0.0074998147295148995
say;0.008100420547487167
"""thhhh-ree""";0.049577705009835174
with;0.007516175067421149
a;0.005747433191966855
short;0.005715005097086479
puff;0.007952459458098766
of;0.006097264499371749
air;0.006763503934061949
while;0.006854016510543318
bringing;0.006033558747047734
your;0.005431032976795547
tongue;0.007310182854968305
up;0.0059707310669920265
to;0.0059062867698851315
your;0.005316293154502103
teeth.;0.011503300923045932
Similarly,;0.010310602383616734
with;0.006143857388641893
the;0.005355880154478056
word;0.006875390007917263
"""breathe"",";0.0283558998824733
you;0.005508228473575964
would;0.005819270279246473
say;0.006106135343139297
"""bres-thh""";0.012559520317242657
with;0.00581081644577653
that;0.005477334961274099
same;0.005788623332051996
puff;0.0059625957615055325
of;0.005289263559435886
air;0.005868729294187849
through;0.005557393378598643
your;0.005148326080471818
teeth.;0.0065576124043288594
I;0.00751530891137235
hope;0.006402007952627733
this;0.00609781629477699
helps.;0.012981199878757689
Please;0.006576112254116645
ask;0.008415924260722895
if;0.008944730705066956
you;0.006007366059104786
need;0.0073550789304777965
any;0.006071744002158892
further;0.005882028303529617
assistance;0.006504616441759721
with;0.006265925173405864
pronouncing;0.008336711079164132
the;0.005148915964691049
"""th""";0.006230464277905995
sound;0.005477872283208445
or;0.00557651460678037
any;0.005311353495956577
other;0.005253539272979935
linguistic;0.0055157125918852785
concepts.;0.005285062140025436
