text;attention
As;0.0455322287875982
your;0.04647341550766442
assistant,;0.06529668016190797
I;0.04609467378996063
hope;0.046165660857174606
that;0.043521180980171666
information;0.04847350943360675
was;0.047958816211683915
helpful.;0.0804889862409891
Is;0.0463600540328331
there;0.04397615639374468
anything;0.04524044231729552
else;0.04370650530330556
you;0.04389734259522909
want;0.04293480049968625
to;0.04120081352057093
know;0.04343923811410624
about;0.042774267796965686
Linux;0.04791217135463449
or;0.041658073342907186
OpenBSD?;0.04689498275796382
