text;attention
It;0.019232080683872655
is;0.016694785860559995
not;0.015680150083838044
possible;0.01730713392381758
to;0.016796430190335308
determine;0.019230878803506764
the;0.016560181232856946
outcome;0.017577669643603838
of;0.016192980050299646
a;0.016219000988730282
hypothetical;0.01639849320925263
battle;0.017956732902152692
between;0.019075976569005174
a;0.01638611145047938
giant;0.01651870846760019
Tyrannosaurus;0.02496223794724941
Rex;0.016250005994896028
and;0.016429957877702035
Godzilla;0.022970219785636892
as;0.016747560935922626
both;0.017523540935660838
are;0.019562913255069574
fictional;0.018262692388235156
creatures;0.018373895335356674
and;0.016540120712003455
their;0.017779063055878654
abilities;0.01724233527305238
and;0.01616493123779114
strengths.;0.02814346422722412
are;0.016000839876103703
subject;0.015970131678696525
to;0.01664170815226952
interpretation;0.018102374737558664
and;0.015295477760275813
vary;0.016158082289122893
in;0.015531377464879134
different;0.01612746391144325
depictions.;0.021362969986767708
Additionally,;0.020467121728474782
comparing;0.021450935993995293
the;0.015601681677769713
two;0.015810972736804027
creatures;0.015843433427442696
is;0.016362640142575154
a;0.01643236958537846
matter;0.016153398465498948
of;0.015727843876962005
speculation;0.016172090460334833
and;0.015211021025087784
subjective;0.015410901021240287
judgment,;0.01609120896453645
and;0.015211810735563516
any;0.015397290053341225
conclusion;0.015951874562185893
would;0.015149564820957947
be;0.01506239688937645
purely;0.015009048185216657
hypothetical.;0.015511716768550673
