text;attention
First;0.032170176914724104
I;0.03220075482158611
would;0.03052213574292813
recommend;0.03553369649893296
you;0.031556789446499166
notify;0.04172448495746986
said;0.03372392158656907
online;0.03160045959089924
virtual;0.030094433362957813
assistant;0.03045413531088766
training;0.029993348894201365
crowdsourcing;0.0305242993758257
platform;0.028813606200037246
of;0.031993870960219446
the;0.028747279501820388
mistake.;0.04140766168077143
Secondly;0.032641000203765376
I;0.030410125205770147
recommend;0.030735149266054217
you;0.02963753880140584
make;0.029437497289061452
the;0.028409483038602485
choice;0.03211934030974193
based;0.03139278655871005
on;0.0298874992699831
the;0.028213047106573207
other;0.02977071455523623
factors;0.0316561170688467
in;0.02866564441438057
the;0.027258633254809136
agreement;0.02844306057471025
primarily.;0.030261308236019597
