text;attention
The;0.013601559227560407
37th;0.030944982411634986
largest;0.012183202012090838
city;0.014520883245220974
in;0.009851377665220179
Japan;0.013066870350626335
has;0.015196641752653053
36;0.017207266446767264
other;0.012488347546252805
Japanese;0.014722733698611636
cities;0.023067501334495602
that;0.015829546988545565
are;0.008170642574660316
both;0.011118190077313083
Japanese;0.011399516650275589
and;0.01260595048061052
contain;0.01171194500270687
an;0.00815699899780953
area;0.011483656918437744
that;0.010606923445214434
is;0.00813636792120552
geographically;0.01428203270908297
more;0.008311235946837778
comprehensive;0.011608138805308636
than;0.010587474237638353
the;0.008093121542385362
37th;0.01490539358076491
largest;0.008522766027485536
city.;0.024571297142777702
No;0.008614247871636834
other;0.010525247620077897
city;0.010411322362595711
in;0.008047870318155032
the;0.00763601539547437
world;0.010362719162658851
can;0.008672394451419946
boast;0.009921563069812248
this.;0.01389324623147143
When;0.00905505791878407
compared;0.012539238134714586
to;0.009996202180869525
the;0.007988566430527968
76th;0.016986034216524497
largest;0.008924906329844608
city;0.009191304814057983
in;0.00795588899600068
China;0.012963551139329357
we;0.012605551507754872
find;0.010686786782681765
they;0.010039519533614573
have;0.008851925134729842
a;0.007673520668654984
lot;0.008180061869313816
in;0.007599187129943507
common.;0.018397117923887953
Each;0.009743709354058468
city;0.011836926553992648
contains;0.010570685835002562
a;0.007953471732680269
population;0.01091739847615584
of;0.008216820178773905
people.;0.01748704832301479
In;0.008508946912890608
both;0.00847454285327048
cases;0.011461612545160406
these;0.008192836652172844
populations;0.009794692490904741
are;0.007869132508970027
primarily;0.008367983813055011
Asian.;0.015002628712342335
Each;0.008796187004832236
city;0.00928432604045186
contains;0.008822932740968866
both;0.008754594609075721
commercial;0.0097440621784247
buildings;0.010350661926412487
and;0.00927508544944931
homes;0.010279124428341592
where;0.009043989292976099
people;0.008669545683985392
dwell;0.009055810324615788
and;0.008580630218566776
the;0.007842900182296723
population;0.009551395674062064
inhabitants;0.008606907906995072
in;0.007861339512166384
both;0.007833283904627147
cities;0.00807319239698365
communicate;0.008233035358129309
with;0.007338739291797699
one;0.007365305013817351
another.;0.007566901983847416
