text;attention
Yuri;0.024649436261799062
Gagarin;0.15241212150130667
was;0.019591105027771977
a;0.024587027965375218
Soviet;0.018241556120759252
pilot;0.017691473362496074
and;0.021123531510000102
cosmonaut;0.0429890979630049
who;0.022514553992502972
became;0.017512925609044067
the;0.014966199332404898
first;0.01804287114632867
human;0.014065068989277554
to;0.015392794949672635
journey;0.012962968566510543
into;0.011520650040405473
space,;0.030751318155928846
completing;0.013444308661919235
an;0.012121540556750297
orbit;0.014326493468646753
of;0.0111442998545519
the;0.010759612194512555
Earth;0.011458360816228618
on;0.013596110302034564
April;0.012253749753101456
12,;0.018711843522134536
1961.;0.028441257548667262
Gagarin;0.05519287644385593
died;0.024323418354929613
in;0.013539752475616717
1968;0.022386692011860613
during;0.013959770142577582
a;0.012582393883647295
training;0.013013801926672506
flight;0.013317167922013883
for;0.011894571176177583
a;0.011160723619835297
planned;0.011143378658087611
moon;0.011526509289890949
mission.;0.01718976756626015
His;0.012912092488777241
legacy;0.014983408485281558
continues;0.012551808378870884
to;0.01158567991509445
inspire;0.01531358176479495
generations;0.012328000783983576
of;0.013050335034631938
scientists,;0.015799370611323867
engineers,;0.012439781435373871
and;0.011033914773876358
explorers.;0.01149892568342967
