text;attention
Sure!;0.07490584368300153
Here's;0.02376056238026461
an;0.009393037169574516
outline;0.016286615623337008
for;0.01338246417230854
the;0.011623174120018263
talking;0.011697099104156986
points;0.026901570068506405
related;0.011871080942819134
to;0.012253337400091368
a;0.00957439199443572
presentation;0.02849665465001479
on;0.017526097097195166
using;0.018664689523558695
Al;0.010649359988239742
to;0.02360571472089748
do;0.012187431225116658
product;0.011733117490054127
development:;0.08709634931504806
*;0.024268613541745945
Greeting;0.018870570530954003
and;0.008953600285863138
introduction;0.010071188306760674
*;0.012699235008065822
Overview;0.015473601532648141
of;0.009587128294787178
Al's;0.03716669190103986
use;0.008815425835331573
in;0.009384912512406387
product;0.00876356485885099
development;0.01111214491693963
*;0.013758076319133146
Give;0.010772805180115717
suggestions;0.010951914774414227
on;0.009403216474316183
its;0.009758732643282489
uses;0.010375256373792259
*;0.012346780859150686
Provide;0.012896451669441141
real-world;0.012088200063971169
examples;0.011226086147507343
*;0.011338181198216089
Provide;0.009865517345237388
a;0.008139855784740052
live;0.009175554754060837
demonstration;0.0133438881524928
of;0.00835955164190068
using;0.008446178291109566
AI;0.008813254589260223
for;0.00828021021712496
product;0.007759330456420171
development;0.007799752845654064
*;0.00967917073107216
Conclusion;0.010891555979756133
and;0.0082159041665333
sign-off.;0.012574359344105786
Feel;0.012310249211230218
free;0.01034157670224559
to;0.009355333806497581
change;0.009477382710753882
this;0.009178593728450266
to;0.008520375322357969
your;0.008515993035358018
liking;0.00967636505383833
and;0.008963904559614086
add/remove;0.011130088146501228
talking;0.00791280770770646
point;0.008151640735137694
at;0.0076356309271017105
will;0.007735696550843811
:).;0.00805930760552241
