text;attention
The;0.13769022230765535
1067456th;0.28891612259492017
prime;0.147622573013745
number;0.12306455312774524
is;0.13828129817314122
18677067.;0.1644252307827929
