text;attention
In;0.05148858834540296
order;0.0472804557477765
to;0.04987409395216991
make;0.047597593100290166
it;0.04699044336727515
personalized,;0.06487708779995104
I;0.04800066470419675
will;0.04846446162253957
need;0.049167792935636646
more;0.04660240802513442
information.;0.058833912845235946
Please;0.048062258877331086
remember;0.05160666362084619
not;0.04613187056217516
to;0.049205845750228745
share;0.05209461439276469
personally;0.04751776381981784
identifiable;0.04847891200565236
information,;0.049783522960205794
though.;0.047941045565369086
