text;attention
Most;0.014445585035776715
systems;0.015547000505201965
that;0.015142413235524723
need;0.013584889637462384
to;0.013269570369135656
detect;0.014422370269272585
hardware;0.01359178475696028
changes;0.014314477523220176
after;0.013923761261130107
startup;0.01420224583572464
have;0.015679683953488326
an;0.014012169630851171
elaborate;0.014037672800062281
startup;0.013659041516858862
process,;0.01614453226587775
but;0.014093088457638075
embedded;0.014791381289409213
systems;0.013238332319780065
often;0.014284208481408248
have;0.013734296317001163
very;0.013318544620183925
few;0.01425382141909834
configuration;0.013967827646917725
files;0.01441236280228574
or;0.01411422937874752
have;0.013723711651137244
the;0.013842314615098342
hardware;0.013035658200270939
configuration;0.013197649657137666
hard-coded;0.017248317691469995
and;0.013215980791808938
directly;0.012994433431389025
start;0.013432317543932327
the;0.013020004738511838
main;0.012880260778059111
program;0.013094850680420642
without;0.01390743530046756
using;0.013286110174561626
a;0.012918882174078005
startup;0.012801072039305422
process;0.01271131014871713
or;0.013134243324748104
configuration;0.012554683122918159
files,;0.013941777157349879
or;0.012805556136809929
even;0.012877707967009256
having;0.012999559304156102
a;0.012531601095690133
filesystem;0.013225097473777191
at;0.01254536493276055
all.;0.013208405112063904
Since;0.013554238315385684
configuration;0.012878827806144138
files;0.012575120855055378
vary;0.013941764536623965
a;0.013454389671684294
lot;0.012699786120725344
between;0.013678294273382569
different;0.012826081459577799
operating;0.01250673872338509
systems;0.012694001850786488
and;0.01285489621414421
versions,;0.012941229111497796
can;0.01304839756690417
you;0.01379488564749452
tell;0.013055883565722834
me;0.013507771144507392
which;0.013915756901405818
operating;0.012624653539882373
system;0.012474560163585136
you;0.012780614924592211
have;0.012465683483309146
in;0.012168019628281856
mind?;0.01223880792325513
