text;attention
Tam;0.11891009192835975
very;0.09476536350965248
well,;0.1157612018280102
thank;0.08806430777931522
you.;0.11716551965781274
How;0.09344751918726436
can;0.07537169876462363
I;0.07370694496292282
help;0.07398660537258529
you;0.07408423315306545
today?;0.0747365138563879
