text;attention
I'm;0.02667069001834993
sorry,;0.026133191613223073
but;0.020210287307045507
the;0.020485620964216335
equation;0.02169428194375344
you;0.019824354989562455
provided;0.020380318071346586
is;0.01941830407600809
incomplete.;0.029288338389465603
It;0.019623078399129305
appears;0.02035817832009676
to;0.019177813746805477
be;0.01905115141849578
missing;0.020902349663999845
some;0.019729872542023
information.;0.025081509382231092
In;0.01945263180854199
its;0.019829403676210604
current;0.019609258427506236
form,;0.023101739228411813
it;0.01960438497907865
is;0.019768250541220472
not;0.019521369440812168
possible;0.02075032326773185
to;0.020229442871304452
solve;0.020265732849568816
it.;0.02185912614952874
Please;0.020278125638803136
provide;0.020375316904103786
the;0.019385903813971792
complete;0.01926301789846488
equation,;0.021793477793114698
including;0.019833550005532177
all;0.019575667347102005
variables,;0.022529360892999083
constants,;0.02068691504171627
and;0.01925437386644942
operators,;0.02185567999199787
and;0.0203905550081088
I'll;0.025122897101935684
do;0.02009728259815804
my;0.01937508733066122
best;0.020501428362048383
to;0.019552503005050955
help;0.02011543630130875
you;0.019335867035264836
solve;0.01916367947460973
it.;0.019492870502930422
