text;attention
The;0.08118302333034375
1067456th;0.3136869780401834
prime;0.07413210518551049
number;0.06386270587522093
is;0.10660791223746884
18677067.;0.3605272753312726
