text;attention
*Accessing;0.029811371434084674
your;0.00985034091490108
personal;0.008575443448057728
data;0.009901937176071593
via;0.008795019238088056
stored;0.007721826569775646
database;0.009055781872193625
Here;0.01668487197918628
are;0.008358368945827461
your;0.009662650703023459
schedule:;0.031537716376804484
9:00;0.047891739050114054
AM;0.01115985628269419
-;0.009481767511860258
Wake;0.012284634590283975
up;0.012625721288707953
and;0.009000830194465131
have;0.007277877821705689
breakfast;0.009363907030408668
10:00;0.06911277325020923
AM;0.008682946856063517
-;0.009363646386227744
Attend;0.010142841097250483
lecture;0.013808809344909852
for;0.008985265302244309
History;0.0101145956851764
101;0.02405637753468678
12:00;0.0397610939103396
PM;0.008394244830003107
-;0.00839129561743144
Lunch;0.015950397753159023
break;0.008815042452580652
1:00;0.04004941224682743
PM;0.007644970628571296
-;0.007881814938625874
Study;0.008858182250953276
for;0.00874306256391972
upcoming;0.01022548049050205
Calculus;0.00891342002650205
exam;0.008652694891966932
3:00;0.020840396912963258
PM;0.007934715698066242
-;0.008174345546788248
Attend;0.008766633854421411
a;0.007753505835092986
club;0.009753519311301816
meeting;0.008849163780194054
for;0.008080034123569972
the;0.007445500981991128
Student;0.007554799803813955
Government;0.008107763435693298
Association;0.007610328003138906
5:00;0.01753090488068772
PM;0.008586707337471964
-;0.008230908839815958
Participate;0.008801570020547135
in;0.007346739648048002
a;0.007071236824112433
group;0.007383174999826859
study;0.008038362735628374
session;0.007735238348094975
for;0.007544449298586258
Economics;0.007998834255580723
7:00;0.01243070167372427
PM;0.009086379923946508
-;0.00755139831938439
Dinner;0.009237494706737265
8:00;0.010887739852672622
PM;0.008156064845855931
-;0.007450397444841573
Work;0.007229935789252169
on;0.007507340845848596
a;0.00684460528064239
paper;0.008231183948586396
for;0.007509097716100956
English;0.007821682175704668
Literature;0.007356707118801644
class;0.006980116745025374
10:00;0.011201931347601758
PM;0.009032211034036225
-;0.007383024771939023
Relax;0.007662087285690615
and;0.007063569547275978
unwind;0.007038470391394995
before;0.006866726906963785
bed;0.006742267366132333
