text;attention
Sure,;0.303438302004257
go;0.24004675271847556
for;0.22075997464746866
it!;0.23575497062979883
