text;attention
The;0.07644385046400502
three;0.07259434559340756
largest;0.07701059279641745
countries;0.08521718300066736
in;0.0726612993798365
Europe;0.08022594861685549
by;0.07634303583644117
area;0.07731763740865429
are;0.08099390378898826
Russia,;0.08654322589236063
France;0.07021229713869775
and;0.07036056196181366
Sweden.;0.07407611812185495
