text;attention
import;0.5102081165692781
bert;0.4897918834307219
