text;attention
The;0.009046109773660145
Bible,;0.012719612644240354
which;0.009105545269033096
is;0.008444385500502312
intented;0.009704084864442748
to;0.008289229729406369
be;0.007529824196884539
taken;0.00787703466753656
as;0.007512410466758863
the;0.00789903701559899
word;0.007447958472055041
of;0.007590857159700873
God,;0.009681967183668951
gives;0.007722721884234451
many;0.007598564829097561
examples;0.007814470638730203
of;0.008030911450825275
the;0.007272424352865686
thoughts;0.007846941325814418
of;0.007318963596133406
God.;0.01250404294544071
1.;0.02113740102307815
God;0.007901690056946556
cares;0.007916868205261295
for;0.00780093694344827
us;0.008145270046252272
(Jeremiah;0.018131179676930613
29:11,;0.036594454001025935
Psalm;0.010048496687464721
139:16-17,;0.03325414241627116
Matthew;0.008632363242502949
10:29-31,;0.026907444147197153
Romans;0.008085721808709858
8:28-29);0.03858166389881548
2.;0.015832341146738805
God;0.007712364149039541
has;0.007397302698643532
a;0.007371438120030334
plan;0.007831722302795528
for;0.0076819130085686435
us;0.007673282973259643
(1;0.014647428538888299
Peter;0.008738883543506704
2:9,;0.01945540359537238
Ephesians;0.01833788382122902
1:4-5,;0.027136288359853614
Ephesians;0.012588977914489957
2:10,;0.014928725955082427
1;0.008884742875870036
Timothy;0.0075788999542284186
2:3-4,;0.019113457975662444
2;0.008142545413413239
Peter;0.0074944719046700185
1:3-4);0.01961208920836318
3.;0.010669131927579427
God;0.00729983903150181
will;0.007696412207868729
not;0.007361174403517798
forsake;0.00861244093825799
us;0.0074014529145230165
(Psalm;0.013488624017779617
94:14,;0.013946165840811023
Exodus;0.007602805700343255
19:5,;0.014295454198068654
Joshua;0.007283307010159078
1:9,;0.01306610753200979
Deuteronomy;0.010282769806542956
31:8,;0.011880835624611698
Romans;0.007264540229249224
8:38-39);0.015793946927703306
4.;0.009266886021559867
God;0.0071873704694948954
is;0.007224465978710458
looking;0.007255818725805723
forward;0.006965034630433431
to;0.007205103088052173
spending;0.007326608567302425
eternity;0.007313947580160577
with;0.007073033768014125
us;0.00703241555197971
(John;0.010582494226699041
3:16,;0.01410085891634018
Romans;0.007192413442663064
6:22,;0.012122305725254228
John;0.007088089521667536
4:14,;0.012363325497819813
John;0.006808002424791595
14:2-3,;0.013059251163938067
Revelation;0.007171136060334538
21:3-4);0.011461536748210403
