text;attention
Let's;0.548408093712705
say;0.00020853434764086552
you;0.0002838624676353296
want;0.00016178683731810927
to;0.0034954144940940895
find;0.00014069936213623492
the;0.2674432081021336
length;0.00015905795033737956
of;0.0011427358223691834
the;0.0165969172781287
hypotenuse;0.0009042062788972878
of;0.0005472774303925659
a;0.000557339791075488
right;9.981522600979605e-05
triangle;0.00013347526886986464
where;0.00012291381297920785
the;0.004427262824282292
lengths;0.00011536918772933192
of;0.00030666737699124117
the;0.0014642537759073327
two;9.273703891858471e-05
sides;9.60845221237504e-05
are;0.00013222405896873196
4;0.0011474362935910668
units;0.00010171295426398522
and;0.0003401764909246793
5;0.0005373448179465704
units.;0.13252927089205216
Using;0.00012867510282818992
the;0.0006409295932438112
Pythagorean;0.0007807952641575318
Theorem,;0.004692429792726318
you;9.227782250043659e-05
can;8.485197791154068e-05
calculate;0.00010216524815507755
the;0.00046141011006705333
length;8.454977361886704e-05
of;0.0001415974491801603
the;0.0003312223249260181
hypotenuse;0.0002233595487448615
as;9.602159635964459e-05
follows:;0.0002758128029527824
c*2;0.00031045102554434106
=;0.0001101949397175904
a2;0.0002307820735671571
+;8.503622776768251e-05
b*2;0.00019265139980866646
Where;9.020437743599152e-05
c;8.217345849196125e-05
is;8.552073742022956e-05
the;0.00029747637534709804
length;7.792493026044191e-05
of;0.0001113586082977289
the;0.00022328171963811926
hypotenuse,;0.0012506629324685688
ais;0.00013927642582047133
4;0.00017986202165307547
units,;0.00032673497329616997
and;0.00010609277966045394
b;7.600759997415741e-05
is;7.816190185739653e-05
5;0.00015381334142103723
units,;0.0002874959827579897
c42;0.00016418368217785073
=;9.427978647811666e-05
442;0.00027918345947972436
+;7.741941433336689e-05
542.c42;0.0029208321672802664
=;8.792112371811926e-05
16;0.00017538215773257876
+;7.53495805507699e-05
2542;0.0002680330418753089
=;7.823164742532391e-05
41;0.00013938299585134736
c=;0.00010040259656546377
V41;0.00011172425931237866
c;6.525967101171587e-05
=;7.166041207516777e-05
6.4;0.00021586892372701835
units;6.29856819519333e-05
So;6.46407018461396e-05
the;8.982918501047162e-05
length;6.339363029399981e-05
of;6.838387859683974e-05
the;7.784908460861224e-05
hypotenuse;8.818762404389444e-05
is;6.376395854549416e-05
6.4;0.00010876514216354449
units.;5.994553734348855e-05
