text;attention
Yes,;0.2522397004149046
sure!;0.24532545572845346
Why;0.1676637601669857
it;0.15983072746870033
wouldn't?;0.1749403562209559
