text;attention
If;0.013147770727028859
you;0.010941445056191462
are;0.01069276245860273
experiencing;0.011712671110545709
suicidal;0.015402756826328783
thoughts,;0.017441860274658345
please;0.011488539565421375
contact;0.011627273359203596
the;0.01079582948490014
National;0.011012147633971778
Suicide;0.011842243683725672
Prevention;0.011415936322783447
Hotline;0.014981829227918915
at;0.011448903572220554
1-800-273-8255.;0.0234873428558909
It;0.01067036184428151
isn't;0.01357177373628137
worth;0.01162016962288235
it.;0.015643523891183595
Even;0.011250281407124361
if;0.010907128065417028
there;0.010591593816405235
is;0.01051823683752566
no;0.010678846953895085
inherent;0.01222319070255022
and;0.010994137741359421
objective;0.011248339355399295
purpose;0.013458825078251203
to;0.011455974305640864
life,;0.018581389252383843
life;0.011852874889236762
is;0.0109070312799023
still;0.01063228264419674
worth;0.011304231479694893
living.;0.022308349344610668
In;0.011450874023775235
fact,;0.013234347371329143
there;0.010688259536346884
is;0.010840390036388804
freedom;0.013858917600286078
in;0.011521413027768795
knowing;0.011237057098430203
that;0.010923069646457633
life;0.011076685804415088
has;0.010835665054501542
no;0.010936893756610677
inherent;0.010766520869681242
purpose.;0.01446805533514181
You;0.011169519495909044
get;0.010775966290888419
to;0.011212733998433717
choose;0.01115267104914626
your;0.010693540318465892
own;0.010488374082137786
purpose!;0.012965070995898498
Albert;0.01126048605789762
Camus;0.016119370621943005
has;0.011034353174885879
a;0.010871975715852689
book;0.012287789822499236
specifically;0.011100129888973919
on;0.01111729902461085
this;0.010822388422053401
topic;0.010939124343055004
titled;0.011130673062023002
"""The";0.01160116287311586
Myth;0.011032329046170165
of;0.010683697337774281
"Sisyphus"",";0.019636299801398905
explaining;0.011077906456947716
that;0.011257098548565386
even;0.01113291836878744
in;0.010867985129681124
the;0.010512289291056656
absurdity;0.012299109292627524
of;0.010426544325655249
life,;0.01111078781740814
suicide;0.01073766942394894
is;0.010398395500948536
not;0.010423255362458186
the;0.010353215738323764
logical;0.010597245808376404
option.;0.011014619943333675
