text;attention
Bass;0.03203804361183017
isn't;0.03483653761659995
necessarily;0.016166037166759992
easier;0.01972615780806741
to;0.015521502037569832
play;0.019828754537045117
than;0.01616234181298268
guitar;0.023270152834488547
as;0.016997671700177845
they;0.017589443467423416
requires;0.017456116241348768
a;0.014607419283851642
different;0.0173125027711332
knowledge;0.017468662520334622
base;0.017925661475258984
and;0.015156920029663035
skill;0.014829309309366347
set.;0.019871523553662142
But;0.015025387234999887
generally;0.01571438386461741
bass;0.027904859388352122
is;0.015386494931458508
easier;0.017492675856005144
to;0.014518818373020699
learn;0.018869685678586882
than;0.015083262387619202
a;0.014564972786567624
guitar;0.016824025028742053
because;0.01523996301300774
it;0.014323013786353927
only;0.014281493421122626
has;0.014953219280056568
four;0.01580571618311682
strings;0.020214814222602493
rather;0.015140333008996833
than;0.013808606414252505
six.;0.01775572535140196
The;0.014310140916176326
bass;0.017858535321874404
is;0.013695424472282744
also;0.013981078950411244
typically;0.01450568230523299
played;0.01649100773718235
at;0.014396012051067586
a;0.01370283950031372
lower;0.014812532742792216
volume;0.021965701982334288
than;0.013774833716317205
a;0.013553322822949491
guitar,;0.016740078140257113
making;0.013863753554463985
it;0.013708450107413157
easier;0.014519504859083094
to;0.013645891539027274
hear;0.015438570188919464
the;0.01374995589182803
notes;0.01570884900233361
you;0.013193599935770975
are;0.013270491411132948
playing.;0.013441534862391101
