text;attention
The;0.03535384277112091
first;0.008658611979872574
and;0.04534372249779776
most;0.009652696737123944
important;0.00930262295588503
step;0.008036592001420607
would;0.00922629075704998
be;0.013602890370368097
to;0.021752792260958016
identify;0.010475021677966316
the;0.020306522839439015
source;0.008240649861032859
of;0.02054888781894585
the;0.01889195886468287
smell.;0.05247174065540805
Can;0.009316113234458292
you;0.014342105603307365
narrow;0.00821091840815772
down;0.008521193849478312
which;0.008089287639961617
potential;0.007827495306254503
source;0.007712141398605812
the;0.017674719409415528
suspect;0.009893783694994305
odor;0.008445587867116116
may;0.007884760886156325
belong;0.00907428644728764
to?;0.04626855802912789
If;0.009698440619929374
the;0.016320171298541096
source;0.007408147328272766
turns;0.008002207831868925
out;0.008967489114035766
to;0.01604656502296857
be;0.010893462588962049
hazardous;0.00805819284563182
such;0.008446247593686965
as;0.01042630288468896
a;0.013066152160672856
gas;0.007475897803088247
leak,;0.031158820590351622
you;0.011689371722534897
may;0.0077141808062435886
have;0.009118484073798755
to;0.013951164917744998
vacate;0.010164261385170563
the;0.013885803674939487
house;0.007265830383549856
immediately,;0.024946283871555387
alert;0.007552748315164962
others,;0.02205829763593953
and;0.015061530347320646
consult;0.008000355261214252
with;0.013476888079619009
emergency;0.008123505593428627
services;0.007532034442187482
for;0.012053936925620087
advice;0.007757376833768969
on;0.010713237886125208
further;0.006858954746171916
action.;0.01536844322713139
Most;0.00786118780360362
likely;0.007163572640479826
the;0.01101962800676598
source;0.006804706162221566
is;0.009358781746020877
something;0.007354738491558474
benign,;0.014347157837716238
such;0.007532063735855934
as;0.007950826767892955
a;0.008887069618754373
bin;0.006773312260110157
that;0.008644628891816138
hasn't;0.009964723347635839
been;0.00703356742865797
emptied;0.006703767628385228
out;0.0068844537688609745
in;0.007536642243395781
a;0.0070424865026448204
while.;0.0067501014823013895
