text;attention
I;0.020616298181853326
couldn't;0.053701347364009396
tell;0.009330675597030786
you;0.0114129927562518
exactly;0.010964820930382355
how;0.009110074166739514
many;0.012303607849644606
chairs;0.017224707418523017
there;0.009772711217777957
are;0.013511722790081481
in;0.009968479481236091
Berlin,;0.052677047588701426
but;0.0207100095196233
I;0.010343824531607468
can;0.009130303490113066
try;0.01005432306492754
and;0.008712865190568951
estimate;0.011873781890680245
it;0.011280071065470557
roughly.;0.025004838573298417
Lets;0.012578028277033394
supposed;0.011273930533080897
there;0.009764574183966673
are;0.009184781326543925
about;0.010440618538081675
3;0.012322065304308946
chairs;0.016246255511676553
per;0.014026272244616753
1;0.01153437778055413
person,;0.036485675539734995
and;0.012242863663961313
the;0.008309855151033399
population;0.01251181643973738
of;0.008883030361984894
berlin;0.013902234432199439
is;0.009908294464211712
3.645;0.047736161830664335
million;0.014446289384400167
(as;0.011226444737563835
of;0.009128667745917227
2019).;0.02115764739230437
Then;0.009953489217929325
it;0.008760869050204515
is;0.007947371848740115
likely;0.009652983472908716
there;0.008314955890759965
are;0.008546443916813029
3*3.645;0.05991912583364415
=;0.01035999543873065
10.935;0.016241824693830537
million;0.009572040103952127
chairs.;0.01654069870239761
I;0.011743234617343052
must;0.008333230001686115
stress;0.00967575206716136
that;0.009143746892024435
this;0.008823947088619796
is;0.008299732005563805
a;0.0078005768510044544
guess;0.010410952338682306
and;0.009199767545633371
I;0.008141774639920447
do;0.007697010249708954
not;0.00803627722748328
actually;0.008568592707745518
know;0.009101989187744585
how;0.008155939024543202
many;0.008786422462832004
chairs;0.009303982702296846
there;0.007852695344834421
are;0.007980897386066523
per;0.007978860288648814
person.;0.00814043368844865
