text;attention
As;0.02961426463134148
of;0.027548145527524215
April;0.026491026488278255
8,;0.03955122626759782
2023,;0.04065293108081334
Tokyo;0.037600448336243694
has;0.02434957331097471
the;0.02324112162081235
largest;0.029187323842832555
population;0.042631007353746184
in;0.0228591728914615
the;0.020435748818824435
world.;0.05752416792432557
It;0.02506257505748716
had;0.0241632546333623
a;0.021520361957753
population;0.02749585326932761
of;0.022830856307811252
approximately;0.023535268219339194
37;0.03318348370552862
million;0.030716490093119476
people;0.02174703368311869
in;0.020662398587573797
the;0.018999455769790292
Greater;0.0242211510491132
Tokyo;0.020997702796811898
Area;0.022079577053419678
and;0.0203234580469679
a;0.01898420233711222
growth;0.029264217052597772
rate;0.030032100500000086
of;0.021746950076817366
about;0.020446910259728848
0.2%;0.04392932664980332
which;0.018978502461002387
is;0.01809568791933923
low.;0.019297024418298406
