text;attention
*Accessing;0.034266263447312165
your;0.009229577743324556
personal;0.007987676136444204
data;0.010075085208418908
via;0.007542682630468336
stored;0.007089587737965673
database;0.008541209660997987
Here;0.00820692361974434
are;0.0074703767806807335
your;0.009553841670675222
schedule:;0.04604294111131159
9:00;0.020096779254272373
AM;0.01171926315704721
-;0.012123464087542616
Wake;0.008094408602605442
up;0.00672757212400369
and;0.006637537802300376
have;0.008054547447467768
breakfast;0.008994312096347773
10:00;0.024807297371232634
AM;0.008984650284208097
-;0.011358163139299205
Attend;0.010883194864575422
lecture;0.010386993041171312
for;0.011501353303338166
History;0.008589924960282165
101;0.008237110452558347
12:00;0.028456930656829353
PM;0.009430578089839997
-;0.011868929021576992
Lunch;0.009608759248993884
break;0.009083520561857602
1:00;0.0182701330640807
PM;0.008138012067136876
-;0.010182961699376937
Study;0.010743047637496837
for;0.009016336386915473
upcoming;0.008896742647612046
Calculus;0.009825844880627262
exam;0.009919385076636316
3:00;0.03197581179950283
PM;0.00807269504015622
-;0.009953827789416376
Attend;0.011911271987422046
a;0.009600394209985028
club;0.008662298723503999
meeting;0.008282572111893746
for;0.008795895314487772
the;0.007909692582713535
Student;0.010941798962468682
Government;0.006618239282183394
Association;0.00776244221145621
5:00;0.03041972945368754
PM;0.008130414188879779
-;0.010083045867118062
Participate;0.010804597203414756
in;0.007099091627508083
a;0.009041147467362719
group;0.008178578763924643
study;0.009235000824739137
session;0.009111957588978975
for;0.009615518654766628
Economics;0.012426048300227187
7:00;0.025288686909908063
PM;0.0077619538705998
-;0.009435335270338756
Dinner;0.01461842622469362
8:00;0.02141444368518301
PM;0.00861652757520321
-;0.011914023427807735
Work;0.010168945911336776
on;0.007378463603447317
a;0.008654087557793571
paper;0.009997238599000955
for;0.008452001071044319
English;0.006442482415523297
Literature;0.007882361610296183
class;0.009845965803644155
10:00;0.023485963462634034
PM;0.00819683676310137
-;0.012725697642966858
Relax;0.008875909821511634
and;0.0070769931822273644
unwind;0.011023027604295174
before;0.008327675613916343
bed;0.01114096364315279
