text;attention
The;0.010336510326181117
main;0.008549288664779171
difference;0.011693697790411205
between;0.010697915052191654
ChatGPT;0.06431677554171746
and;0.013350142932542984
Instructional;0.022425568594239206
GPT;0.022068516946473132
is;0.011932343841684245
that;0.01553757099704293
ChatGPT;0.03335709031529881
is;0.009113715723893098
better;0.010215074043623491
suited;0.011503511443474815
for;0.012078125382429698
conversational;0.011931598147548591
applications,;0.014841325857638508
while;0.012760905366430337
Instructional;0.02085851527298064
GPT;0.014014171315169967
is;0.010235330976876391
better;0.008917248755697701
suited;0.008660302535323435
for;0.010779475720127895
providing;0.009962992660800613
explanations;0.010354797665094078
and;0.008835377156679999
descriptions.;0.026129453883579155
ChatGPT;0.023694712629682736
is;0.008772090485818111
able;0.008797944330040329
to;0.00951278447599305
generate;0.010517659510109922
more;0.009025761569660354
natural-sounding;0.01956389290913906
responses;0.010175602531882974
than;0.011714688601680607
Instructional;0.01376966004066311
GPT,;0.01486615532543907
and;0.008434219201543885
can;0.008942818261485382
provide;0.00911883483466507
more;0.008139004479740645
context-sensitive;0.013028422205389694
and;0.00824972960397387
personalized;0.008153640427594498
responses.;0.015549114167733736
Additionally,;0.012627402543500218
ChatGPT;0.016658097215505065
is;0.008432766469801335
more;0.00863093633307623
efficient;0.0100910969136814
and;0.008346490983307833
faster;0.008907675035431065
than;0.009656463313906818
Instructional;0.01123122405392462
GPT,;0.013864286642612054
and;0.008280061301390687
is;0.008365112115498959
able;0.007593134247709168
to;0.007789792805210993
generate;0.008352173253265314
text;0.008745361518118404
more;0.007733630431487152
quickly.;0.013150195112925053
On;0.009462630514638725
the;0.008723704830569763
other;0.007711560090123918
hand,;0.01117057142408611
Instructional;0.011857194323595723
GPT;0.009257145234777069
is;0.008019264671189503
more;0.008258915413615687
accurate;0.009010089924441637
and;0.00779751284394018
detailed,;0.010385257545951083
and;0.007543630546123068
is;0.0073517647547539505
better;0.007477784083221739
at;0.008128146925401205
providing;0.00820398609776707
factually;0.009801461884468421
accurate;0.00747376195800485
information.;0.008425638140811572
