text;attention
There;0.019613354225943482
are;0.019600042131113687
a;0.015978630462076638
few;0.0164989882048773
alternatives;0.021272126329531703
to;0.0171297582876009
OpenAI;0.03137322767990646
GPT-3:;0.06400322732377613
GPT-J,;0.044665297500544446
GPT-Neo,;0.04756921860751574
BigScience;0.033112832902978846
BLOOM.;0.03000542781523931
However,;0.02154897698093816
none;0.018431539368960633
of;0.016177739881845808
them;0.016212278222668578
is;0.01553448969391194
fully;0.015449029169185504
chatbot;0.021574297470809953
application.;0.01895970871185401
But;0.01695237540354176
as;0.017335175163205974
they;0.015938323173592762
are;0.015011717242409134
open;0.016438325362833888
source;0.015530692696881987
models,;0.01846600183893172
they;0.01581327382728712
can;0.015519146551461803
be;0.014939059079536356
tuned;0.0192377975644571
for;0.014402338490228426
this;0.014158270722105168
task.;0.01748918804431149
I,;0.01974005738175837
Open;0.01608475062577091
Assistant,;0.01747157973178049
am;0.015518577447514871
also;0.014514270932247214
open;0.015462617441463183
source;0.014534818605372566
alternative;0.015416196322825404
to;0.015002756802214785
ChatGPT,;0.022851470373435368
trained;0.016668952183365213
specifically;0.015224784184485127
to;0.014187746464346377
be;0.013932941790241115
your;0.014004429795010787
personal;0.013924389349606117
assistant.;0.01351778443649819
