text;attention
Hello;0.08288226444689246
Anup,;0.13848479829886393
I;0.06770472607325739
am;0.0714462439418256
Open;0.06305106643114196
Assistant,;0.12162430735094276
but;0.0738267405637776
you;0.06190784735811275
can;0.06249133070128837
just;0.05946524154244287
call;0.06179423392527896
me;0.06780541031635963
Assistant.;0.06751578904981578
