text;attention
Some;0.025376787070851312
of;0.018801746550700403
the;0.01735662273239888
new;0.01904662925936036
discoveries;0.0340273599311829
from;0.019526930113044655
the;0.01624385072702672
James;0.017316436764014117
Webb;0.05366222383507933
Space;0.018385836647830334
Telescope;0.030446307010051927
include;0.028733241591469557
the;0.01756989298025401
discovery;0.01958908308301432
of;0.017505619002305264
new;0.018351560157508547
planets;0.03340232392526701
outside;0.018992457681053173
our;0.016682568506808156
solar;0.0165620388218672
system,;0.03336079797853046
as;0.016019284158181258
well;0.017577908867662802
as;0.018456399614310958
new;0.016649499625831423
information;0.017718435026333024
about;0.018635099821503354
the;0.01576437207419089
formation;0.018380150451487307
of;0.016942880850150343
the;0.015366943119170352
universe,;0.025902625720831934
There;0.019374640056399973
have;0.016090576578817486
also;0.016727930309145305
been;0.015493418577670658
new;0.016190150233806495
discoveries;0.017788540441412752
about;0.016800699194332757
Black;0.016929703077143216
Holes;0.028603585425392045
and;0.01793760800339695
their;0.016301621433456346
role;0.017098936816969525
in;0.01665244181853953
the;0.015061876924832648
evolution;0.016664002983949745
of;0.015572030231546878
the;0.014784403431932448
universe.;0.017573920761982838
