text;attention
the;0.025284770291310987
value;0.02932034154410372
of;0.02308005655259151
the;0.02256691616013628
variable;0.025687299983987926
a;0.03054441292777375
is;0.02497135013533437
not;0.022695225131735074
updated;0.02590224420693895
within;0.02643941538698696
the;0.024862300317582835
loop.;0.05637812891253294
Therefore,;0.032589125235572
the;0.023960016637643234
stopping;0.023267482737986525
condition;0.029551704127750645
of;0.02096901090738569
the;0.02234951024088614
loop;0.021056048935583715
will;0.020979732677443824
never;0.021504654366448384
be;0.020115218639113534
satisfied.;0.031071250472523956
One;0.0222350956605469
way;0.026232672453495663
to;0.021831932089075304
solve;0.020881532501748637
this;0.020995639773222104
issue;0.02075447345714589
is;0.02287169772370134
to;0.022300661706267676
set;0.022271936107481544
a;0.022242702281365313
to;0.023421948119919173
0;0.02413261392458188
at;0.020345911944693505
the;0.02033689319447087
end;0.022362913867641897
of;0.01975785454168528
the;0.02025715814722507
loop.;0.021620145976378985
