text;attention
Scriveners;0.0009148687375098043
errors;0.0005780181561664495
(more;0.0006490963609457964
commonly;0.00045045555332072707
called;0.0004622741605588882
"""typos"")";0.002236056358551673
are;0.0006365258133186512
quite;0.0004265182979120139
common;0.00047887148093506474
in;0.0006407146316795421
legal;0.0005271804795993632
documents;0.000538497087282288
and;0.0012195733863632242
are;0.0005168520624728686
unlikely;0.0004505487029754122
to;0.0032837962088875326
cause;0.0005228532622932178
any;0.0004333952698222524
legal;0.0005086278454624371
troubles;0.0005000417410453764
except;0.00043627302759881537
in;0.0004486884417812712
very;0.0004012412956799662
specific;0.0004341086295081219
cases;0.0004768385684411627
where;0.0004998450232946595
they;0.0004961275704014265
fundamentally;0.00046263878445724116
change;0.00048025514109122466
the;0.22029116655270842
meaning;0.0005420392682976854
or;0.0004619659651353122
make;0.00045495062181315763
the;0.5704787062103219
document;0.0006237751520810268
ambiguous.;0.03601311796235228
These;0.0004547900622699294
errors;0.0005092159175810956
do;0.0005139403357590564
NOT;0.0004503822876948118
invalidate;0.0006206642207169711
contracts.;0.03771509599391664
Any;0.00045898225046025787
conclusions;0.0004700884785703944
about;0.0004494614578055165
the;0.023312016079828943
diligence;0.0008260922765581923
of;0.0006334000196037405
the;0.059202194414684696
company;0.0006431194624315678
involved;0.0004505907461191177
would;0.0006090681168097623
need;0.00048184944172346766
more;0.00047128257071882176
information;0.0004957006233577158
to;0.005644626740903966
be;0.00047397718387035833
accurate.;0.016136957506548432
