text;attention
February;0.1966699232525991
07,;0.21396910096361166
2023;0.3686480426730235
22:00;0.08092976051852908
in;0.04634777661371784
Moscow;0.04675027392265774
Time.;0.046685122055861054
