text;attention
This;0.022309568210907044
question;0.012396134213503355
is;0.018981434639894663
dependable;0.01422925985154501
of;0.024868358277941992
the;0.02610649261433671
person,;0.13225580413155733
but;0.015678964147055482
in;0.023098020543055302
most;0.010161804945285851
normal;0.010099117496604469
humans;0.012414470559367913
the;0.02302272246325125
endorphins;0.017029888909142584
are;0.01543912969759913
a;0.016751017338733857
7/10;0.090755010112362
pain;0.010530636551501259
relief;0.009602522191339795
drug,;0.04665896981275026
as;0.012237315696480622
the;0.017478692295798185
Morphine;0.013213355076178473
is;0.013898200401507414
an;0.013239292187627668
8.5/10;0.1804493342190342
for;0.015473113920470717
its;0.0111947648009372
nature;0.009765242519201491
of;0.013499185931325992
relaxing;0.009950340928280746
all;0.009476257814932098
the;0.013760979010894537
nervous;0.009435648162318785
system;0.008924135142299257
and;0.013795625922406381
being;0.009200032827186407
used;0.008976558425031048
mostly;0.008853798497801555
on;0.010761554113787205
accidents;0.008962962013775276
and;0.010610443130251983
hard;0.008344391732885453
pain;0.008259058373654107
situations;0.007850390148198081
