text;attention
State;0.01866778356714521
that;0.023600061224374642
you;0.020453278824189642
are;0.015925956985044887
a;0.015525967599741912
loyal;0.01857764727571098
customer;0.03775054637340029
to;0.016715381220627722
them;0.035291749233474876
for;0.0162658347008674
years.;0.048356452646822166
Provide;0.018868458241942068
offer;0.024916500208856208
by;0.01881040120645101
competitor;0.04445941147206482
that;0.026961717881074973
is;0.014951729924185812
lower;0.02956879760507003
than;0.015955509234948474
what;0.014570061747720025
you;0.02005502269835258
are;0.013591123334726502
currently;0.015382861682458226
paying.;0.05205423162200036
Inform;0.020577175275027115
them;0.02442340915052963
you;0.017637579597739098
are;0.01383001085633095
thinking;0.016699731968754704
of;0.01487586577403596
switching;0.025526165884204914
and;0.024346873964660787
politely;0.016727739586806484
inquire;0.01712148510803087
if;0.017763900284610636
it;0.015390370092779234
is;0.013839458463659833
possible;0.016939852219390948
for;0.013581586811660837
them;0.01481321447670071
to;0.014919589348562782
offer;0.014898555451720618
you;0.015265274818313381
a;0.012887530803974834
better;0.013931567334454246
deal;0.01374516886003011
as;0.013176467219845443
a;0.012738916606881935
loyal;0.01357598240788517
customer.;0.013490041122157915
