text;attention
The;0.015065168683461586
Super;0.01156350629182535
Bow!;0.05212128719357829
played;0.015305855027062248
in;0.012604862276417649
1987;0.038253989024266154
is;0.0184664139413318
commonly;0.011878167409278865
known;0.01118619973141979
as;0.011881501112518622
Super;0.01237277878597383
Bowl;0.023491680900043707
XXI.;0.13110965114308798
It;0.018466733142463092
was;0.011830115261230118
played;0.014164116061830717
on;0.011441749937638954
January;0.011905586159379585
25,;0.022173766761328224
1987,;0.01980181866278493
between;0.016690593660897823
the;0.01241702509531013
AFC;0.01528987805012373
champion;0.015356072219661891
Denver;0.014958887270433855
Broncos;0.01385108863108987
and;0.0147057635939545
the;0.011209622291418527
NFC;0.012323297176117704
champion;0.011084142411431071
New;0.010979568933969187
York;0.011427414639314216
Giants.;0.02630051010398197
The;0.013263063278467088
New;0.010864615591475155
York;0.010480814246235273
Giants;0.012784442375265817
won;0.015143448006975032
the;0.010103931061373767
game;0.013661652271426305
with;0.012117906112185882
a;0.010442306490770117
score;0.010421236713977728
of;0.010721604384531609
39-20,;0.02254434381999379
earning;0.010810181846054532
their;0.010870007883708345
first;0.010590846163703793
Super;0.010583863219150239
Bowl;0.010943839836081751
championship.;0.013030909116943542
The;0.010294358457111087
game;0.010545891556897618
was;0.0102943865289641
played;0.010925166957730553
at;0.012899972901294271
the;0.010375446278483065
Rose;0.010175962011937274
Bowl;0.01242408999674944
in;0.010296140557991319
Pasadena,;0.010550109295953245
California.;0.010160651453942363
