text;attention
The;0.009959083081073489
37th;0.007884393151354231
largest;0.008607134850384095
city;0.00685539102600188
in;0.007371834749067385
Japan;0.0077538804501725905
has;0.009055038687841924
36;0.006619868272524017
other;0.00733082969861822
Japanese;0.00720684080527199
cities;0.007805879159268339
that;0.007443141557558981
are;0.00671115861135958
both;0.006770271416690785
Japanese;0.006954177061920152
and;0.007883431464592954
contain;0.007212585467563309
an;0.009224123471443331
area;0.010342367226599616
that;0.0076084100746184975
is;0.006768316549499461
geographically;0.006492753870113844
more;0.006253899875595761
comprehensive;0.010427518843497281
than;0.00888774847659741
the;0.007624030451155581
37th;0.008197524198194275
largest;0.008077432817054392
city.;0.02346190845011359
No;0.00967245820314477
other;0.007235553447730208
city;0.0070460268560676486
in;0.007510954643732216
the;0.006493000779716296
world;0.008372780428085203
can;0.008538726386813853
boast;0.0070042529123033334
this.;0.08489058415195491
When;0.007585085836762592
compared;0.012113786704243075
to;0.006482549399735848
the;0.00754576578809642
76th;0.0089589053568802
largest;0.008317281444828392
city;0.007369303386381776
in;0.007731918456641561
China;0.009139500018135582
we;0.009911753004703566
find;0.009226067771260197
they;0.007802466244145838
have;0.007638596028566075
a;0.007344766388971178
lot;0.00782544996961314
in;0.006633931041131994
common.;0.06857880355430444
Each;0.008573667219483064
city;0.006058388504677628
contains;0.009513597686921673
a;0.007644492107096058
population;0.00884837848295291
of;0.007308248376391742
people.;0.10399992025546176
In;0.00670369086618936
both;0.006826905067968231
cases;0.009108684539015262
these;0.00874943153514367
populations;0.008039523415851967
are;0.007532325819199084
primarily;0.007330907913353982
Asian.;0.03821597609655219
Each;0.008296012812073442
city;0.006229242726002129
contains;0.009841398397158845
both;0.006756978168745264
commercial;0.007270549323721046
buildings;0.006673712745762161
and;0.007279001256628497
homes;0.007340490064557412
where;0.00895386722103137
people;0.007483492765051933
dwell;0.007746378946565195
and;0.0073515393737209845
the;0.006719787303427782
population;0.007181915334836094
inhabitants;0.008567580964699067
in;0.00781194254168758
both;0.0071032321805845336
cities;0.0066613408053583225
communicate;0.008068432747012022
with;0.006323094997717663
one;0.006449788149682661
another.;0.009674841268020073
