text;attention
You;0.7304915683181336
can;0.013301741951382957
use;0.012445433219229817
ChatGPT;0.03677793013285705
by;0.01946446842239657
going;0.015228974174480648
to;0.01329312888794899
ChatGPT's;0.02825419438715849
website;0.013073243907917252
and;0.013032666476607625
begin;0.011567594501137464
a;0.010682615817785394
conversation,;0.015582703432123774
just;0.01234558992655565
as;0.011328409097282372
you;0.010915292493544785
did;0.011287843436714557
with;0.010341538573396923
me.;0.010585062843346042
