text;attention
Sure!;0.03245775656492402
Here's;0.015743320604230126
an;0.011160341303650175
outline;0.014636022160938476
for;0.012377306258143017
the;0.012080971868899334
talking;0.013554285357507573
points;0.022003374691732355
related;0.013210453515969393
to;0.01404596870640083
a;0.010743542012563922
presentation;0.017262628401548498
on;0.013487698064313915
using;0.014430498719335846
Al;0.01187249350643046
to;0.02003258235216048
do;0.012747172331847965
product;0.013097785529206601
development:;0.04711631937103525
*;0.022538676309165763
Greeting;0.02564186688417954
and;0.012428512160694674
introduction;0.013246440367095772
*;0.017071762508401835
Overview;0.014027971130488913
of;0.014063545511029368
Al's;0.022492181228563134
use;0.012876806852955221
in;0.011839476409243292
product;0.011538890027990323
development;0.014395024831539155
*;0.01690037564867639
Give;0.012964046194475855
suggestions;0.015251641160848563
on;0.012246149328283305
its;0.011760903792297396
uses;0.013177500079454505
*;0.013733069435194385
Provide;0.01406509426804422
real-world;0.013815395997446609
examples;0.012725146815708832
*;0.013016438083448663
Provide;0.011318107537457742
a;0.010310209228732362
live;0.011081548958377752
demonstration;0.013044405314414356
of;0.010739621613011039
using;0.01126902646635665
AI;0.011245432191066974
for;0.010897005637995857
product;0.009746329157562088
development;0.01087713295832238
*;0.012386053838642023
Conclusion;0.012869852720337556
and;0.010240556501203953
sign-off.;0.02427588392574074
Feel;0.012570616936201881
free;0.011680171625281338
to;0.010724636840249983
change;0.012419454403747069
this;0.011679598672922868
to;0.010405170167783176
your;0.010032826652535971
liking;0.0121093670579972
and;0.010312904322853129
add/remove;0.014433388597761379
talking;0.009890955573766954
point;0.010031848965158966
at;0.009496316993651178
will;0.009592329634292037
:).;0.010441811160511428
