text;attention
The;0.016147589807492375
Dog;0.0167836353601986
is;0.019450903395954226
one;0.009452290579986951
of;0.011571171865666667
a;0.008326746773582286
few;0.011355588547372593
animals;0.017250964589172357
which;0.012887531873953643
are;0.00822321282318078
able;0.009892600006306655
to;0.010467788568797787
bark.;0.2179166978382107
Even;0.011158879327770894
tho;0.011743372715661766
dogs;0.03621408491445271
are;0.012144235807939302
often;0.01032525549521486
the;0.01131789003397175
first;0.01028586126135256
animal;0.015154640894037268
that;0.009264894788819113
comes;0.008760859544222949
to;0.007864222411497503
mind;0.015301474208907631
when;0.010015654060562033
we;0.008702363481126171
hear;0.008923993131673039
the;0.008180985872932513
word;0.008672304774435821
‘bark’,;0.10646468838532133
there;0.008975694113053455
are;0.010250014556249945
other;0.012212203988022289
animals,;0.03330525215690176
big;0.010039909707751647
and;0.009666929854584182
small,;0.01552215454537692
that;0.011552635297029969
do;0.010317397251269024
some;0.009293632347586473
barking;0.024130828689507042
of;0.008089856082084113
their;0.007875717145794122
own.;0.015221203078515844
Some;0.008482095273756044
other;0.008548127189141773
examples;0.00897524954483139
would;0.008048092544601993
be:;0.011700046594545323
-;0.00958131258109094
Foxes;0.018338753985650744
-;0.009900185156666255
Wolves;0.010646587799621984
-;0.009224286018820797
Jackals;0.01159839128557715
-;0.008054403601095784
Coyoyes;0.010226656471098296
