text;attention
Can;0.2536477608429632
you;0.0632791735632482
try;0.06692369957990148
plugging;0.08802478689976821
it;0.05588219585453361
in;0.06889153587325145
the;0.055187672978958685
battery;0.07204176686930522
might;0.05868732999567025
need;0.06784903774586472
to;0.04817212880979904
be;0.04899854782182956
charged.;0.05241436316490625
