text;attention
***sh;0.0579193178851506
Applications;0.05542044550309641
Documents;0.05906213303785044
Library;0.050867781799874216
Music;0.04684658425170337
Public;0.04517067751324655
Desktop;0.05146520348484005
Downloads;0.051670174031923546
Movies;0.04851712434656506
Pictures;0.04649853800425484
opt;0.044755704919937474
user@OpenAssistant;0.06139724697243723
~;0.046330394080043816
%;0.04965666656683169
°°;0.060152231754327844
;0.05036175271205083
;0.049146943455336
;0.04296913465848479
;0.041236903515410255
;0.04055504150663515
