text;attention
Sorry,;0.22273965150687317
I;0.16337580134273239
did;0.149757355669609
not;0.15536521028762973
get;0.1535670976576993
that.;0.15519488353545646
