text;attention
As;0.02703519706615099
of;0.029422641547507566
April;0.02590398977288636
8,;0.03500152073424438
2023,;0.037864754705499735
Tokyo;0.02725604545581208
has;0.028682839301422722
the;0.026335385964992956
largest;0.02803508013760706
population;0.029951465969147315
in;0.026873576936660985
the;0.023710680411874713
world.;0.040370955075262914
It;0.02536465190838291
had;0.026333738212079516
a;0.024659552795408192
population;0.027560207440649864
of;0.02533861608602836
approximately;0.03467727110238735
37;0.02622911996528867
million;0.026530447631454204
people;0.024845830230453485
in;0.02455764810531698
the;0.023277206535893737
Greater;0.024620414367173396
Tokyo;0.023564455512912655
Area;0.024589641616569225
and;0.02496653758834281
a;0.02334211862943282
growth;0.025152461129156502
rate;0.026864907845924928
of;0.025171567485411647
about;0.02415979796877409
0.2%;0.029785708063110414
which;0.02426356525624691
is;0.02303046445418707
low.;0.0246699369903444
