text;attention
The;0.1154642443377349
1067456th;0.5437505834292411
prime;0.07331153397990962
number;0.07840876828905866
is;0.07059028817575778
18677067.;0.11847458178829785
