text;attention
Intermittent;7.507012106230962e-11
Fasting;6.169846728078889e-11
is;5.048603789001443e-11
an;5.181496035034888e-11
eating;5.821502353595517e-11
pattern;5.0754341632193325e-11
where;4.9762512850904664e-11
people;5.151342383030911e-11
limit;5.376272303988629e-11
their;4.902007282784724e-11
food;5.0299969054997363e-11
consumption;4.966612873056876e-11
to;4.838501414794454e-11
certain;4.894637851730179e-11
hours;5.404766969831731e-11
of;4.746512011766235e-11
the;4.753166782089333e-11
day.;0.9999999975389531
There;5.226033096229592e-11
are;4.8294806599965004e-11
periods;5.37743182000636e-11
of;4.7206898843198995e-11
fasting,;6.147684227668282e-11
with;4.9791800352652875e-11
no;4.815886450206225e-11
food,;5.1589362585664004e-11
and;4.716590483342191e-11
periods;4.9252884104217457e-11
of;4.6320654228784603e-11
unrestricted;6.39458650328753e-11
eating.;5.285831302860548e-11
Generally,;5.713385727892822e-11
the;4.7730480773152386e-11
minimum;5.122383106725667e-11
fasted;5.240430684023744e-11
period;4.656386512890056e-11
is;4.769894309814537e-11
16;5.5649152949657367e-11
hours;4.7365219836887086e-11
and;4.633723517674989e-11
an;4.791834328977121e-11
8-hour;5.759993937608729e-11
period;4.449623044336012e-11
where;4.6466338790709174e-11
you;4.574166294406915e-11
can;4.531836453961216e-11
eat;4.598780589439908e-11
normally;4.575469433999634e-11
(16:8).;5.912014806275505e-11
