text;attention
According;0.06391983862312826
to;0.06060536001656492
Wikipedia,;0.08733794018532154
an;0.05785886555988481
average;0.06230801013735446
sized;0.05669010365401923
woodchuck;0.07511188971934281
could;0.05557161379451294
ingest;0.061414084780397046
361.9237001;0.1365899486847615
cm%3;0.08142206101734545
of;0.05145794108411157
wood;0.050434976626837935
per;0.050642469131160765
day.;0.0486348969852569
