text;attention
A;0.01429933100150385
penguin;0.046835165077728086
and;0.013180702876337491
a;0.012959771619413184
walrus;0.03913344930485578
walk;0.014184770621473278
into;0.0174999849267479
a;0.012801915808995713
bar.;0.04203980766784265
The;0.01336134569350777
bartender;0.022300066018908014
looks;0.013241104651886132
up;0.014801460657029307
and;0.012237638570177385
says,;0.016706269194922435
"""What";0.01982853046655718
is;0.011881749509183576
this,;0.015962897795940217
some;0.013497154554229984
kind;0.012575139549796012
of;0.013764334645982399
Arctic;0.01644244413086505
"joke?""";0.023847719972624633
The;0.013982178091841128
penguin;0.025980116316119628
and;0.012268331422612211
walrus;0.01904577781335374
just;0.013175102320286515
look;0.012410642522239796
at;0.01220105168207385
each;0.012464126322120739
other,;0.015538346109261577
confused.;0.015842558580900664
Then;0.012936050366024611
the;0.012667722311210789
walrus;0.018355201618897567
shrugs;0.014648644072703632
and;0.011939280412403929
says,;0.01466298084794201
"""I";0.017338945311460387
don't;0.013289785711071648
know;0.011927560710432418
about;0.01234490269904085
Arctic;0.017208063786100097
jokes,;0.014768292834844711
but;0.012238583935139935
we;0.011888287353861656
sure;0.01145423623458468
know;0.012298589206656834
how;0.01099151269393476
to;0.011889228230950597
break;0.012085661386985507
the;0.011050416920913932
"ice!""";0.01854192541015593
The;0.012013938667745904
penguin;0.01575875971317569
rolls;0.012689962138274575
his;0.011364994170601609
eyes,;0.01474997446513232
but;0.012327962476455361
can't;0.012953205420272507
help;0.012897008173060519
but;0.011874043878935737
chuckle.;0.01255329334371139
