text;attention
to;0.12866141786263255
scare;0.1395713407833803
off;0.1320157002114349
ther;0.12363871533318498
birds;0.12367895073971705
for;0.12133608236924956
the;0.11507780992113786
food;0.11601998277926281
