text;attention
It's;0.40943073066789437
cannibalism.;0.5905692693321055
