text;attention
A;0.015490412394137653
penguin;0.01785659328764311
and;0.030763906780866636
a;0.017427307650405198
walrus;0.012297625678010543
walk;0.009773493818482882
into;0.01228682844767618
a;0.016503114591848653
bar.;0.03342870829960101
The;0.016252480031922593
bartender;0.011275515485291654
looks;0.010307010299663273
up;0.009927511348659619
and;0.02444314078729217
says,;0.049391329597216725
"""What";0.0262836642931356
is;0.014334748319545995
this,;0.06487108416744974
some;0.009748757083336407
kind;0.009383600983591516
of;0.017169378964201724
Arctic;0.00971148741853238
"joke?""";0.019275308951269082
The;0.015367733395934498
penguin;0.015088366793491124
and;0.021803211009694876
walrus;0.011298920662328899
just;0.009055688034086745
look;0.009738468839591119
at;0.01581592961960685
each;0.009349520873227114
other,;0.029940962176770145
confused.;0.025084131665556005
Then;0.010192921059313758
the;0.01561015588324601
walrus;0.01096279948982824
shrugs;0.01099987907915962
and;0.017501558268752687
says,;0.02627538439946639
"""I";0.023379065850265727
don't;0.014759249332981995
know;0.009576918002759742
about;0.010047920533912165
Arctic;0.008909614355068929
jokes,;0.02362039826198611
but;0.011300955561201744
we;0.010781917507203564
sure;0.009069409700042243
know;0.009220048874879651
how;0.00928944668024734
to;0.01262668150562576
break;0.008570121947807163
the;0.012376462680930596
"ice!""";0.01172118795125475
The;0.011558722439927848
penguin;0.011555043669061967
rolls;0.00840903897696782
his;0.010055879508327493
eyes,;0.013330241025565754
but;0.009715659795351163
can't;0.011034050114186473
help;0.008256985929967712
but;0.008460946129751649
chuckle.;0.010085393734890202
