text;attention
The;0.024863440393155432
meaning;0.026476847408899308
of;0.02212216218787754
life;0.03438273172246464
is;0.023602797344628838
something;0.02562454239305784
that;0.02653933580289015
people;0.026968725883235616
have;0.023056213319499846
philosophized;0.02708214102991435
for;0.02165424527933359
thousands;0.022207203773911287
of;0.02526967950153326
years.;0.03401396172239931
Proposed;0.023024236274665436
answers;0.02668747915476397
vary;0.023960419818190425
between;0.0237692450410895
cultures;0.023512187859585646
and;0.021464032322036183
ideologies;0.02158613703684623
but;0.025000535237043955
there;0.021713303266726734
is;0.021666264487120692
no;0.023123718933023635
concrete;0.022686356350345348
answer.;0.028987113963669386
It;0.02121808638143464
is;0.020862890340621495
up;0.02221317689711539
to;0.02213644079123096
you;0.025176286465658233
to;0.023993318091809587
figure;0.02201902672493786
that;0.021269658145579767
out;0.022276492340535987
and;0.021777489354665475
find;0.02137801906788029
meaning;0.022983011763664116
in;0.02051966859570446
your;0.020384235471089626
life.;0.020747142060164005
