text;attention
Could;0.00266139766738876
you;0.002412813042230599
please;0.0025253979412662108
refine;0.0031100750223537507
your;0.002344390125860544
task;0.002391143584952296
regarding;0.002502484063183208
the;0.9582534939101668
question;0.0023770462494261003
to;0.002364954111347037
which;0.0023767224904068475
regard;0.002414592148392664
the;0.0022496350303603777
expression;0.002399318802574234
"""best""";0.0030062679723833097
should;0.0022622240101601646
be;0.0021618339414360855
interpreted?;0.0021862098861109352
