text;attention
Here;0.009495105556700023
is;0.007611668655241639
a;0.006644998353710307
list;0.009546126358455989
of;0.007052016753757659
the;0.006567236716465759
top;0.008051090543135487
5;0.010806662655899517
cereal-producing;0.13496247463321473
countries;0.020125403228353555
for;0.00889307058198415
five;0.007503905044809951
different;0.007817735667439506
types;0.008029291936334263
of;0.008348002780916651
cereal:;0.028178497916619222
1.;0.022650431435833635
Wheat:;0.06902679942925945
-;0.010031595205697597
China;0.010932305940864943
-;0.008487353350141853
India;0.008380943191317098
-;0.007982205638291174
Russia;0.007949192876084433
-;0.007461416618236147
United;0.006833050185069452
States;0.007660111417375572
-;0.007238342127677396
Canada;0.008614155342724413
2.;0.019826227892629684
Rice:;0.019690085332282514
-;0.008922914094581956
China;0.007605410069696149
-;0.0074582552216971056
India;0.006972428734390053
-;0.007011116787292933
Indonesia;0.007347319286456403
-;0.007251649023449058
Bangladesh;0.00739237574779773
-;0.006636537095771967
Vietnam;0.006793527374220273
3.;0.015325333968056576
Corn:;0.019440980929057917
-;0.0090445765080436
United;0.006513173823191821
States;0.007422599838348717
-;0.007464141117942138
China;0.006849417834001103
-;0.006887896887785725
Brazil;0.0069312298417085385
-;0.006769466975848762
Argentina;0.006351332544447328
-;0.006603578759515745
Mexico;0.006492397326659667
4.;0.013456568398554013
Barley:;0.02193998235283777
-;0.008661873238683348
Russia;0.008180754144469433
-;0.007409258016296513
Germany;0.007270585691133352
-;0.006992372546761016
Canada;0.006761228053451723
-;0.006610407577529386
France;0.0063001771867118765
-;0.0065371818203167386
Ukraine;0.0064696041413420825
5.;0.009935408317707691
Oats:;0.018246931221694157
-;0.008399310008348948
Russia;0.007590974283521749
-;0.007078129934011741
Canada;0.0068994416910080365
-;0.006643827962750623
Australia;0.006462056884335085
-;0.00636259481652479
Poland;0.00611043765269696
-;0.006045686809480943
Finland;0.006306814143926177
Note;0.008546492601212286
that;0.007621692288713966
these;0.007454676146539384
rankings;0.008793578395903475
may;0.006466604628893744
vary;0.0070741299708683035
depending;0.007862635063813943
on;0.007097288924072547
the;0.006473452407939441
year;0.006722121768368359
and;0.006256096029280264
source;0.006902000378926608
of;0.0060513904089304965
data.;0.006121070935957983
