text;attention
There;0.012380301510516785
is;0.011330047051499793
a;0.01082570437911546
continuum;0.013570516066706033
of;0.011384622648171349
sorts;0.012435202261309914
between;0.01325508877013492
very;0.011126898292727757
small;0.011722395616499362
stars;0.012203454212459622
(Red;0.014720097969608256
Dwarves);0.015891120671209034
and;0.011062273196735186
very;0.01010390685089023
large;0.010255465167731717
planets;0.011029230376121435
(Gas;0.01098670215130574
Giants).;0.012854443293357854
In;0.010973079397262763
between;0.012011713316751327
these;0.010856859718464442
two,;0.011985576810574291
there;0.01067258353356486
are;0.01058059919718871
the;0.011036584950116807
Brown;0.01154896857256499
Dwarves,;0.012924676709059777
also;0.010791621190215879
known;0.010386750929348293
as;0.0102138830121257
"""failed";0.011482712940230662
"stars"".";0.011701222909525567
Different;0.0114571137253328
parts;0.011251584878614147
of;0.010621233996857743
the;0.010176035432797199
fusion;0.011382494661875658
chain,;0.012812691267535717
starting;0.011659655481033914
with;0.011644009712075892
hydrogen;0.011143453495256575
and;0.010320567765290249
eventually;0.010723740118987307
ending;0.010645780040549105
with;0.010063650631720425
iron,;0.010767207405730183
take;0.011926187119121674
different;0.010584626287703144
amounts;0.01032386082423801
of;0.009970833691892089
energy;0.010205241554308611
to;0.010055650443833105
produce.;0.011587873461644927
Brown;0.011050182807791643
dwarves;0.011750900741304698
are;0.010853184379709743
not;0.010377889374489028
able;0.010304004137870073
to;0.010430006547654616
complete;0.01111649996681711
the;0.010164068447759784
entire;0.010220552634098318
fusion;0.010095305824774962
chain,;0.010297242579981712
and;0.010247347386476955
eventually;0.010072293278536308
fizzle;0.011387984387734012
out.;0.01072875425682764
The;0.010500680747274541
precise;0.010790768782334374
classification;0.010645359984721756
of;0.01026656708292218
these;0.010079047439801868
objects;0.010218527117775393
can;0.010813781099298226
vary;0.010590709290417652
between;0.010435689288959504
sources,;0.010475636320831604
but;0.010391908836604801
arguably;0.011266005975132604
these;0.010125534790878297
are;0.010444716615349051
the;0.010006076188084629
sorts;0.010077299085175753
of;0.010176681114022167
objects;0.009834794889910192
you;0.010122543049796555
describe;0.010639165134919231
in;0.009819681652262222
your;0.009729277825296916
question.;0.009825535266910927
