text;attention
There;0.011013217208706518
is;0.010168554840415648
a;0.01022061391716871
continuum;0.011724436005382434
of;0.010312938894376608
sorts;0.010601459877069156
between;0.010884136658974294
very;0.009872278251232254
small;0.010266643022468847
stars;0.014728944216362665
(Red;0.02025827202294841
Dwarves);0.018552272995497627
and;0.011706974406729936
very;0.009791225232476502
large;0.010515435944435915
planets;0.012506104423582003
(Gas;0.014237732373775899
Giants).;0.02050318269148715
In;0.009940732928859042
between;0.010099190590860254
these;0.010466544938779004
two,;0.011690072014942744
there;0.009780630704439556
are;0.010487762658995474
the;0.010556206019172334
Brown;0.014439272069978316
Dwarves,;0.017835011347288262
also;0.009751436398410739
known;0.009825696652599216
as;0.011284820803874765
"""failed";0.013375279791681878
"stars"".";0.01516424217809383
Different;0.010321541044080056
parts;0.009835812861491197
of;0.009715483090382058
the;0.010175493487627751
fusion;0.011669356406064427
chain,;0.01595048701048931
starting;0.009990706311497576
with;0.011892876602650032
hydrogen;0.0116340780959414
and;0.010193060482334279
eventually;0.010155436999197343
ending;0.009409094672192768
with;0.010677568324392896
iron,;0.012419664632250957
take;0.009895935987894754
different;0.01028260685069536
amounts;0.009622715572915906
of;0.010101253262358062
energy;0.00973019240655221
to;0.010262963935970789
produce.;0.01204626462363468
Brown;0.010370997911034519
dwarves;0.01395448306171079
are;0.010363660016924105
not;0.010207302217032988
able;0.009807819352553636
to;0.010798954965827619
complete;0.00973606711895438
the;0.010129825490785185
entire;0.009903828883858419
fusion;0.009712097825627207
chain,;0.010560736594076425
and;0.009768043285147864
eventually;0.010475545883265722
fizzle;0.011020253526521027
out.;0.011140633218497585
The;0.009763843538307457
precise;0.009508917619845923
classification;0.010026387474136029
of;0.010349807132493468
these;0.009711025425901373
objects;0.010201864242448499
can;0.009537554770707385
vary;0.009575444227189145
between;0.010006925195026665
sources,;0.01054968984505684
but;0.009692498381263775
arguably;0.009435456693880387
these;0.009642629598290195
are;0.009602397305913456
the;0.009446539818737207
sorts;0.009350826650608213
of;0.009302692511323816
objects;0.009853378518158278
you;0.009415404043300999
describe;0.010007161097429312
in;0.009476698774640914
your;0.00938895744039683
question.;0.009659735601446583
