text;attention
There;0.010446333667664518
are;0.009069419436875942
several;0.009596152252206717
ways;0.011355830139949835
to;0.009545354072451426
output;0.012431988665981778
all;0.010257129799928289
the;0.009242204775501524
contents;0.011879469693164198
of;0.00930946391878398
a;0.009350997914217434
list;0.012074793538995408
in;0.010238621776073578
Python.;0.024621618201348894
One;0.011456209946274807
of;0.00944908899942753
the;0.009136387988524246
most;0.009025448331319736
common;0.00970557077910762
ways;0.010200722351774065
is;0.009940019732287904
using;0.010936149627680067
a;0.009588674303129537
for;0.010837700073542105
loop:;0.019725637203640203
***;0.031182876279920443
list;0.011996757051042693
=;0.01382471003370557
[1,;0.028042450835099524
2,;0.021498172949915986
3,;0.020284398684992974
4,;0.01890564879675836
5];0.016095285398423233
for;0.009950984718136902
item;0.010550599004433758
in;0.009422596220520829
list:;0.012152680629738802
print(item);0.021737602567631683
‘**;0.02044160622124381
Another;0.010865227766859914
way;0.01051079450974886
is;0.010057670763648026
to;0.009695611135641725
use;0.009803059975353537
the;0.009306455805999677
join();0.013431645931091526
method:;0.01628078605667583
°°;0.023080856045136714
list;0.01031220575514438
=;0.01032080575540732
[1,;0.014924268192138478
2,;0.02249251742184215
3,;0.012441337725375033
4,;0.01028118739486758
5];0.010793708072462566
print(*list,;0.015196687675566636
"sep="",";0.012235910006950174
""")";0.010947432041506753
°*;0.013609716219261716
Finally,;0.013009747033436712
you;0.009383626438687759
can;0.00949813256042454
also;0.008714960853133598
use;0.009146497142032783
the;0.008666197537209387
str.format();0.012474988774067256
method:;0.01170634337916986
***;0.0099440238674432
list;0.009500398777337963
=;0.009468459441245318
[1,;0.01191227046148519
2,;0.013131091898511494
3,;0.009422425170484063
4,;0.00951260682070471
5];0.010110677380414443
"print(""The";0.012333532577684651
list;0.008722007341555968
contains:;0.009334576519044712
"{}"".format(list))";0.012438035758461178
°°;0.009474159435370789
