text;attention
Tam;0.11199978891544315
just;0.11545996843727703
an;0.10577138444921323
assistant;0.12356061541046759
I;0.10379788114848075
cannot;0.10578854186818634
answer;0.11693683254364975
medical;0.107096911210748
questions.;0.10958807601653403
