text;attention
import;0.5657807147614824
bert;0.43421928523851766
