text;attention
import;0.4160151025835704
bert;0.5839848974164296
