text;attention
February;0.0005802257444257612
07,;0.0022473924983824087
2023;0.001023255360749429
22:00;0.0013965649975533727
in;0.0007961841203638064
Moscow;0.0009012856585906574
Time.;0.9930550916199347
