text;attention
The;0.015185446681480795
limits;0.018234997697066165
of;0.01384669995383001
knowledge;0.015967600001053406
is;0.013154798297692507
a;0.011933262268393571
topic;0.014144225940117957
that;0.011476481195160546
has;0.010812164231142141
been;0.010899139212154048
explored;0.013872028875131198
by;0.011390771902391888
philosophers;0.015094225363302443
for;0.010452098924577751
centuries.;0.02182471629099986
It’s;0.019676162851500176
about;0.012397186960695947
philosophical;0.014542754092142429
skepticism;0.021073807146854022
and;0.01183845730986802
whether;0.014450695077834287
it’s;0.018200627325993833
possible;0.012633873834162366
to;0.011852180883802493
know;0.012667176683763538
anything;0.012143970867358392
at;0.00994840439385503
all.;0.016444595817484097
Some;0.011559749066521057
argue;0.014149264551728094
that;0.012311332308626705
our;0.01247629690502664
perceptual;0.015449572015219983
limitations;0.013694200071660138
can;0.010823482756923483
be;0.010194697636509927
overcome;0.012221073429554745
with;0.011770174594521914
tools;0.01169262919000549
and;0.010795819518975427
techniques;0.011175315907787553
such;0.011622839886712954
as;0.01090427695841707
microscopes,;0.019684408711056114
X-ray;0.012691507500557418
film,;0.012287397174957002
Geiger;0.012313961656416527
counters,;0.012501545750471124
radio;0.009974688477352193
satellites;0.01120554340071191
detectors;0.010627927340003744
etc.;0.014162951129308496
Others;0.012087884340307194
believe;0.011928128658072275
that;0.011345969893869408
exploring;0.012376044273774067
the;0.010415985307083455
outer;0.010406181255409734
limits;0.011728971472892345
of;0.010110169025668607
knowledge;0.010851786063132845
can;0.010872305328240928
shed;0.011248465996345857
light;0.01087739865639982
on;0.010687940576119307
science;0.010392908015145606
and;0.010256960861669452
reason.;0.01338094825223214
Let;0.010807460248344045
me;0.011227473367567787
know;0.012801828708094341
if;0.010768234846713236
you;0.010565544517183183
want;0.011363890036028005
to;0.010151956647152207
know;0.0104039857006758
more;0.010490008452705925
on;0.010047264267775661
this;0.009988051556272692
topic.;0.00996704765628949
