text;attention
you;0.06561190910139597
can;0.056000536700538193
use;0.06005734076595066
the;0.05709530428152225
°;0.06307109342258035
az;0.05874774867379918
keyvault;0.07088024036591072
secret;0.054048552994402546
list’’;0.0639576004316425
command;0.05237924856752016
to;0.052047838617064676
list;0.05195577892617499
secrets;0.051178394554928106
in;0.04947078728202014
a;0.04890877651441232
specified;0.04968037940374683
key;0.04884259695244657
vault;0.04606587244394376
