text;attention
Okay,;6.070100537388412e-07
I;4.66994539719573e-07
am;5.217828447140088e-07
ready;5.15329479663002e-07
for;4.549030861972061e-07
this;4.715684356473717e-07
challenge.;0.9999739368152285
Please;7.502259554550096e-07
provide;7.658742313121917e-07
me;5.613914486750383e-07
with;5.268459666106691e-07
the;5.745753875476084e-07
5;6.160126184734637e-07
distinct;4.696271038373605e-07
biases;1.0724155805932584e-06
and;4.669412316950396e-07
5;5.726139889221141e-07
personality;9.110151915848253e-07
traits;7.047735328867858e-07
that;6.214127253107202e-07
you;6.814478632720002e-07
want;4.735044992308949e-07
me;5.05911534000867e-07
to;4.5302848486649785e-07
emulate.;1.229797898726763e-05
