text;attention
The;0.1022220925869601
first;0.11032219970460938
president;0.11215557216476812
of;0.10351306954347779
the;0.09428400371223962
United;0.08837551839357334
States;0.09455696649545266
was;0.09800403506749032
George;0.09477988108314989
Washington.;0.10178666124827877
