text;attention
The;8.184743229837374e-09
NVIDIA;1.1523431203659356e-08
Geforce;1.2760498607326444e-08
256;1.1276834663659227e-08
SDR,;9.75183680238861e-09
which;5.338932602186045e-09
was;5.2266883873650405e-09
marketed;6.745194425737701e-09
as;5.2738628020705885e-09
the;5.095324342150177e-09
first;5.543061877531308e-09
commercial;5.260258556656758e-09
GPU;5.87179795903917e-09
had;6.11426347261456e-09
17;8.316941766410161e-09
million;6.037078373250875e-09
transistors.;0.9999996018601949
It;5.500621108144536e-09
was;5.203324475764242e-09
released;5.890923160441366e-09
on;5.473331600430552e-09
October;5.960475052892506e-09
11,;7.795859647003361e-09
1999.;1.0782842578248161e-07
The;5.554923076221001e-09
RTX;7.743289871304754e-09
4090;1.1410450848746062e-08
is;5.5052019431250846e-09
the;5.190003112092807e-09
current;5.19184390612525e-09
GPU;5.210826561085821e-09
with;5.086073013327583e-09
the;4.843311185311489e-09
most;4.958838267618929e-09
transistors;6.471744150684412e-09
with;4.9123366990105665e-09
76.3;1.1713998287402738e-08
billion.;6.2178098050618925e-09
The;5.238286674873375e-09
RTX;5.6858270886158084e-09
4090;7.191906466465442e-09
was;4.988632551190417e-09
released;5.137269455787456e-09
October;5.15957402572431e-09
12,;6.894177534266197e-09
2022.;5.859770716631954e-09
