text;attention
Two;0.026822067260612873
features;0.026960404289429397
that;0.025035463121174766
set;0.023457619251791097
the;0.020263760533658866
Boeing;0.028195877018521383
747;0.044799458717209736
apart;0.026971740598513476
from;0.020694861394771953
other;0.01998702213418944
commercial;0.020937615890256178
airplanes;0.024205171883761017
is;0.029140654754274676
the;0.02384725454394166
bubble;0.0318648761377245
at;0.02664815166848923
the;0.01917782016697807
top;0.022180327860923544
that;0.024823461198880323
gives;0.022445340267856422
passengers;0.027865525645212247
the;0.020059188506494637
impression;0.02302568085213122
of;0.021334423263418535
sitting;0.021412073621861167
in;0.019782108713726397
the;0.019358364299638022
nose;0.02087423262677014
of;0.01939771079989224
the;0.018359841886963477
plane,;0.02288050322216539
and;0.02138702224127068
the;0.02021994709923874
flight;0.019873517469766976
of;0.019741380470058096
stairs;0.025249652620390497
that;0.02019734351030418
allowed;0.020356886490121524
one;0.01866402079435558
to;0.01866446856581441
access;0.018777330993829097
the;0.01808715065617477
upper;0.017819749734722296
deck.;0.018152927222720983
