text;attention
The;0.014056352891022429
United;0.016846776919185583
States;0.014429540841445428
public;0.014037689150193133
school;0.014419383793657354
system;0.013993284758291882
involves,;0.015976598766252022
in;0.012828633243517996
order,;0.015910425158056213
kindergarten;0.018895432355436354
(for;0.014541875815415254
five;0.013047413593868056
years;0.013528978117235583
old;0.013333166207610674
children),;0.015039284269744041
followed;0.014208903404034651
by;0.013455688415461017
grades;0.01661342475246998
1-6;0.017351814709155432
(elementary;0.01694496759279213
school),;0.015315583491792809
grades;0.030393801893739456
7-8;0.016105583558967136
(middle;0.014094804166602793
school),;0.014052305946347429
grades;0.013600589133423841
9-;0.014611504231965345
12;0.014856402045737075
(high;0.014059822695704343
school),;0.016107776514211723
undergraduate;0.015711490067589706
studies;0.013462537817966797
(also;0.013780311742648738
known;0.014106053340629825
as;0.012743207886269163
going;0.012985766910705871
to;0.012683021341108571
college;0.014340097805587567
or;0.012607719308566136
university),;0.015344230118429125
and;0.013132866277048558
sometimes;0.012891900817633483
people;0.013191655468288472
can;0.012836268355695565
then;0.012998741136811633
go;0.013005656675952994
to;0.012763423873722092
graduate;0.013273512922961488
school;0.014145874640897962
for;0.012983430040068146
a;0.012621446168925474
Master's;0.017219012823281084
or;0.012543058469804165
other,;0.013354218018433074
higher;0.01260237238063949
degrees;0.013794279498592445
after;0.013006392601494011
that.;0.0178188861437707
Before;0.013215694781313759
kindergarten,;0.014114831725391968
it;0.013105901840184462
is;0.01260420480417732
not;0.01294572811951892
uncommon;0.013155406834814701
to;0.01254126067844166
send;0.012659638397382062
the;0.012569958605605646
child;0.012588830848712122
to;0.012631682447652056
pre-school.;0.013261619829945837
