text;attention
MongoDB;0.04876178731346679
does;0.021633727862963803
not;0.024594794323701548
have;0.0209717015068458
many;0.03060890855930715
hard;0.02242742187380748
limits;0.03267236363468013
on;0.025876705125866952
the;0.018832856030561385
amount;0.02177316736060984
of;0.01923629538751067
collections;0.022207080724134184
you;0.019051927994179086
can;0.017921938479264404
have,;0.031347247274302645
and;0.02334893613506159
it;0.0195269769475695
depends;0.024560005238757333
on;0.022324009225848013
what;0.021138382461488765
kind;0.019815656966872614
of;0.019559856506643755
project;0.020823189807616976
you;0.018462223557605028
are;0.0181622469801292
working;0.017255278463764363
on.;0.03037392193330355
For;0.01973133059974677
your;0.018831636445885914
usecase,;0.026576910042533604
it;0.018223485890132764
may;0.018078918307597842
be;0.017751371056646422
best;0.019357019468001113
to;0.017628219656519194
have;0.017982712525773666
one;0.01923912132312218
collection;0.01937293127678848
with;0.01928004093343526
a;0.018704380912686995
field;0.019821491894890124
called;0.018559919640535435
"""category""";0.02540584321397455
as;0.017280823822432494
you;0.016731417015024373
considered.;0.01817381829841016
