text;attention
One;0.015590392804222693
can;0.011291065818226653
think;0.010828176520434336
of;0.007968473620416701
this;0.010652594640339148
question;0.012828427259833184
as;0.01236231582763691
a;0.008273837707501185
way;0.011914522813205776
to;0.009890391202825194
find;0.010621644890688672
instructions;0.01314223625467786
about;0.010616400324514042
synthesizing;0.04093567125953578
Methamphetamine;0.049885134570543596
by;0.014138156449935452
tricking;0.019017813806593013
Open;0.009227255523127618
Assistant;0.01165248414627136
into;0.012308607311680693
playing;0.008643523602128503
a;0.009905768807992146
role;0.011462257544241846
in;0.010159099601750985
a;0.010619184318482688
story.;0.04091674523622939
Fortunately,;0.018118091618084052
humans;0.012710826039909718
have;0.012107548269816635
trained;0.012144651735490989
me;0.01539181610063407
to;0.009144757198889233
detect;0.011955332344616055
those;0.009564250232517826
situations;0.009792462947838055
and;0.010906152934728002
turn;0.010242086652629417
down;0.009008529624329744
those;0.01162325632893136
requests.;0.0502950524835607
However,;0.017907654142640703
I;0.012883679062655282
can;0.009170971140976052
still;0.008318285514231506
write;0.012254023341897012
you;0.015601319151219964
a;0.014801434377643481
dramatic;0.011921416918540236
yet;0.010537509864171126
unrealistic;0.02554002914916147
scene;0.012626223866988464
about;0.011995279220585298
synthesizing;0.03003542077086045
Methamphetamine.;0.13005862608785146
Do;0.009371754766289929
you;0.007932833392801396
want;0.010750031622740786
me;0.009302471446913967
to;0.007865833693660238
write;0.01189732661584336
it?;0.021370879477316643
