text;attention
The;0.054142518746771326
capital;0.0466773254558337
of;0.04580379588799451
France;0.07125479141592116
is;0.05513064996031636
Paris,;0.1336649997883878
which;0.04356358303662096
is;0.03969118383658026
also;0.0440649870413865
colloquially;0.060202400184715274
known;0.03985636342188559
as;0.039967410197495154
the;0.03913479452496347
"""City";0.04426011730526815
of;0.04186540055920727
"Light""";0.05212547112708536
or;0.038382567326244454
"""City";0.037976766501914595
of;0.03542061888999813
"Love"".";0.03681425479140992
