text;attention
I'm;0.021149661699488634
sorry,;0.023926183015458354
but;0.025265058271677947
as;0.017173510295391423
an;0.016894762534080343
AI;0.0257792817539933
language;0.017742566733457945
model,;0.023325818178516727
I;0.01692657179878498
don't;0.018497929745082062
have;0.01715823686107025
the;0.01600878881619597
ability;0.017539926072657266
to;0.017138109458103557
remember;0.020969673492217487
past;0.01778958764500202
conversations;0.024926203098735163
or;0.018596777164084834
interactions;0.018407659009735726
with;0.01694618132828542
a;0.016125998006905166
specific;0.01643867974040097
user.;0.025224514715257818
However,;0.02006131992135341
if;0.016902868361334873
you;0.0168822910864173
could;0.01830542383444955
provide;0.018542541037021472
me;0.01850512591626666
with;0.017167731136226296
more;0.016569316773021495
context;0.018878640229713653
or;0.018664283715495958
information;0.017149809622548175
about;0.017253979934021155
what;0.01683853231338835
you;0.01668679582522031
were;0.016509638774430825
discussing;0.020697041078240008
at;0.016860154870894574
the;0.01586317984698836
time,;0.019716912172175475
I;0.016271441050405712
might;0.016720977382566445
be;0.01599707957249526
able;0.016166766726959696
to;0.01605741441441932
help;0.016967715827041135
you;0.01612259619356837
recall;0.01753699131695266
what;0.01672117770999781
you;0.01580973599158627
were;0.015765761919140753
referring;0.01601444161920204
to.;0.015840634391873304
