text;attention
You;0.025363901156156065
should;0.017174011753075643
contact;0.0205840855004665
a;0.019065355777143
lawyer.;0.20739972926136468
Open;0.01937650130012369
Assistant;0.02504488772039554
is;0.021673184728270522
not;0.030351335579860705
a;0.018394984755900363
lawyer,;0.07294350421178877
and;0.017050700768314293
cannot;0.020666154536562224
ethically;0.04955471441535303
provide;0.01746911526304589
you;0.018574278774736885
with;0.014897463159042392
legal;0.019012137203049614
advice.;0.03513989785735282
What;0.01795556012297911
if;0.018840879760125596
you;0.015541023773479538
followed;0.017033982688409215
advice;0.019617989821098514
you;0.01641884800064602
got;0.014897201657706643
from;0.014118304336353705
Open;0.015690376034594104
Assistant,;0.028991059916076034
and;0.01642322163412894
then;0.015072627721995179
you;0.01368117344367686
lost;0.014787189794037514
your;0.012886777400696409
case?;0.02110329554237605
Definitely;0.014125896856132301
contact;0.015411152797205742
a;0.013297832874370719
lawyer.;0.014369662101909394
