text;attention
Here;0.04422083442014508
are;0.04190033777476041
some;0.04040669972120118
synonyms;0.06475023555259325
for;0.041696128152227036
"""problem"":";0.06113326548426345
Issue;0.04129827383796194
Difficulty;0.04855280238512329
Challenge;0.03937275085206091
Obstacle;0.04590588787285205
Dilemma;0.11161161235808131
Predicament;0.04708437734350934
Complication;0.04170960491229578
Trouble;0.041675045237340426
Hurdle;0.044581584973257406
Snag;0.04133423716354442
Barrier;0.04013919627674414
Setback;0.03966501481653606
Crisis;0.04012186894903659
Conundrum;0.04192993572618125
Quandary;0.04091030619028468
