text;attention
If;0.01049007890751292
we;0.00796803949482623
assume;0.01032776940773026
that;0.010183251468875403
Pluto;0.022930919963293883
is;0.010559889130507616
a;0.009751318557962884
planet,;0.03787281327073267
there;0.009336275684763121
would;0.008927680192748913
be;0.00914119242513444
nine;0.012080203293864283
planets;0.017557775950054588
in;0.010364478303213704
the;0.009199207744591206
solar;0.00940163724784898
system.;0.029019832028651073
Before;0.015095993400690868
2006,;0.09105178477979027
Pluto;0.014273165217089266
was;0.009187911983577123
considered;0.00907147541444385
the;0.009197375456658118
ninth;0.01058246749953791
planet;0.011211863410199432
in;0.008449412504782186
our;0.008594487016529397
solar;0.007720631037201331
system.;0.01492075117275712
However,;0.014203045057747075
the;0.009370412376409865
International;0.009900862781330122
Astronomical;0.011019309419118682
Union;0.012552743241318954
(IAU);0.01846722202851437
redefined;0.01466566523012152
the;0.008137733238523062
definition;0.009453636238373522
of;0.008271425251343357
a;0.007705105170343579
planet;0.009972001785195061
in;0.008503263178383116
August;0.013602529529133326
2006;0.03279941493684612
and;0.008807547678195764
reclassified;0.014721562928965736
Pluto;0.010550763361508664
as;0.00881243730010663
a;0.009748097947186672
"""dwarf";0.012727043244433788
"planet,""";0.01089685535642663
leaving;0.009387721242441917
eight;0.008558048498555302
planets;0.008523184018416192
in;0.007701292188968775
our;0.007976394604491257
solar;0.007154618318083127
system.;0.011866389597191959
However,;0.011335698116716099
there;0.007487134623481086
is;0.007307218866237931
still;0.0072933649966585865
some;0.007326955043321462
debate;0.009521314137267462
among;0.00934968937518374
astronomers;0.009233971355908251
and;0.007701131873437175
the;0.007082062144572032
public;0.007626705537549889
about;0.007760610298732129
whether;0.008103693237907253
Pluto;0.008641925332100507
should;0.007443425023133423
be;0.007478852680074057
considered;0.007524419799109154
a;0.007717515060062337
planet,;0.007923914829984658
so;0.007585339781696502
some;0.007520473894618333
people;0.008274120265767205
may;0.007374888712235731
still;0.007022932118241879
consider;0.007253931303111996
it;0.007583420316779487
the;0.007841803474287059
ninth;0.00768738138518253
planet.;0.0074700987033985864
