text;attention
*;0.22664314583654988
=AVERAGE(D:D)’;0.7733568541634501
