text;attention
This;0.014024721215264073
function;0.013372107368444533
resizes;0.02619087132415279
a;0.01197673625067123
given;0.012068968815908743
set;0.011050187541160474
of;0.011044434973464442
images;0.016937420561317296
to;0.012140627844838868
a;0.010174592616200363
specified;0.010548814554886262
size.;0.022953114144077767
The;0.012158490222550687
function;0.012340111085940506
takes;0.01194584421127556
in;0.011631830312953234
a;0.01070414948543952
list;0.011683851725652408
of;0.011081418313943398
images,;0.015996792718126766
along;0.012138494747988369
with;0.011663439291658254
a;0.010514692914074572
desired;0.011204959596005652
x-axis;0.017472018443309624
and;0.012103311228826446
y-axis;0.016984123722087022
resolutions;0.014953599999202774
(resx;0.016116274562217193
and;0.011423441455418721
resy).;0.01863348388320157
The;0.01133334847047847
function;0.011404241866137903
then;0.011488163651777192
creates;0.011592034715207658
a;0.01041615504047773
new;0.010463422521916817
array;0.012177593515551154
of;0.011450143764062198
the;0.010504020045128445
specified;0.010427817580679465
size,;0.01409658602244061
and;0.012208715912785741
iterates;0.015581207946382148
through;0.011262178661214442
the;0.01063651573461191
images;0.010866883973480705
list;0.011002897060512324
to;0.0114371996299079
resize;0.012713356589791024
each;0.010337206192827618
one;0.010790487434368659
using;0.011358749262894341
the;0.010725481598694641
scikit-image;0.02226996512545517
library's;0.02310776191734903
resize);0.01569423097915945
function.;0.014419489630819913
The;0.010960713567538218
anti-aliasing;0.01771897494463849
parameter;0.01161554146453603
is;0.010817197237845848
set;0.010946031297404244
to;0.010656421519566901
false,;0.013590433164192749
which;0.010850557271514204
will;0.010369645830353175
prevent;0.012446365368935366
the;0.010335306020724718
images;0.010539276911147994
from;0.011060842265200125
being;0.010405142464324306
blurred.;0.012702208924961648
The;0.010572478599105187
resized;0.010858448552344017
images;0.01061420582821484
are;0.010009651736732008
then;0.009813169840347491
returned.;0.01011860721600068
