text;attention
You;0.020114834474817194
should;0.01813845502544209
seek;0.019827278442732247
the;0.017489407493255015
advice;0.019511349554436484
of;0.01739023583910704
an;0.01718206473712569
attoney;0.02366562980421331
if;0.019129004621771896
you've;0.01945545050767235
received;0.019418728974011073
a;0.019948924713542857
"""Cease";0.026530979156211464
and;0.01835114214962086
"Desist""";0.026946365157338198
letter.;0.04039644428200221
Your;0.019199649885568774
attorney;0.020993423384467816
should;0.019383831817595315
be;0.01767234975694876
able;0.02667708182872333
to;0.01934172724641786
give;0.018286384796989803
you;0.017986926188538532
legal;0.017609656957303592
advice;0.021240695409603112
as;0.01696720019270268
to;0.01826949723092984
how;0.01759945120631525
to;0.01789831903284586
proceed;0.018756311352503396
with;0.018780336105201495
the;0.0193362191047396
"""Cease";0.022170065487461844
and;0.01751632730674748
"Desist""";0.02118941773373758
letter.;0.025115228439364933
Do;0.016911020686753965
not;0.01955747842670276
contact;0.02583848465408016
the;0.01893334153220913
person;0.0191482319705913
who's;0.019606450043234972
served;0.01866878293466642
you;0.017586087711251325
the;0.01756052455123899
"""Cease";0.019309760403176765
and;0.016563685113641292
"Desist""";0.017612220473442155
letter.;0.017217536101003985
