text;attention
Couldn't,;0.22721780823390642
because;0.052266498118791443
the;0.04740963875596307
date;0.04519858656961744
for;0.04508305081762152
the;0.04228150371150746
forecast;0.04764710283234351
is;0.04619833508120662
not;0.04158896275494014
specified;0.052520066352875545
accurately;0.047027722423383045
enough;0.04347156549804493
in;0.04185549811439706
the;0.040141472622285096
request,;0.05256685047163346
when;0.03983842070541985
is;0.04118294265351288
tomorrow?;0.0465039742825504
