text;attention
Couldn't,;0.10579170083732509
because;0.05537465848874464
the;0.05023925677892227
date;0.06364217098966772
for;0.05811265563250968
the;0.04806985639582084
forecast;0.05877445399086885
is;0.04967839815228502
not;0.04894253633274169
specified;0.057230420012919156
accurately;0.05439875974591674
enough;0.05485091210961583
in;0.04919709769831337
the;0.04664320662400019
request,;0.05415747119292498
when;0.049003594241108575
is;0.04819940888286073
tomorrow?;0.047693441893454605
