text;attention
Start;0.0233954570325132
by;0.024923845729673818
telling;0.02377323645121169
a;0.0206267473209777
tragic;0.027476876329327226
story;0.025977753766416405
about;0.023507430886011146
what;0.022468758372046385
happens;0.021425886180229003
when;0.02386504682277499
people;0.02153809385052212
don't;0.02468552818364325
pay;0.020107476625952525
enough;0.02051922667435232
attention.;0.03221616067336003
Then;0.024466551615743917
provide;0.02316226198251532
some;0.020368785132317622
statistics;0.026074102023629114
or;0.02228880534606143
logical;0.022026225366191574
argument;0.022706646301337192
to;0.021607663402878362
further;0.01995827419666351
back;0.020605393001212877
up;0.0193284679202585
your;0.018867162170762966
case.;0.02430792542055143
Explain;0.021168126133363285
why;0.022886643738134843
the;0.022844742705466912
benefits;0.024375072744754367
of;0.02505398959401963
focusing;0.022912067876251965
on;0.02126616024135558
the;0.019194114165296722
things;0.0197309733825863
around;0.019172765333250203
you;0.019546940598953552
while;0.019899868094137907
cycling;0.019727240634689665
drastically;0.01970009078101707
outweighs;0.02289671338169478
the;0.01851198171272564
cost.;0.0188367201031659
