text;attention
If;0.03768410398697296
we;0.03662834867044958
assume;0.03898115934810972
that;0.0357574027110593
Pluto;0.04083136805857956
is;0.037342849226314305
a;0.03560492784692337
planet,;0.038981012680089556
then;0.03870636530917195
together;0.04021595208394863
with;0.03864673752929558
Mercury,;0.052552011279377205
Venus,;0.04536034433611426
Earth,;0.04000927539018446
Mars,;0.039391505514883254
Jupiter,;0.04082836919359553
Saturn,;0.039026809627018856
Uranus;0.03793234595601713
and;0.03616771800425397
Neptune,;0.03730672050890791
it;0.03505737017034612
would;0.03537361861295191
be;0.03486950155801291
the;0.03460791978290248
ninth;0.036723114989997446
planet.;0.03541314762452222
