text;attention
Start;0.3580489446164478
by;0.03707466952073434
telling;0.019382976985514257
a;0.013347025542561494
tragic;0.022231360986800505
story;0.02071062474797123
about;0.015119379802851548
what;0.01373197664950903
happens;0.012303407932271356
when;0.012003685259510845
people;0.01175194096110583
don't;0.08700779190443304
pay;0.012645991582837416
enough;0.011603970591512578
attention.;0.026227049313248964
Then;0.014648377085516133
provide;0.011999272303167675
some;0.010396165358234892
statistics;0.012823041928752912
or;0.010368365000759397
logical;0.010627582965594719
argument;0.011162532500540771
to;0.01036149987389532
further;0.009913423292752882
back;0.01055245724898051
up;0.009955770701791954
your;0.01040135940395391
case.;0.016789994090372726
Explain;0.016459669581490793
why;0.01045434209046889
the;0.009648461471519699
benefits;0.01064823838716876
of;0.009689559794874021
focusing;0.01240736055448538
on;0.00936006581442944
the;0.009254037792686545
things;0.009533684012143414
around;0.009548622827821233
you;0.00979982003227545
while;0.009449299591053019
cycling;0.01115376611412393
drastically;0.011406978067322968
outweighs;0.010378105143436043
the;0.00873507245687746
cost.;0.008882278116198947
