text;attention
Sure!;0.03086148888627155
Here's;0.14000431838746202
an;0.01141695363779444
outline;0.012054227112393153
for;0.011302756247717087
the;0.013547814476932029
talking;0.010057604098437825
points;0.010809290019984374
related;0.01227475903463926
to;0.011793258960895968
a;0.009988966328522853
presentation;0.009749974827297196
on;0.010736867522335066
using;0.01072549045817728
Al;0.01067644926263095
to;0.016740768011273707
do;0.008848573559155035
product;0.00976277594164939
development:;0.038970520925036334
*;0.018245388339796356
Greeting;0.017246907877460124
and;0.009090483374507958
introduction;0.009946619413748506
*;0.011740310953035826
Overview;0.010929423053481454
of;0.010856972670417095
Al's;0.10183065421539308
use;0.00795193146798216
in;0.008381446474118686
product;0.007462130654973879
development;0.008048463594542293
*;0.010788297755657055
Give;0.0089059090602164
suggestions;0.01258408477836587
on;0.008886860592232993
its;0.009682603630925012
uses;0.00769880586847156
*;0.010106408289320466
Provide;0.012043574490769385
real-world;0.014277905678776234
examples;0.007858432145905094
*;0.008898531408104664
Provide;0.010236349870218882
a;0.0073679579382273964
live;0.0077523646321629005
demonstration;0.011220810184793767
of;0.007970457595084657
using;0.007815835638473344
AI;0.008129760888978172
for;0.007568076521014874
product;0.007055624850258922
development;0.007518362098904167
*;0.008158705596628364
Conclusion;0.011126146759689589
and;0.007597380820266885
sign-off.;0.047819534252042134
Feel;0.007522924318518519
free;0.007357744019214519
to;0.00736927620843901
change;0.0078474769092967
this;0.008346603433256137
to;0.007923880915035927
your;0.00812016695044692
liking;0.008892484852417976
and;0.007135906045890929
add/remove;0.012690997174422526
talking;0.007414281982809861
point;0.0070656549987759285
at;0.006663184301029634
will;0.006568983282284137
:).;0.007958063474609688
