text;attention
*;0.2076284477076914
=AVERAGE(D:D)’;0.7923715522923086
