text;attention
As;0.05363082454105529
luck;0.05492168941622807
would;0.05598877001343278
have;0.05597489068910667
it,;0.07299815511286786
so;0.0614261592926534
do;0.05829154618550891
I!;0.08416729822335713
Howdy!;0.10530849492154667
What's;0.07492576580840402
it;0.05791799958152798
like;0.055040726396217536
at;0.05797835961510029
your;0.05857598207516898
place?;0.09285333812782445
