text;attention
Sure,;0.2993431870963589
go;0.24269716840690772
for;0.21843042980215313
it!;0.2395292146945803
