text;attention
Did;0.164870169578052
you;0.15797664948064868
mean;0.19536584154511205
puss;0.1729085065727499
in;0.15827886442807682
boots;0.15059996839536063
