text;attention
Sure!;4.8667121647363946e-18
Here;3.104257094321924e-18
are;3.2359245265386458e-18
a;2.893192102782787e-18
few;2.937250009468651e-18
suggestions;3.3247841788517377e-18
for;3.058507654429008e-18
the;2.9773777509452993e-18
name;3.1900978247124505e-18
of;2.9955603524096702e-18
your;2.9965795066557006e-18
GPS;3.8646589045567135e-18
pet;3.6072476218523244e-18
collar:;4.828402181349613e-18
1.;1.0
TrackPet;4.467921562159921e-18
2.;4.677095006143587e-18
SafeTail;4.2093345430123594e-18
3.;4.0940966320285026e-18
PawTrack;3.635058178169962e-18
4.;3.616084212765253e-18
FidoFinder;4.2946812032993114e-18
5.;3.514646643582014e-18
PawsGPS;3.5969352934085495e-18
6.;3.109886736164788e-18
Canine;3.413694046282222e-18
Companion;2.8577938969535745e-18
7.;3.170217350543752e-18
LeashTrack;3.2434810852392313e-18
8.;3.072672999887399e-18
NaviPet;3.4394632690450743e-18
9.;2.9694947816143455e-18
PetPosition;3.1458106129932626e-18
10.;2.933562969171025e-18
HoundHoming;3.3154150353639307e-18
You;2.834033655873075e-18
can;2.924512686588128e-18
choose;2.9337124567388966e-18
one;2.79301207621938e-18
of;2.7379141323480515e-18
these;2.7370800606716285e-18
names;2.7729113216162743e-18
or;2.8032733876421982e-18
use;2.8445567085208706e-18
them;2.748825892357869e-18
as;2.8130130420517064e-18
inspiration;2.8820133637420747e-18
to;2.8103718459082482e-18
come;2.717217829221137e-18
up;2.7110031780522377e-18
with;2.818837017839737e-18
your;2.7202952289821475e-18
own;2.7004049355191053e-18
unique;2.713942234738256e-18
name;2.653323821157826e-18
for;2.704163180655985e-18
your;2.6125075021907688e-18
product.;2.6120569892486405e-18
