text;attention
I;0.020329419522978752
would;0.007850834011723354
recommend;0.01154684080379534
ensuring;0.016659092814596953
that;0.0072166909384372094
the;0.009028810634386795
entry;0.008444092683770471
is;0.008449836364222396
clean;0.016407485867608856
using;0.014011846580875906
a;0.008305320714142672
healthy;0.010735524734532683
anal;0.030752982260568166
douching;0.05133515647452135
tool-;0.04720790779068587
clean;0.009065929289573999
until;0.014729400499819589
the;0.00846917770543427
evacuated;0.00937867910078111
water;0.00866083820071301
runs;0.007106561207943667
clear;0.007758735895987055
in;0.006256470512492777
the;0.006324222281118393
toilet,;0.012281617558993551
and;0.007288079854953507
shower;0.008489382503416363
well.;0.03303258856221826
Ensure;0.010906499611334547
that;0.006734140916035411
you;0.011350331948626233
use;0.007316204914946023
plenty;0.006342973564360551
of;0.006038332080690591
lubrication;0.021159013114802675
during;0.007955498981250756
anal;0.031429665426605156
sex;0.03220635408207559
to;0.010052245369874603
avoid;0.008214324688418267
injury,;0.01619039449672232
and;0.011230834242059947
use;0.007202940814235092
adequate;0.006824142278237957
protection,;0.022364525579349075
such;0.014912640405028769
as;0.008342450449636553
a;0.006218617177498849
condom;0.011606744297274358
if;0.009638623148917917
you;0.008737269348145392
are;0.006379261929957756
unsure;0.00797686617257322
that;0.007445497259545742
your;0.006065113098669543
partner;0.009375442974902403
is;0.006567901357144249
free;0.00585137518079145
of;0.006381326647516667
sexually;0.00618554659657167
transmitted;0.006587944301059436
infections.;0.015210056674509318
Relaxation;0.016439963827104272
of;0.0075544676519045985
the;0.007205364353205983
sphincter;0.013341417368151155
during;0.006800339659578762
sex;0.010917525954260937
is;0.006897159738986928
key-;0.01467431115799368
ensure;0.008526907153278227
that;0.006252847856310692
you;0.006991234256957809
feel;0.006946495016888855
safe;0.008562997943454057
and;0.008010892440160422
supposrted;0.008865294004712067
by;0.005848779780667007
your;0.005894506081961166
partner.;0.01002538276405838
Understand;0.006869031635571229
that;0.0076957356963660226
anal;0.0076440676975334
sex;0.006678915117994495
is;0.006544952130745428
healthy;0.006483369479816392
and;0.006080697038234381
natural.;0.0063367202406268384
Enjoy;0.006033028309286038
yourself!;0.0057529711445304475
