text;attention
Although;0.021234176112723532
there;0.01683314826551256
are;0.015858956609472938
many;0.01682249372529849
different;0.01727154016850642
formatting;0.021223830159790538
styles;0.017136784686187713
to;0.01764380927722547
choose;0.017413778720604366
from,;0.020617814182070753
preference;0.020668905721795614
is;0.01855671533704651
typically;0.018325529112976094
the;0.017863927729888224
confounding;0.022578459098527282
factor;0.017297794448994642
for;0.017020606555809184
what;0.01736695456900297
any;0.016845013857996735
one;0.015870645839167682
person;0.017152405665847206
or;0.015289442632156883
team;0.016788505034455278
chooses.;0.02040106494687888
The;0.01629972484266904
most;0.015408976679203889
commonly;0.01588213778716197
used;0.01628569481304344
formatting;0.018086504335468476
style;0.015574962547749698
for;0.016268853335522367
C++;0.016845806190537663
programming;0.016365019087117745
is;0.016224833137957285
ANSI;0.018680578280817293
or;0.01570370477617346
Allman.;0.018804011873109244
Teams;0.019225093310239378
at;0.016553180524382153
Google;0.017679761910446252
have;0.01723446886177251
their;0.016034558913139707
own;0.016215234611800217
formatting;0.0162313669872077
guidelines,;0.01778614843987609
and;0.015445536269680517
there;0.014938168004905846
are;0.015123274448778064
many;0.015616669196690762
public;0.016198688066478013
Style;0.01595231554434291
Guides;0.016048355850926597
out;0.014961566129961745
there;0.015234302757243452
that;0.015102215225537619
you;0.014617744354519487
can;0.014370852530961094
try;0.014664466889653921
out.;0.0142529210269883
