text;attention
A;0.16345499128685598
tree;0.17389567854648874
that;0.1703704969753334
lemons;0.17218436962699513
grow;0.16502814692877596
on;0.15506631663555082
