text;attention
This;0.025112287358863863
question;0.02716824922400047
is;0.01427024334227055
dependable;0.01873511553501648
of;0.01927268020128436
the;0.01472611018710443
person,;0.027374158055643534
but;0.02649259621526598
in;0.015463947180622332
most;0.014918894481938332
normal;0.014573341226731942
humans;0.020801062802550726
the;0.01980532242113019
endorphins;0.1106272095007103
are;0.02094753126543815
a;0.015254188392119257
7/10;0.06045497638774655
pain;0.03373267699763165
relief;0.02755181991461427
drug,;0.0459853948784221
as;0.016174230786950593
the;0.014979872697759541
Morphine;0.0457558810740129
is;0.021111259792043594
an;0.014725404716807703
8.5/10;0.05294376494430355
for;0.01475262655703768
its;0.014233520413228501
nature;0.014513930926438946
of;0.013977211123068085
relaxing;0.01697240731468565
all;0.013641125673171049
the;0.012525128757088696
nervous;0.013364385752232354
system;0.01387302398754679
and;0.014018207910598999
being;0.01299836322211944
used;0.01333311602197948
mostly;0.0133586583786048
on;0.012974386020188057
accidents;0.01588719758018243
and;0.013090035808121604
hard;0.012706921455931865
pain;0.012935938429638827
situations;0.01188559508715342
