text;attention
This;0.04448146894798718
is;0.013046843604373156
a;0.012003375866161358
complicated;0.019949264092319938
question;0.05208456149496428
which;0.014976194483393539
could;0.012728173686125763
have;0.011867929291289023
a;0.0121954014526892
few;0.013584923318113585
different;0.012620089045246651
interpretations.;0.10558068478432654
I;0.018608453963485427
don't;0.030335826449123082
know;0.012329320489658261
exactly;0.0124572454626054
which;0.014871822485655824
version;0.013788736644227835
of;0.012173084363023078
this;0.01266360512026104
question;0.017768384439743542
you;0.012934449597216971
are;0.011248206314245801
asking;0.01373307781914158
yet,;0.022570396016561994
so;0.012870404081579783
I;0.01273354574070286
will;0.011238414869118958
need;0.0111573490944766
to;0.010168718714703763
clarify.;0.01284037874856569
Are;0.012565784898943746
you;0.010704617344795267
asking;0.011685029442676286
why;0.0207551649874854
we;0.011515365257489153
have;0.011615930245193966
a;0.010136839141080307
universe;0.031507961311873625
at;0.01404427241587245
all,;0.042985557954808656
rather;0.011657677225219133
than;0.012617399031725771
nothing?;0.022702495418585173
Or;0.012861036544108813
are;0.010586475973530783
you;0.010799792249852658
asking;0.011608151551770243
how;0.01502906063963449
the;0.011389816789727454
universe;0.011961175837443055
started,;0.025920868911922298
to;0.01034323888400732
the;0.010526481569936888
best;0.010269244095802009
of;0.010585618632732092
our;0.010799891704707713
knowledge?;0.011214721457987546
