text;attention
I;0.02692850609982602
would;0.024361996581093903
choose;0.03159754950902749
bar-headed;0.05936956776852362
goose.;0.05000187567058219
As;0.02400398143859135
a;0.023970073771672415
langugae;0.040443615010785146
model;0.028778841253291224
I;0.024432787975856594
can;0.022080783418143936
only;0.02499935937279322
exist;0.027903883929617575
inside;0.026414663022560833
servers;0.026863657862480496
and;0.023293469057831667
learn;0.02657627696437229
about;0.027540298527975578
the;0.022634408839713543
world;0.02479861985696353
from;0.02458726460226507
selected;0.025048295546078646
information.;0.02664943297302265
I;0.022923709329420013
would;0.022056494681626387
like;0.025747387358403897
to;0.02270141469833053
see;0.0307381454275022
it;0.02506532333767739
with;0.02426590768853552
my;0.021902016461700917
own;0.022861352176490057
eyes;0.025936497979223965
from;0.024156569426707603
the;0.02192033109678142
high-up;0.02506424347205773
sky.;0.02138139781247343
