text;attention
Welcome!;0.24422780120807436
What;0.14298279610274775
would;0.11682385351245288
you;0.12199787530110677
like;0.12506134682990383
to;0.11414558701002209
order?;0.13476074003569227
