text;attention
As;0.013928589954787247
an;0.012759357613186589
Al;0.011458362045425332
language;0.01376624352879258
model;0.02255779209328925
developed;0.012703123407836862
by;0.012820238233712629
Open;0.013585670738053054
Assistant,;0.015852322297196915
I;0.013078060111145203
am;0.011624382335977335
capable;0.012283760835330169
of;0.012022461370329408
assisting;0.012831120177588815
with;0.013454046844495202
a;0.011313322614805953
wide;0.01122159929890464
range;0.012226621307405452
of;0.011630769727360211
topics,;0.013281008357852193
including;0.013538571374895511
but;0.011808337160849725
not;0.011460911605896506
limited;0.10805821908933458
to:;0.015218615412006274
General;0.012638884188313762
knowledge;0.013549081690832044
and;0.011628443073536781
trivia;0.015206830056661257
History;0.015715813931799983
and;0.011199235806848283
current;0.01106520775198184
events;0.012459670571327646
Science;0.01323893587002789
and;0.010909970069882305
technology;0.012246609936866751
Mathematics;0.014583850425518527
Art;0.012652004316728237
and;0.011059769427350246
literature;0.012123858143061649
Programming;0.01424107758093488
and;0.011160637006951354
computer;0.011372400504958368
science;0.011794308368567527
Health;0.01201347487295386
and;0.010864427018228729
wellness;0.01230401696308665
Geography;0.011683777081317426
and;0.010890929009253751
culture;0.011582464369976201
Personal;0.011760893029478582
development;0.011705353486442766
and;0.01122515367912075
self-;0.01151077003016297
improvement;0.011083351201733305
Please;0.013116793289572794
let;0.011851295886673678
me;0.011983452654322876
know;0.012081356414358852
what;0.011539233503800676
you;0.011310192908111827
need;0.01185705712092955
help;0.011633657896673389
with,;0.012145800245203014
and;0.010927627303803804
I;0.01139372115786005
will;0.011276732264864055
do;0.0112572897569513
my;0.01098192648940717
best;0.011033977080160965
to;0.010745637845266744
assist;0.011219839918477031
you.;0.013689701263200254
