text;attention
Godzilla.;0.03155542889103782
Canonically;0.024217171272277432
Godzilla's;0.04114995044926858
atomic;0.013065686731989434
breath;0.013570898887027501
is;0.012424047562795986
capable;0.014158551728752312
of;0.012007274613383209
killing;0.012977902074663206
most;0.012404424288206572
kaiju;0.01533454596229309
(giant;0.013748818534226112
monsters);0.015352692594975886
in;0.011804951175243958
one;0.011931978287180005
hit.;0.016814868028502752
Assuming;0.012792242479761724
the;0.011928138862363562
T-Rex;0.020839205146426332
is;0.011977888374584765
about;0.01241852017383529
the;0.011972316048139817
same;0.01194121770079666
size;0.012296363642322611
as;0.011789164457105582
Godzilla,;0.017205715668074262
it;0.012364822383660035
would;0.01210977733476843
only;0.012254705910550985
have;0.012004280989742051
its;0.011924500215947044
bite;0.013256798797039074
and;0.011488605724748274
tail;0.012008516130181392
to;0.01159532704954723
attack;0.011942750913110423
Godzilla;0.015961271428588105
with.;0.014878446632643687
His;0.011874501503133591
hide;0.01230244976143377
is;0.011655812471176731
known;0.012159918667646387
to;0.011547718013444135
be;0.011324293844512971
more;0.011616486434640857
or;0.012295175544162203
less;0.011589412698987956
immune;0.012530274006524596
to;0.0114155085381447
e.g.;0.015290231609776682
tank;0.011551819016497435
shells,;0.012812137474890782
so;0.011718895928048308
it;0.01155074666200136
is;0.011460201364998025
unlikely;0.011694933032880531
that;0.011433206289058856
the;0.011425356849156939
T-Rex's;0.016362508316111104
teeth;0.011517204437001077
would;0.011315596855787317
be;0.011195757922739212
able;0.011586855271437232
to;0.011223648885891994
damage;0.011306412282248924
him.;0.012684085063523986
Ultimately,;0.012791601919752496
Godzilla;0.011759253040045966
would;0.011372959397801577
probably;0.01128439967650778
destroy;0.011404562727429568
the;0.011233107586323978
T-Rex;0.011873850268052754
quite;0.01113992967974776
quickly.;0.011229419812719235
