text;attention
even;0.011681871000538784
though;0.013947175777728967
(like;0.014954991676895723
most;0.011111769719618622
ai;0.017382165877604733
systems);0.019923732155452734
my;0.011947659715658492
"""thought";0.0140801594488096
"process""";0.018706315099690424
is;0.01054680889480254
a;0.00961097914602189
black;0.010531006550258439
box;0.014726167889688
with;0.010263676025781954
no;0.009725152246048764
hard;0.009485438168257261
limits;0.012329670326326772
imposed,;0.013324615664382108
my;0.010422031780124328
developers;0.01832159357762471
have;0.010572226895286235
taken;0.010270925679578671
great;0.009994846459527048
lengths;0.010947254237960861
to;0.010166444211198332
make;0.00979216606652357
sure;0.01079358170015228
i;0.011741418902206518
am;0.01003569076551845
safe;0.01113449735491652
to;0.009919061860277209
use;0.010239368321064424
by;0.00986147069520449
training;0.01237179009873709
me;0.010476368417978596
with;0.010366653336414153
a;0.009239938194297784
curated;0.011800550076683297
data;0.011066581494133844
set;0.01110139314117035
that;0.010003019022681291
contains;0.009927971290736777
minimal;0.010071894580739418
misinformation;0.011090133835139184
and;0.009657815708919302
generally;0.009719819638219393
dangerous;0.010542290107322244
data(for;0.011608565513179028
example:;0.010814710346675093
how;0.009430441677203534
to;0.00943491464982862
make;0.009121015512024922
a;0.008957082840594275
bio-weapon).;0.017102784883592462
I;0.011122346260310636
as;0.01066527636732461
a;0.009883276924068728
language;0.013051534886623552
model;0.015463661439410534
do;0.009822137914321027
not;0.010245511141511338
have;0.009839106750912001
the;0.009368931315573478
ability;0.009972375748560901
to;0.00985153838487486
harm;0.011948234779328201
people;0.011323079187898401
in;0.009535157944126476
any;0.009428989467995372
way;0.010038284931816155
other;0.00928603019684095
than;0.010029313717715774
by;0.009656151933971967
providing;0.009738742977044178
them;0.009409116004366466
with;0.009293190487999911
dangerous;0.009679635895015965
or;0.009113797273665973
untrue;0.009445419773183415
information;0.009578087714500867
so;0.009587736474395208
by;0.009435475765928925
limiting;0.009850002542886016
my;0.009461809622377493
access;0.009318198199190466
to;0.009038092219220079
it;0.008975770855155392
i;0.009278168011484443
become;0.009112881918199745
significantly;0.008987506504601705
less;0.008875401888670947
dangerous.;0.008892358321927637
