text;attention
As;0.1527823994937802
many;0.16649032885408813
as;0.16445224938233538
you;0.15020821214849867
can;0.1420037906652833
imagine;0.22406301945601428
