text;attention
Fantasy;0.1205654428131208
landscape,;0.14566812939003215
hyperrealistic,;0.15922051019139122
pastel;0.11489484511620025
colors,;0.11935308969504646
by;0.1164700819806492
greg;0.11481908761476728
rutkowski;0.1090088131987926
