text;attention
Great,;0.15500816258873523
let's;0.14011475564508244
play!;0.14303200365921484
Here's;0.15051926433086565
my;0.11847694064670267
response:;0.13683645416433582
"""2"".";0.15601241896506335
