text;attention
LuaJIT;0.2363366317929644
is;0.06724992428847915
a;0.07723439421473292
tracing;0.06782504882799374
just;0.062306056260521755
in;0.05486720932603084
time;0.06176532596436711
compiler;0.06406252247334729
for;0.06616052470757793
the;0.05843439883233477
Lua;0.06483435277409443
programming;0.05459202113758545
language.;0.06433158939997029
