text;attention
Hello;0.1883409540786587
ma'am,;0.06881412387121802
could;0.03785690901044705
you;0.038406039545801844
please;0.03677309258926831
try;0.03593438056010438
to;0.03352089516174085
connect;0.03613831504492907
the;0.03565785531035454
charging;0.03582170159483101
cable;0.03672049577117333
and;0.034995964254059854
let;0.034082079566783795
me;0.0338262328155696
know;0.03331938376035036
if;0.037785613817056675
you;0.0328493851733055
see;0.038586618219130286
hear;0.03559285746147786
or;0.03286156518451845
feel;0.03339949246709773
any;0.032236387336229855
feedback?;0.036479657405892756
