text;attention
To;0.010633514527772905
use;0.010599755268909964
ChatGPT;0.015041140608822648
you;0.01333946482986096
can;0.011754041150566271
follow;0.008411889088259046
these;0.012497639986278942
steps:;0.025001155129089344
1.;0.029473574701544294
Go;0.008587490853131659
to;0.014959687918336882
the;0.016714590888796316
website;0.009861412585577852
for;0.012521579948943158
ChatGPT.;0.0680552014467627
2.;0.028965806753581104
Click;0.008699103708184353
Sign;0.008833743379493579
Up.;0.027347980728454797
3.;0.03068715699726122
Enter;0.00667039991709191
your;0.012008230095705607
Email;0.008746245045939384
Address.;0.036945958027665
4.;0.03001785100444474
Confirm;0.01263770782974951
your;0.010648675845139654
account;0.008957986524938729
by;0.011357306229614889
clicking;0.009366962638930762
the;0.014771836810704892
prompt;0.0072012096242365705
in;0.012833525314410753
the;0.014822842251525031
email;0.009235330112157516
you;0.01196284400516158
are;0.011434730885690712
sent.;0.03162868615039199
5.;0.03028264764180939
Enter;0.006878833405768141
a;0.013768857701105077
phone;0.01040611657911468
number.;0.03054253013283534
6.;0.025525572097422542
Type;0.009234589761606599
the;0.014769531919858291
code;0.00830335105085759
that;0.016435156852766596
is;0.011684835595610236
sent;0.008708906416707112
to;0.013247627047362518
your;0.011905303515461785
phone;0.010312010080101143
into;0.010510255519635959
the;0.01577896134956002
prompt.;0.020686401730273675
7.;0.02217298527347088
Enter;0.00675570026296777
a;0.013735329173409144
prompt;0.006759260813572606
for;0.011644508664193084
ChatGPT.;0.03671646860140249
