text;attention
1,;0.014454016977403814
ProtonMail;0.11317082595524747
provides;0.018433232703114782
strong;0.013043783197915668
end-to-end;0.03848320985633023
encryption,;0.03582105539686342
making;0.011076847665766758
it;0.01028694755491666
so;0.00979127650031654
that;0.012668589049390024
only;0.011011914810483992
you;0.011035815852489564
and;0.010540707558200182
the;0.009388037655343077
recipient;0.011072976744363031
can;0.00996599946665068
read;0.010692796180382649
your;0.009269061895001214
emails.;0.023574929131530024
While;0.011050127033378801
Gmail;0.022120365571924167
also;0.012026427348133794
offers;0.01196548356186684
basic;0.010645466230560983
encryption,;0.023187510444087168
it;0.01063475237485823
only;0.009858688233855455
works;0.010399286997183668
when;0.01095312613230935
the;0.009414713283622958
recipient;0.01137153742847493
uses;0.012288520539914983
the;0.009221105573465898
same;0.010081424435344686
type;0.009088374336149419
of;0.009142508877234437
encryption.;0.013735256655327663
Protonmail;0.02798681649644325
is;0.010718541895315103
also;0.01132015118067838
neutral;0.013794943670005295
(protected;0.01514471883006458
by;0.010983969648129137
strict;0.010611593759658103
Swiss;0.011279898812241918
privacy;0.010805426472366843
laws),;0.017489482825102466
has;0.011436647889008207
greater;0.010465699710289149
respect;0.011114176534529261
of;0.011053799225946358
your;0.010633215642292831
privacy;0.012026323766510477
and;0.011066721703726268
Protonmail;0.013974686037644396
is;0.010078229807564194
independent;0.012197140215680987
of;0.012017542286753013
the;0.009686619702240794
wider;0.010326804351663823
business;0.01003660844190068
model;0.011643165667904232
of;0.009613183221605218
Alphabet;0.012123036398871969
Inc.;0.012352037276167887
and;0.009297723431647658
their;0.009735890978727351
interest;0.00975208651054772
in;0.009693028435752132
data;0.009150133870545425
collection.;0.009423256093071902
