text;attention
A;0.03043010398529481
better;0.031421452444246115
way;0.03134876742850897
of;0.03017350885572199
organizing;0.029941392333418974
things;0.027207360051840167
is;0.030094171726276202
to;0.03093096068747748
create;0.02890346302957899
main;0.029520245076868023
categories,;0.10077942816147378
then;0.029267762273890476
sub-categories;0.04302976423950571
depending;0.03238902429602231
on;0.025776335829697794
relevance.;0.058586315835669464
Let;0.02672746042076409
me;0.03196471625700056
know;0.040071543920919384
if;0.032475984068972806
you;0.02641054182056414
have;0.029171450539491623
a;0.02634717766460526
better;0.0263808460670066
idea,;0.04158822382706659
these;0.027161777440717603
are;0.02479780428204506
just;0.02598865956221256
my;0.024581361627110464
thoughts.;0.0265323962460323
