text;attention
Great,;0.13588052412197132
let's;0.25391332317385895
play!;0.13695187040964607
Here's;0.12342764776971289
my;0.10873530030649935
response:;0.11901420107938274
"""2"".";0.12207713313892884
