text;attention
GIMP;0.1875751837179234
is;0.025378541620666193
often;0.021903209973137883
given;0.020204141185582235
as;0.01986584912558693
an;0.01910227399611864
example;0.021114434321087082
of;0.021790466779301007
the;0.018493819074228035
best;0.019868425591434855
free;0.023035303494868965
image;0.02108811906832139
editing;0.022686815409178746
software.;0.02855626305325222
It;0.02051855209851445
works;0.01996352216037055
on;0.01938486224460633
Windows,;0.023853847781532742
macOS,;0.02192554596922126
Linux;0.019329849510270784
and;0.019163233080991698
provides;0.022974393640621194
many;0.0192331266038533
of;0.019214723488962214
the;0.018765887013868866
advanced;0.019066711154499597
features;0.020454114201492707
a;0.01983876569859577
photoshop;0.02303927389854629
user;0.01910915954417296
would;0.018707544279568052
be;0.01795366983314225
used;0.017996173414841592
to;0.017870599083865644
while;0.018844880233370758
staying;0.020677028228249284
cost;0.01809183505417469
free;0.01879727161003074
and;0.018231267296016835
ad;0.0176885916024464
free.;0.018642724863485623
