text;attention
Sure!;0.07672760368033685
It;0.02305227516220658
looks;0.018970323152384585
like;0.014591031563171755
the;0.015529678356874698
while;0.02025629248100978
loop;0.017741188318096044
will;0.016301954271647476
never;0.016550645611274006
conclude;0.021464256009881885
because;0.017530184461665054
*a*;0.09814550568719191
is;0.01561285160764733
always;0.016689918728867884
set;0.018061594217154576
to;0.013623812274911851
1.;0.08081377535310996
Perhaps;0.016828573265619148
you;0.016600736573853473
meant;0.01605164299418677
to;0.014295077182410286
check;0.01625292857091879
the;0.013881984844249724
value;0.015411389013579583
of;0.013389515927598142
"""b’";0.049080010122396656
to;0.0152201862504794
determine;0.01431874463204952
if;0.01341035196537673
the;0.013796155037369268
user;0.014280895834813087
had;0.013442085258426295
entered;0.013957577963309653
their;0.013268821677646255
name;0.014367770244942093
correctly?;0.02686732318285182
Additionally;0.015010177167262736
the;0.013820757173772211
print;0.013451107914830934
statement;0.013488046991624961
will;0.013016653009756745
never;0.012806422096258104
execute;0.013887403918406892
because;0.013577732664990278
of;0.012221775080473108
the;0.011958851716175863
infinity;0.012841072576068861
loop;0.012421345550689722
above.;0.015113992660180786
