text;attention
LuaJIT;0.0006596220656114456
is;0.00042687918194367173
a;0.00045036281139952374
tracing;0.00043814619693164264
just;0.00034982471939405685
in;0.00034762718075954095
time;0.0003692097163469675
compiler;0.00040635917271932004
for;0.00040705334237241633
the;0.0005621009142741304
Lua;0.0003596901065476015
programming;0.000357451037525172
language.;0.9948656735541744
