text;attention
Dayan;0.010801977823021931
is;0.01066616216015221
a;0.008045650407807727
Chinese;0.010202843990562468
puzzle;0.012116863839593083
cube;0.03830120607241561
manufacturer;0.03515898397580424
that;0.021461952452750694
specializes;0.010751210963803578
in;0.008834330201670394
twisty;0.01965115002401649
puzzles;0.030458767590260675
such;0.0167671212204601
as;0.010973016193252463
the;0.008032067851230246
well-;0.008321172962777177
known;0.009629240947431193
Rubik's;0.018268718443126834
Cube.;0.040890598278464856
Dayan;0.100047872238461
has;0.0145571705861899
been;0.008423867972551326
making;0.010083458563196175
high-quality,;0.018783963362768975
innovative;0.009638253555301042
puzzles;0.01430922601209284
since;0.010759221659786692
the;0.006843544727359425
early;0.006934664771919741
2000s;0.022630232620220566
and;0.010924441010814788
has;0.007689762470718137
built;0.006903168530908558
a;0.006823363360463068
strong;0.006699526309841391
reputation;0.008509134220934156
in;0.007157973979932887
the;0.006926603578689013
speedcubing;0.025363078013896607
community;0.00867851743538118
for;0.008333936509628794
making;0.009468840036203024
cubes;0.014214045178135636
that;0.008587744463808042
are;0.006612040767821617
fast,;0.00906944274386839
durable,;0.009779409102263116
and;0.00697660916203222
customizable.;0.019145502472495367
The;0.008581498857423313
Dayan;0.01367438805333344
Zhanchi,;0.026459664176928414
Guhong,;0.012528186067250263
and;0.008589854136934912
Tengyun;0.009312102984247606
cubes;0.00910083686273878
are;0.008568255427469805
among;0.007510169080100489
their;0.007793629560548202
most;0.006716867747855474
popular;0.007401291402388708
products.;0.011279844215787434
Dayan;0.009301124157499457
has;0.007138788714927784
also;0.007401078660210203
worked;0.007489729345606022
with;0.00799255514109014
other;0.007038035027069836
manufacturers;0.008088248272806802
and;0.007540830445500659
designers;0.008072834904253288
to;0.008068307322720812
create;0.007109372313573066
one-of-a-kind;0.009700130954519855
and;0.007185299724379553
highly;0.006438959172259704
sought-after;0.0070644572854597736
puzzles.;0.006646009168830409
