text;attention
Taking;3.7619039989083036e-05
breaks;3.6275846250614615e-05
from;3.1788007501312696e-05
activities;3.5083287896767525e-05
that;3.099266690718941e-05
require;4.102087340786184e-05
prolonged;3.6006750480965574e-05
mental;2.9479624311708172e-05
engagement;3.26384555699445e-05
is;2.9890285611012478e-05
important;3.540849022316733e-05
to;3.6111519792204125e-05
avoid;3.817551214699535e-05
burnout;4.742221693279879e-05
and;2.521987487710727e-05
maintain;2.9378403728990884e-05
productivity.;0.41996245203040583
By;3.8935931115024505e-05
taking;3.247030736449027e-05
a;3.091178300640784e-05
break;3.512967044940053e-05
from;3.283524037480975e-05
talking;3.40531123571146e-05
to;3.190571414254807e-05
me,;9.665054456173615e-05
you;4.061309417910764e-05
will;3.513723230545782e-05
have;3.4933594899874654e-05
the;3.194887642131957e-05
opportunity;3.233778815354642e-05
to;4.009771228836712e-05
recharge;4.3412844185040594e-05
your;2.705630281711097e-05
mental;3.080019024847018e-05
batteries,;6.218002376091186e-05
refresh;3.464483961133458e-05
your;2.605436449084239e-05
mind,;3.961692535512622e-05
and;3.5695371274930575e-05
come;3.722101859219893e-05
back;3.9195125688272934e-05
to;3.55081386372285e-05
our;4.0315431242020815e-05
conversation;3.4381335615409495e-05
with;3.419005435561409e-05
renewed;3.727005632039096e-05
energy;2.903417848087329e-05
and;2.504630712015182e-05
focus.;0.28047575255659407
So,;5.6703061427838086e-05
think;3.089841405716759e-05
of;3.304560642896943e-05
this;3.6306123317116976e-05
break;3.4693924137045014e-05
as;2.9141602958244054e-05
a;2.929533676355911e-05
way;2.8657810934455932e-05
to;3.789930416360018e-05
invest;4.490358976019633e-05
in;4.0150157082452663e-05
your;3.184220644304785e-05
own;3.551743106838122e-05
well-being;6.601420826380131e-05
and;3.177136491194446e-05
ensure;3.51802596636595e-05
that;2.9462111004261735e-05
you;3.632991361752698e-05
are;2.8649205770121882e-05
able;2.8587347308243955e-05
to;3.634900257941777e-05
perform;5.9730244519797665e-05
at;3.66911201002337e-05
your;2.8388031949212993e-05
best;3.351527588010525e-05
both;3.318177385171762e-05
in;3.7944171345772695e-05
our;4.643589284489386e-05
conversation;3.5649514592224494e-05
and;3.219208937539806e-05
in;3.0966749873531774e-05
other;3.4420033576496386e-05
areas;3.0806955123113544e-05
of;2.6477378852576735e-05
your;3.2106370109336415e-05
life.;0.2965897978643018
