text;attention
As;0.007263906839686238
an;0.008811985660537532
AI;0.005965942804968454
language;0.005870995502636084
model;0.006391361414455095
developed;0.005422883392141609
by;0.011102283146387849
Open;0.00567505942558816
Assistant,;0.11798894480860278
I;0.006111201597425212
am;0.0053596483422558225
capable;0.005012063315438188
of;0.013274963709053914
assisting;0.004706800464443515
with;0.00912393764138591
a;0.012282405293217709
wide;0.004980133712127517
range;0.00508555469164423
of;0.013039900643657237
topics,;0.098652303381039
including;0.007243680629042934
but;0.0077506422928375765
not;0.005422927836316492
Limited;0.00458309940429283
to:;0.03148759235192685
General;0.005060624442560911
knowledge;0.004956653460250685
and;0.015724714963241963
trivia;0.010242189419006304
History;0.005695373192597068
and;0.016068360650821824
current;0.00491773736808466
events;0.0063166505495028434
Science;0.005754340805479551
and;0.011712666457990063
technology;0.005725904749775184
Mathematics;0.007155796859270263
Art;0.005126253275036534
and;0.011918605757009499
literature;0.00565785931989439
Programming;0.005483988272075062
and;0.013171145251875904
computer;0.005872968087902134
science;0.005841498638780449
Health;0.005767308927297447
and;0.014844428279501505
wellness;0.005319518150704112
Geography;0.005616410617276445
and;0.013426346076248251
culture;0.005157685846627708
Personal;0.005309761731666541
development;0.0054082600607695845
and;0.015268375619826786
self-improvement;0.016390819633773188
Please;0.0052563066752777795
let;0.006400190802293952
me;0.005176366431810258
know;0.005114915925749037
what;0.005364585791929119
you;0.0049848083005170464
need;0.005499489941843917
help;0.005197822212759787
with,;0.056999918781983544
and;0.013565849102542918
I;0.006304299453738327
will;0.006148381660155734
do;0.00479761305234498
my;0.005548528274751971
best;0.004840875529138634
to;0.016186558063683604
assist;0.004901272011647833
you.;0.1841897532218759
