text;attention
Yes.;0.08545687800491357
A;0.06679509976358308
temperate;0.05408663475172405
of;0.06338947991849851
110F;0.0683019169096552
is;0.06629280233288545
higher;0.059210495657048806
than;0.06273739629709324
a;0.04320897703184195
typical;0.04330966829352675
fever;0.047993202239226374
and;0.060230529788401446
you;0.05075250608431722
should;0.05584338201889447
seek;0.045602506097114213
medical;0.0446412706095972
attention.;0.08214725420167837
