text;attention
Diamonds;0.051874261664037837
are;0.018583496148906902
formed;0.021909356284814746
over;0.016867895372137
millions;0.016334374121493245
of;0.019980991241138692
years;0.025642729507447497
deep;0.016161269248243137
within;0.01747954642746779
the;0.014072507312833379
Earth’s;0.05372194832811233
mantle;0.030823132433375325
over;0.016622128452711347
billions;0.01797637824468175
of;0.013238346670234128
years,;0.022251943187667527
as;0.014163342901183753
a;0.01366363466151987
result;0.014031345870279844
of;0.014342227610648147
heat;0.01725515831576011
and;0.014424825717545166
pressure;0.019414211201286828
from;0.014881196244896673
the;0.013523963116633944
Earth’s;0.016196726816019427
gravity.;0.02277013446409815
Diamonds;0.01960502809550639
originate;0.01614253443588845
from;0.014084783800896354
carbon;0.02547467584651125
that;0.01510877586770846
became;0.014424417324685348
trapped;0.01614692445240075
in;0.014404047617292826
the;0.013767849300840651
upper;0.014738085169575728
or;0.014122230685084801
lower;0.01458165243645415
mantle;0.017495292927436387
during;0.015210356465554497
the;0.01342822185204911
creation;0.013493286749597447
of;0.01339310775697984
the;0.013036478868084723
Earth.;0.016934699227993875
I;0.014910062860912414
hope;0.014434235280659284
this;0.013543462345143493
helps;0.015166717738639207
you;0.01406437186065156
to;0.013339601868463431
understand;0.013788198146353885
how;0.013993862742220824
are;0.015202168601081551
diamonds;0.013865487746278837
formed!;0.01389231036388002
