text;attention
Diamonds;0.04066196572577968
are;0.017272930126960157
formed;0.018670352237442712
over;0.017122007235558418
millions;0.016699317642407525
of;0.022549079135567827
years;0.01696176891301127
deep;0.01665407003448578
within;0.016745543544290625
the;0.015857106472110034
Earth’s;0.03416445041417008
mantle;0.019768971695515773
over;0.016690065999799004
billions;0.020153062446702272
of;0.015969428936426593
years,;0.019573467939225302
as;0.016086923247090875
a;0.015774059306988046
result;0.016522751119374103
of;0.016057062216284536
heat;0.016318733030303935
and;0.015799833321204992
pressure;0.016994468209734243
from;0.015970618557944776
the;0.015615105659451504
Earth’s;0.018751656053914857
gravity.;0.022204099044735342
Diamonds;0.020059833001156643
originate;0.017159137008019222
from;0.015993308456314272
carbon;0.017724885107490228
that;0.016074757098989763
became;0.015910401034006618
trapped;0.017087801638044936
in;0.01588658239199989
the;0.015656001303749157
upper;0.016359106967298396
or;0.015935063174776755
lower;0.015970633193768315
mantle;0.016689900862910403
during;0.01606201207624026
the;0.01571583135806689
creation;0.01606135210249439
of;0.015608744146089707
the;0.015417472352830674
Earth.;0.017970065727004596
I;0.016523835455768358
hope;0.016178852326111947
this;0.01577816543236036
helps;0.01623098671508148
you;0.01587550440215521
to;0.015585713705873205
understand;0.015822681866507267
how;0.01573342637970743
are;0.01574617434378184
diamonds;0.01578010019287697
formed!;0.01579277191204459
