text;attention
Knitting;0.09774625572216769
uses;0.023530050967084253
a;0.0185066118611953
pair;0.013745697868373534
of;0.015096807741642838
long;0.01522239416594151
needles;0.031443771034172396
to;0.017230818582784493
form;0.018592285574987617
the;0.014103840411638487
loops,;0.03317750596791313
moving;0.01652897674865984
a;0.015586287368005972
set;0.013593335630463624
of;0.013248826802401761
loops;0.017294351867849448
from;0.014833674477468483
one;0.014450432000663928
needle;0.014966528534875505
to;0.013789198658423568
"another;";0.018738405166116533
the;0.014431441989668668
stitches;0.019750043139096913
are;0.013480545094942004
held;0.015077933935284223
on;0.013874734604843904
the;0.012977664666962482
needle.;0.01655541524816155
Crochet;0.03802734620072163
uses;0.01668074634931281
a;0.014418218683201678
single;0.01447324916271556
hook;0.016064283424914692
to;0.014944497810315009
hook;0.0171686059486375
the;0.01372429120106538
loops;0.01461355342218946
together;0.015150189063091643
directly;0.013766506601659555
on;0.013646970159187179
the;0.01315502505008031
piece.;0.018439876725234713
It;0.01347776596378548
is;0.013164879493013872
this;0.014017315021533052
major;0.013719927390152646
difference;0.013629454791067837
that;0.013082143241439794
makes;0.014352982817615928
crochet;0.017568813986942346
much;0.013068737717953024
easier;0.013399030280846888
to;0.013497930041225317
work;0.013958556029905004
with;0.01368480538955194
than;0.013337964543212488
knitting.;0.014192497657637634
