text;attention
Formula;0.0441880629938298
One;0.10327332176754198
is;0.034941584444762086
the;0.05098903233883718
most;0.03414457379050571
prestigious;0.041702185627807635
level;0.03644829233663846
of;0.03806674700107087
worldwide;0.03976792009895858
racing;0.04671553040379852
for;0.042189002304726844
open-wheel;0.08890143881976112
single-seater;0.04773717124257894
formula;0.03489022895072197
racing;0.031822512114792756
cars;0.03259098652321637
authorized;0.03191173391366037
by;0.03252921979074054
the;0.03165000642790008
Fédération;0.04775211953221233
Internationale;0.03613072711791662
de;0.03326481240081864
I'Automobile.;0.038392790057202676
