text;attention
Hello!;0.23686152390705362
How;0.12839010805929313
can;0.12726105981804192
I;0.12790588775793563
help;0.12993155056320096
you;0.12653660015583118
today?;0.12311326973864355
