text;attention
Let's;0.011131197302889318
say;0.013068729803400375
you;0.009384650070406054
want;0.008462562017140914
to;0.00685401471270278
find;0.008656743108450913
the;0.007495365748632481
length;0.010694032218596394
of;0.012594543995246099
the;0.006309482011018513
hypotenuse;0.07960107215220415
of;0.00940688050059306
a;0.007402224479390778
right;0.007602480835361167
triangle;0.017432512649159588
where;0.015235329467154286
the;0.006512276520063328
lengths;0.009802247427480468
of;0.006885601363220174
the;0.00563196188613211
two;0.006813451443604715
sides;0.010782252712372072
are;0.00796164056101783
4;0.01330332491271514
units;0.009804500006544408
and;0.010512308741668867
5;0.00943055188679136
units.;0.033873036948149804
Using;0.00876874591600518
the;0.006347329725290418
Pythagorean;0.01900042026364692
Theorem,;0.035698923321894595
you;0.007640466114868349
can;0.006701487556417768
calculate;0.008543187413450481
the;0.0065450632645108475
length;0.00721153073614677
of;0.006751754706605304
the;0.005557149536622112
hypotenuse;0.012619831491568777
as;0.00804100900653078
follows:;0.016077109033531975
c*2;0.040531253029317385
=;0.012587444438195967
a2;0.020672178574034913
+;0.00803509301609427
b*2;0.016918829720925614
Where;0.013819332990159217
c;0.01106109832465376
is;0.008498764429809286
the;0.006140375552143726
length;0.006578415893537173
of;0.0061916776312376685
the;0.005398066649823012
hypotenuse,;0.01769578782213699
ais;0.010980748859052659
4;0.009894526128270438
units,;0.009790540605546266
and;0.006411048401513058
b;0.007265611107470603
is;0.006229495360584612
5;0.0074161538431749595
units,;0.007261551723990256
c42;0.01754396513364033
=;0.009437414308103964
442;0.01137431470447623
+;0.008332080250834772
542.c42;0.027216946798454964
=;0.008775256992043757
16;0.009233632171076865
+;0.006956456117292966
2542;0.009225679418390092
=;0.006510081931260409
41;0.0072089667085568935
c=;0.013036398357323559
V41;0.01709179578931364
c;0.00760461453276732
=;0.006966581038189958
6.4;0.010051309150836128
units;0.0069172867839817735
So;0.008584652669524
the;0.006233128636216841
length;0.006069699714362214
of;0.005756833934378773
the;0.005569471756178931
hypotenuse;0.00850456551111488
is;0.006023610059913211
6.4;0.0068105438864427496
units.;0.005437735974455547
