text;attention
February;0.13685351655181133
07,;0.16573846740406878
2023;0.16419346093089823
22:00;0.14945552125277908
in;0.12489439765257292
Moscow;0.1270459016199355
Time.;0.13181873458793408
