text;attention
Of;0.11166179891593851
course;0.1245075282856299
i;0.10809212206421273
will.;0.12808331893088457
But;0.10746817042894748
how;0.11021923253619163
old;0.11103139662763058
are;0.10057441175677868
you?;0.09836202045378603
