text;attention
The;0.02013287620272888
legend;0.01975165807443387
of;0.020172549868939862
Blockbuster,;0.16879158978742087
it;0.017712431000126132
was;0.01844186460839903
a;0.017865847604341213
magical;0.019927140585163816
place;0.02350317975278926
where;0.021556275150212335
you;0.01975551407737221
could;0.019114420018792967
get;0.018614971288940737
goodies;0.024457149917242675
and;0.01874094297593824
snacks;0.025171977977656152
for;0.01885029351006149
the;0.016850446331235582
feature;0.01922058569016138
films;0.030043698686500527
that;0.018765407463940006
you;0.017255713481556648
would;0.01652005744120687
rent;0.02356357009613496
and;0.017360547116333617
take;0.01630839933956335
home;0.018846826507191487
to;0.01691350556816258
watch;0.017485960557140384
with;0.016038391852222878
your;0.015618117616427554
family.;0.021036497692795825
These;0.016761795315684766
stores;0.02083520484808432
were;0.01767645987145873
abundant;0.019982963305822814
at;0.016768783719176818
a;0.01551605730627699
time;0.0167620315999725
before;0.01763459182966491
online;0.01771802705874921
streaming;0.017920073669860596
was;0.016579232052625147
a;0.01539442730958707
thing.;0.016061944271902693
