text;attention
Sure!;0.18098766175906028
How;0.10870083651174063
about;0.11815746532897971
the;0.10407011794809266
number;0.10919629295956451
47?;0.1748841168283774
Good;0.09655851721723598
luck!;0.10744499144694873
