text;attention
Approximately;0.2665568083709282
700;0.289192519717118
pounds;0.1594658486302408
of;0.1396298166126254
wood.;0.14515500666908757
