text;attention
Here;0.01621066040506836
is;0.013910969149160903
an;0.01326888831969795
example;0.015066409764533183
of;0.01293329228767948
Rust;0.01944953156888803
code;0.01949567000236159
that;0.020698658498012303
takes;0.013019678324823538
ownership;0.0157763240498026
of;0.01372072752364198
an;0.013726437088513453
array;0.016791964811609682
of;0.013208777068527465
integers;0.015816006475491938
and;0.013656399279897782
sorts;0.015251331202726258
them;0.013195972260882167
in;0.012614113384207664
ascending;0.013072085738433312
order;0.013053451273017706
using;0.013577624836924944
the;0.012877157927347054
sort();0.01719853715492504
method;0.01409597946087365
from;0.012616186619854435
the;0.01260173032139261
sort;0.012635838449977142
crate:;0.02180833228721872
use;0.016223483973471398
"std::cmp::Ordering;";0.0563262016450628
use;0.012480349941657573
std::sort::{self,;0.02200584705932867
"Sort};";0.024535803060499742
fn;0.01597517597755805
sort_array(mut;0.02062783763433757
arr:;0.01786897263894738
Vec<i32>);0.02720185051860772
->;0.012962942537754315
Vec<i32>;0.021311912830804792
{;0.01866333985121808
"arr.sort();";0.01616116209547964
arr;0.012973470711715401
};0.0159158755539833
fn;0.013077079140554544
main();0.01721343105568083
{;0.01674171045578317
let;0.013715094928840071
mut;0.01284883060053566
arr;0.013712558921202473
=;0.012706630806633425
vec![3,;0.020858586453780307
2,;0.014446761252837472
"1];";0.015747323842610052
arr;0.012692222931098496
=;0.012196966377607777
"sort_array(arr);";0.01464263186821911
"println!(""Sorted";0.015932153155785833
array:;0.013228771316183602
"{:?}"",";0.012258509973076884
"arr);";0.012939117340813655
};0.012458658012839423
