text;attention
Sure!;0.1407230329787129
Here;0.05646670716638846
are;0.05436653563910945
5;0.067151733662998
suggestions:;0.07465542369409678
Pawlrack;0.1536050649258433
SafePup;0.15072590258357957
TrackMyPet;0.11882541810377042
PetTrace;0.0708097237692269
PetPal;0.061583886764465065
GPS;0.051086570711809214
