text;attention
Most;0.019352334328993928
Language;0.021265165569526002
Al's;0.02990957755255186
work;0.020964183140492528
by;0.01923531598791393
predicting;0.022414178685351067
the;0.018649564770978577
next;0.018577451897094192
best;0.018825042101241102
word;0.02196148486741128
to;0.01779239725021928
place;0.020153461625905953
in;0.018253898383574396
a;0.01772780804610396
sentence.;0.03818711993883881
The;0.020621145501783917
obscure;0.025856738779360153
library;0.023397004632099663
might;0.0192960068127719
be;0.017974160400430598
too;0.018178783245982873
complex;0.019554974245709317
or;0.017171823969483215
strange;0.018531096692531165
for;0.018071750302878314
the;0.017789783551379945
AI;0.019797557455023283
to;0.01726625911198778
understand.;0.02902633281469344
You;0.018104869900478743
can;0.01854558645622463
try;0.0184067280817213
providing;0.019799704924488553
the;0.017783572023549722
AI;0.017325210261741594
with;0.017866870266823216
additional;0.017779594085474595
documentation;0.020620366256930308
about;0.01809773175522716
the;0.018195482844108945
library;0.017877258396679824
and;0.017429834967658663
giving;0.01723814277332836
detailed;0.01735784716883486
explanation;0.01869004199689503
about;0.017608444740492214
the;0.016473036425495257
errors;0.01762814508743067
you;0.017148815943932385
are;0.01628648224869355
receiving.;0.017933831731478035
