text;attention
Great,;0.15687835395045166
let's;0.20866350700156708
play!;0.14753059618106149
Here's;0.12004120523983633
my;0.10846448280764759
response:;0.12977664777836392
"""2"".";0.12864520704107188
