text;attention
The;0.48692211673723707
value;0.02185668409843731
of;0.020710429552701134
Z;0.030458304500833925
is;0.0322613780022499
16.;0.10441638741249097
The;0.019040613379805962
reason;0.01681075057277576
is;0.019890115590818915
that;0.018311403772393313
4*3;0.0836983060103273
is;0.021977637475488677
12;0.0345578869889825
and;0.017704908451891967
12+4;0.03699958241691537
is;0.014767474186385673
16.;0.019616020850264232
