text;attention
You're;0.18155926107657377
speaking;0.16912741728413155
to;0.16497395308540633
it;0.16539251274634117
right;0.15920213599351582
now.;0.15974471981403146
