text;attention
I;0.017357997597781866
would;0.017801517472700725
think;0.019412142853404795
the;0.018710025702006135
most;0.016630032102807606
important;0.01706059735368993
part;0.016608386401897483
is;0.017257357358866098
the;0.016650458464873036
quality;0.01767536755134575
of;0.015888293101597464
conversation;0.017714146894745125
data;0.01842125306789439
used;0.016091134688828293
for;0.01593909799428981
training;0.016779066293238793
as;0.015928251705692367
opposed;0.016245229676176556
to;0.015775771005353875
only;0.015423401387650113
quantity.;0.022926480406034244
"""Garbage";0.03401034700576274
in,;0.022768052940321977
garbage;0.01616744750168312
"out""";0.020196138328036742
is;0.016649757317482233
a;0.016914022961982505
well-known;0.02002055086192182
statement;0.016642859065945943
for;0.0157476991011854
machine;0.01591294077327206
learning,;0.01951817221000499
and;0.016227125948664878
so;0.01625347531475578
to;0.015203870839485996
ensure;0.016501196941112125
that;0.015553672938971757
an;0.015607734035101182
AI;0.016672197257241127
chatbot;0.018552723644345372
performs;0.016298324626253073
well,;0.018586556592248487
it;0.015498120533539073
is;0.01474916075612078
critical;0.015989031519806948
that;0.015607636354595342
the;0.015347534837139312
dataset;0.016335257444846193
used;0.014937365192098142
to;0.014761426259541256
train;0.015548505144244591
it;0.014282095659283123
contains;0.015429685666894006
as;0.01511681544037743
much;0.016243500642285847
high-quality;0.015990259772206878
data;0.013919204285683096
as;0.014169937009731903
possible.;0.01377358819495236
