text;attention
Of;0.14606958335222306
course;0.11034393671030295
i;0.1118080646565406
will.;0.1786257864500939
But;0.10388439646291175
how;0.0899922033774097
old;0.08791906825202993
are;0.08393010006813478
you?;0.08742686067035339
