text;attention
While;0.02587852595663844
Single;0.023976710446451336
Ladies;0.025226328712052683
by;0.023995278907694165
Beyonce;0.028809797098197525
was;0.025325029694374397
a;0.023793878079612436
very;0.023130903181546814
popular;0.025124879688435953
song,;0.029845596061179064
it;0.02415905691530328
would;0.024504983692513964
not;0.02378416681173343
be;0.02268630222522064
deemed;0.025131252986825267
culturally;0.023618683282605257
significant;0.027948774697746166
on;0.023273411198016854
the;0.02335722451059467
same;0.02384857427023823
level;0.024210862273009993
of;0.023997247700157664
the;0.023177897456933227
Renaissance,;0.027500024586005114
which;0.024451657385996545
was;0.023362618164397487
an;0.02339012147798174
artistic;0.024055260906023297
and;0.0229819647230337
cultural;0.02294565359786874
resurgence;0.02401435914404944
creating;0.02449407043074117
timeless;0.02411157364326434
works;0.024933191740418543
of;0.02298402427187462
art,;0.025660981686299652
music,;0.02389087420016034
science,;0.023810753944162658
literature,;0.023189099938133378
and;0.022188365527145964
politics.;0.023230038785361944
