text;attention
Yes,;0.02191866943205881
finite;0.022154031617363238
beings;0.019140482129414296
are;0.014361793234953043
limited;0.018203139626060363
to;0.015263805690983378
what;0.01622362171565721
they;0.01456058949104315
can;0.0161557272840735
know;0.018439600958283352
at;0.014114203576956849
any;0.013966149919109376
given;0.013528495532999084
time,;0.01703861169285701
how;0.014110585729450384
they;0.013683134449760577
understand;0.014722203151829025
the;0.013610787927054405
universe;0.013946649209938489
and;0.013617079634536285
by;0.013875761751287479
various;0.01511311768112011
epistemic;0.017253091005690058
limitations.;0.025711335221573563
Questions;0.01522594979610084
of;0.014793301795952576
how;0.013789564076958255
physics;0.015266888838332167
and;0.013902982350891728
metaphysics;0.018191089358922857
relate,;0.018923926023874497
for;0.013417227637698257
example,;0.015727821335330468
can;0.014113430574233268
go;0.013481938317681295
beyond;0.014747382260985346
what;0.014024716739722044
is;0.01422406169113825
normally;0.014184660720985441
perceptible;0.01522746086400893
via;0.013986912006744687
the;0.013146811296675685
scientific;0.012983588908679873
method;0.013225067582383052
alone.;0.016247036810619238
Furthermore,;0.015832615861511988
material;0.014049133992655453
things;0.013760381321404629
are;0.013108962178795926
limited;0.013410119329935195
by;0.013155671926343773
material;0.012952694570756058
senses.;0.015114419297921896
Thus,;0.014413777839290863
knowledge;0.013753328635983697
has;0.013817207301550827
some;0.01316865450774659
limits;0.013669332450250904
because;0.013529673778770334
of;0.01317625662108067
the;0.013013503878059173
limitaions;0.014848207142392973
of;0.013022476132654111
the;0.012752041365526713
agents;0.013521852043143571
pursuing;0.013093392604560567
knowledge.;0.013291810567692304
