text;attention
Yes,;0.4033012519267768
you;0.0575330599785208
could;0.06435459480738855
use;0.06960309509836146
duct;0.07293740357552214
tape;0.06981784753436297
to;0.06697752572216227
seal;0.06994749553251353
the;0.05827048049258335
puncture.;0.06725724533180834
