text;attention
As;0.028351243097961932
of;0.028215270281502693
April;0.028057124228905782
8,;0.035860050578042604
2023,;0.060983935118805156
Tokyo;0.02872270445580855
has;0.026464438548145723
the;0.025738165975320193
largest;0.026282465462234617
population;0.026671974089863323
in;0.02570276266294362
the;0.025247701445311035
world.;0.030522095691369988
It;0.025738282184736228
had;0.025664756491908195
a;0.02504860236554485
population;0.02571483040983355
of;0.02525984348077442
approximately;0.02577745756280092
37;0.02822545749638339
million;0.02536367327689618
people;0.02509774151748429
in;0.02478259657107818
the;0.024570988766263943
Greater;0.026457123167808915
Tokyo;0.024879917862769958
Area;0.024908055848802856
and;0.024587169350995745
a;0.0242732611133988
growth;0.024792682163951606
rate;0.024512130749229796
of;0.024356770901828535
about;0.024378980774109417
0.2%;0.026896547746626774
which;0.024036271447503213
is;0.02386458097094326
low.;0.02399234614211196
