text;attention
First;0.006809032365783365
of;0.03482641368399963
all;0.0004807472024773537
it;0.0006739885461234332
would;0.0012234443343149505
need;0.000578785746784431
some;0.0007171993389972843
way;0.00043817165727814955
to;0.0011720211388929107
tell;0.0004968109903532913
where;0.0006299327735620881
you;0.0007248686799650753
want;0.0005359453115827552
the;0.015573159686088587
pictures;0.0006188542323289122
to;0.00046187535129719076
be!;0.003371771895802189
It;0.0008848475499512911
would;0.0005291249356313842
probably;0.00045574488081240864
be;0.0004029562330122703
easier;0.0004405913479212354
to;0.0005643428891031997
format;0.0004653182094794076
the;0.001793633965773732
story;0.0003786921510792476
as;0.0004470847502113663
markdown;0.0006534894618298335
and;0.0005703781760104441
insert;0.0003336643847090709
images;0.000311727247783072
using;0.00042838267189675285
![image](./pictureN).;0.9184355120295581
You;0.0003688861603458206
can;0.0003395292353362888
then;0.0002989620275556414
convert;0.0003923850023584925
this;0.0003436628878871371
to;0.00035046238954208604
any;0.000311063103407334
arbitrary;0.00029760850922605156
format;0.0002605710549446739
using;0.00028284606631944517
Pandoc;0.0003255097426824796
