text;attention
***sh;0.090424985293466
Applications;0.07085476630501318
Documents;0.07162585077275002
Library;0.06395448407840111
Music;0.06250053204533543
Public;0.0611243322008901
Desktop;0.07518273620559723
Downloads;0.06020145569870761
Movies;0.05284370749483169
Pictures;0.05632150011686513
opt;0.073602365602845
user@OpenAssistant;0.09531055255480397
~;0.056280084652113385
%;0.057289015047709196
°°;0.05248363193067078
