text;attention
SELECT;0.02434919038039597
*;0.020028130692756097
FROM;0.017025085836435912
runs;0.0327460629264054
ORDER;0.018506892824242553
BY;0.01748705667913083
distance;0.020126951603705815
DESC;0.01736252354576975
LIMIT;0.02104934476633749
"5;";0.04784901301486691
This;0.02537708446038095
query;0.020244779040868285
works;0.016800874801059698
by;0.017181706691928346
sorting;0.021316967500528153
the;0.016948637971077783
rows;0.018415564089217993
by;0.01583087788769682
distance;0.017611742421192005
in;0.014408289633294515
descending;0.015340869513938824
order;0.015601593393978132
and;0.0165229481113473
returning;0.017847804387528095
the;0.015022421388355193
first;0.01511698568599739
5;0.018087779859976127
results.;0.02722917810094366
Because;0.016741130997362557
of;0.014971334649930461
how;0.015784362781169504
the;0.014963621952608044
rows;0.016146729143111573
have;0.01399546352491249
been;0.014111735697865176
sorted,;0.01803306969432472
the;0.014663799680726718
first;0.014361101031609902
5;0.016302562856085372
running;0.016411096527540123
results;0.01540445963779768
will;0.014180816341023968
be;0.014150798622618425
the;0.01412463256407777
longest.;0.018423980346505407
Is;0.015464152079034224
there;0.014987465844937174
anything;0.015429436153948851
else;0.015521667673041771
you;0.014463226073511096
would;0.01402306354747903
like;0.014487538046355834
me;0.014001667658099579
to;0.014506680881495013
help;0.014786795020816607
you;0.013662817880044658
with?;0.014458435882610194
