text;attention
Modern;0.032071989561859006
uses;0.02312832944437065
of;0.022293204809339388
Sodium;0.05018613104221695
Nitrate;0.314028051060263
include;0.0504598618071291
fertilisers,;0.05360940708565005
food;0.01941201681492967
additives,;0.04490984451159751
refrigerators;0.020583939613461357
&;0.019432765058765945
potentially;0.020491170025942633
used;0.01718621246858088
as;0.018295611004987902
an;0.016052850404156833
explosive.;0.034563956563689734
Unfortunately;0.01917766406437457
I;0.019236411473852143
do;0.015931155056976568
not;0.01580472057158463
know;0.016691701440379663
how;0.015466808863684702
to;0.01602125800595479
make;0.022244982514496255
Sodium;0.027728007988348652
Nitrate;0.023048075419056013
out;0.016293837428062268
of;0.017278942336618672
3M.;0.018371093559670496
