text;attention
Sure!;1.0
Here's;4.343322420186988e-24
an;3.2326482864622034e-24
outline;4.6670360535825496e-24
for;3.66086303838882e-24
the;3.227827829949283e-24
talking;3.731509415118521e-24
points;4.975699608262158e-24
related;3.1197400448315783e-24
to;3.134988164921833e-24
a;3.1261177940587285e-24
presentation;3.552217063800087e-24
on;3.2814840005224317e-24
using;3.79264275699486e-24
Al;3.1686887106295535e-24
to;4.2009984891379154e-24
do;3.154292427099668e-24
product;3.122503384048159e-24
development:;8.016831064009752e-24
*;4.1004547886846206e-24
Greeting;4.8225923694203484e-24
and;3.12156503662585e-24
introduction;3.0116075666132403e-24
*;3.9426379162969044e-24
Overview;4.105457654775674e-24
of;3.2504447347877532e-24
Al's;3.9606312285497314e-24
use;3.1785571298429092e-24
in;3.166672141870472e-24
product;2.953511440902673e-24
development;3.213317611456371e-24
*;4.1147441495443606e-24
Give;3.504895305766943e-24
suggestions;3.4850141413684354e-24
on;3.0581046413765673e-24
its;2.8528174886329472e-24
uses;2.8671850849319594e-24
*;3.561415328679512e-24
Provide;3.665451696314284e-24
real-world;3.7457242793555285e-24
examples;2.862883235211075e-24
*;3.2756480459835093e-24
Provide;3.048102802564667e-24
a;2.803535900581835e-24
live;2.757743076140914e-24
demonstration;2.893892287383385e-24
of;2.7108189988017893e-24
using;2.9547063543634778e-24
AI;2.9058344998713113e-24
for;2.7186313126032837e-24
product;2.5837874420731756e-24
development;2.587249228347306e-24
*;3.042819286535547e-24
Conclusion;3.064521097021349e-24
and;2.8038346562485523e-24
sign-off.;2.846158895834901e-20
Feel;2.7849792611270598e-24
free;2.888501328386599e-24
to;2.9357291711612595e-24
change;3.2870409616301772e-24
this;3.0540999462418283e-24
to;3.0271445119178154e-24
your;2.7121961091336736e-24
liking;2.8787376862401338e-24
and;2.710065506530782e-24
add/remove;3.8420380143496e-24
talking;2.5288739763299024e-24
point;2.549005125106632e-24
at;2.595250067558142e-24
will;2.5530645922820847e-24
:).;2.5214439021553513e-24
