text;attention
The;0.032967465790203564
beginning.;0.05780223607675191
And;0.017037712227335307
the;0.01374242033815733
middle?;0.15193778369458336
As;0.014446860066360616
well;0.011754767950011466
as;0.011104865270557514
the;0.013563990710167884
end;0.02470426005699572
are;0.014184736441744896
the;0.012272824913368854
most;0.014424675376963063
important;0.014866558065085604
part.;0.03447449331545678
Of;0.012015665687166532
making;0.01354015756381295
a;0.01150568708975472
story.;0.06257813095050532
But;0.017587274157987706
if;0.013222796556877948
you;0.013169865289812586
don't;0.03295716581318805
want;0.010936436781156435
people;0.015607727424841423
to;0.009965619419329925
get;0.01087199425516496
bored.;0.07257388076957218
You;0.012803536121221235
have;0.009547662368250116
to;0.011551108760062071
make;0.010382514461580457
sure;0.010272369035799759
something;0.014992397752586003
very;0.00993155678414366
interesting;0.013969340896441139
happens.;0.017344719635667184
For;0.011078971470441608
every;0.014976748869891485
7;0.011695907053607346
minutes;0.01333691550133473
of;0.010764936613429404
time.;0.012346216802051268
That;0.009756088326027843
somebody;0.010669130523684458
is;0.009789391605985754
involved.;0.01097158730325553
In;0.009449463269849362
discovering;0.0096511673672093
this;0.00896335490415007
story.;0.009936862520415595
