text;attention
Most;0.0502623768997694
recent;0.05749724400640005
estimates;0.06384424230991581
put;0.06326774735914223
the;0.04878394989394954
number;0.046960517722036486
of;0.04801867769788996
cells;0.05668925396186641
in;0.04817595292254198
an;0.04601502389784648
average;0.04590710504815638
adult;0.0473140178428816
human;0.043840712005409836
body;0.04458080729005719
at;0.0475077463371616
around;0.04554651110114206
30;0.05782287289998709
to;0.04354523074860379
37;0.046954283218684195
trillion.;0.04746572683655772
