text;attention
It;0.023879636968222893
depends.;0.04879574565249981
ChatGPT;0.03931626891573094
is,;0.034360510083488685
as;0.022351837471498267
of;0.026828338963570918
February;0.022710157066852747
2023,;0.038280548016095504
more;0.02018663503945966
widely;0.02071591638661075
used;0.020790458961161922
and;0.0204994575383202
produces;0.020879540435129296
higher;0.01964405485126465
quality;0.019668156318717926
output.;0.02614301720804184
However,;0.027910286244879217
Open;0.021667642744416286
Assistant;0.02220685213654605
is;0.020655060425744144
a;0.02181264048890209
fully;0.02087921966318432
open;0.01996305316801257
source;0.021389920929751904
chatbot,;0.030728718611990405
which;0.021546158134031074
means;0.02291684245682897
the;0.020541467850758263
code,;0.026777049153023483
dataset,;0.02389556301577531
and;0.01988428086515241
weights;0.020415200141928547
will;0.019949424649525906
be;0.019154552459491363
available;0.02042940865772112
to;0.01971898510951848
the;0.018851150071948663
public;0.01929387892551174
to;0.019044407151532664
build;0.019531916929066993
upon;0.01952099577871521
and;0.01829014151144164
extend.;0.017974902847935466
