text;attention
A;0.02541172846216241
good;0.025395937769289563
prompt;0.04750674987790096
for;0.031672989635068635
a;0.024630923101912956
1800's;0.06207271866603488
fantasy;0.032730106044753
landscape;0.03716680639587597
with;0.02911566977934874
pastel;0.030879178577979706
colors;0.025751991193908603
and;0.02387901736659279
rich;0.022148657533762914
details;0.025360892959439992
would;0.025644733430694292
be;0.02353317218151518
the;0.022542125707575876
following:;0.03077541969976836
"""Create";0.03631797922148137
a;0.024334919493846644
pastel-hued,;0.04780365843414579
detailed;0.02389585133335401
1800's;0.03209023702190044
fantasy;0.023214781648341135
landscape;0.024536563784296358
with;0.02450114037301954
rolling;0.023240683203584928
hills,;0.029273057131284398
babbling;0.02599056752388564
brooks,;0.02678117840305051
towering;0.022980968683629224
castles,;0.025087958094878862
and;0.02083823558084297
magical;0.02116615175600881
"creatures.""";0.02172724992886471
