text;attention
Placenta;0.04017214835430133
previa;0.16547213445442197
is;0.013166019178284909
a;0.00878050177048483
condition;0.010073042897854685
of;0.009379590617858178
pregnancy;0.012725994043864004
in;0.008754256951471466
which;0.010153911870145294
the;0.008481627323807818
placenta;0.019920541110529537
grows;0.009802659267945192
in;0.008551448624427244
the;0.008055032957480227
lowest;0.009241739683234692
part;0.008536286348883261
of;0.00839624991135478
the;0.007774732238521836
uterus;0.012346806586783563
and;0.008835905220018841
covers;0.009584447605196117
all;0.008968470410004403
or;0.008426700974971578
part;0.008569948254012931
of;0.008515227472476839
the;0.007885262499207653
opening;0.00895236875779779
to;0.008472591995146612
the;0.00775344869860757
cervix;0.010190463206549184
Several;0.012832950520154353
nursing;0.015591896927747704
interventions;0.016942431964259787
can;0.01048747650350956
be;0.008405223866998594
implemented;0.010250803406495567
to;0.00999653057483932
help;0.00993014071470147
prevent;0.01206528245813534
and;0.008834837874324451
manage;0.009495176224806933
placenta;0.012148468109309472
previa,;0.02516118428727667
such;0.00909042264011839
as;0.009709003293793735
blood;0.00885109043511615
transfusions,;0.015539065296548834
external;0.009672304436954944
monitoring;0.010308490036933281
of;0.008834881582014538
the;0.007841883156777713
baby’s;0.011020079818366557
heart;0.008351725253483554
tones,;0.009969839697027598
and;0.008261278433434808
administering;0.009475198627868591
medications;0.00921423444634021
to;0.008282764531932925
reduce;0.00835411466963294
the;0.0076995287905035365
risk;0.00798196489440561
of;0.007931941878184941
preterm;0.008546896632172726
labour.;0.010155304880233432
Additionally,;0.009742561618489333
nurses;0.011599516902529724
must;0.009732540956649879
be;0.008263983379655922
aware;0.009732059771741103
of;0.008665245830772009
any;0.00897787093728068
signs;0.008636428195319198
of;0.008403976305668897
bleeding;0.009628761477876701
and;0.00839599887412082
be;0.008112308076981356
ready;0.00865951418393899
to;0.008410399312644602
take;0.007831463569441305
action;0.008293308583367152
if;0.008097013732118817
they;0.007726628967695576
occur.;0.00791644317365934
