text;attention
You;0.5131060798456243
can;0.042093475799827855
always;0.01738322021776514
install;0.019997740172619224
mods;0.04293660966640942
manually;0.02834966630057214
by;0.018601539309728913
dragging;0.024787836155120497
files;0.015835319116853725
the;0.018853045285314323
files;0.015217629423472608
into;0.01518110052022393
their;0.012568849085025247
proper;0.01184725115472668
locations.;0.04241428555707979
There;0.020961516927201048
are;0.014136045616836422
alternatives;0.015544077701269294
to;0.013212835939056058
Curse;0.02083687550716754
Forge,;0.025994490205560432
(LIST;0.015876026879074176
ALTERNATIVES;0.023126712533020632
HERE).;0.011137771080450568
