text;attention
I'm;0.03619878447763583
sorry,;0.02764518779840863
but;0.01865112604890015
the;0.022550510111425427
equation;0.028371826302542025
you;0.01890758169334925
provided;0.019197243553286593
is;0.017639131649843286
incomplete.;0.053097877600783557
There;0.021518310079779827
appears;0.020402382559070516
to;0.016919390295644654
be;0.017539127206153766
a;0.01802719550306805
variable;0.023774184427961382
"""n""";0.07772917953457369
that;0.016637319293986996
is;0.015567955531861605
not;0.015853287936157028
defined,;0.023801811013295416
and;0.01716521276033276
it;0.016213366013612066
is;0.014530730072135236
unclear;0.018500111822074006
what;0.017261274347147654
the;0.01587890060460299
function;0.020135586365822265
"""f""";0.03412278538152173
is;0.01659646201947938
supposed;0.0157046100719344
to;0.01444294285677598
represent.;0.023539342385356907
Could;0.01793577286793336
you;0.016359596129453355
please;0.015986026762684336
provide;0.016477337425469914
more;0.016016579005710952
information;0.016899226280579358
about;0.01606132604563616
the;0.015410935877164595
equation;0.015229037997573141
or;0.015350596766725854
the;0.014798119350074738
problem;0.015780158934821854
you;0.015195760126242908
are;0.01506514488658899
trying;0.014178897776316115
to;0.013882335428890648
solve?;0.01525241101961078
