text;attention
Do;0.0211293038573537
something;0.029583385022368645
that;0.02204511248148318
you;0.024726746652401838
are;0.023844883352222228
comfortable;0.02355121665222153
with;0.023902460010671728
and;0.021810403685686916
enjoy;0.022842797686634032
that;0.02305386663771321
can;0.022581301636882777
be;0.020514507976966533
done;0.0222075764688812
with;0.022044525792264656
a;0.02063138242441164
group;0.025543875639865227
of;0.020504707299368582
people;0.022708940824438913
that;0.020499827426643524
enjoy;0.021648190918436616
the;0.02084145684510494
same;0.020433012383811077
thing.;0.028077166134556245
You;0.02129195635892979
won't;0.03739675201598041
immediately;0.024284734925449955
be;0.021742177996316257
cured;0.02655603559314572
of;0.02126540829154957
your;0.02119111341605936
social;0.02231325881989866
anxiety,;0.02409960707222914
but;0.02239350243317652
overtime,;0.025574703456646832
it;0.020584082737388956
will;0.020316012871571407
help;0.0222716916806119
you;0.021805414201250737
with;0.02074070904791053
being;0.020078593132468292
comfortable;0.02060517394373473
around;0.020486803980857556
other;0.01989303661328206
people.;0.02038258360115268
