text;attention
King;0.01852311478865847
Henry;0.024967197253187225
IV;0.038065369624736126
had;0.020459569845539753
3;0.017496360620149778
children:;0.08841315709466187
Henry,;0.021263074912527116
1390;0.03363321221815255
and;0.017155284928422224
died;0.022862847272959667
in;0.01391582965476672
1422;0.03312235663029483
Thomas,;0.03167607508704491
1397;0.02209895698645556
and;0.013898845880197873
died;0.014293571227112487
in;0.012327903616208882
1421;0.020935664872411157
Joan,;0.022008116923751625
1399;0.017468469371775635
and;0.012313907283838813
died;0.01248307273502772
in;0.011650164777283822
1433;0.014884504936732369
At;0.013516768876239614
the;0.011992566063043351
time;0.013527526932890544
of;0.012442887845818146
his;0.013073481829465234
death,;0.018117156492846367
Henry;0.01401705276503363
had;0.01392904073529842
no;0.013363011879646598
living;0.013842401216968017
descendants;0.01891907842625811
as;0.014283484561178955
all;0.013549671415685602
three;0.013564910139593489
of;0.011872470983774079
his;0.01235482252153257
children;0.014259315496165369
had;0.012496959294393421
passed;0.012212982889335158
away;0.013023534094127244
before;0.012139794716098816
him.;0.01448449737607091
Some;0.012830920826894063
of;0.012240476085400673
his;0.012592672197779839
grandchildren;0.017754864487473838
and;0.01213179157597702
great-;0.012188745291433151
grandchildren;0.013298445472272312
had;0.012330743027871401
descendants;0.013989778620225862
who;0.011710733390238127
survived.;0.012030783931072946
