text;attention
Not;0.024576423356943395
that;0.023420475330838342
much;0.025626909411265518
I;0.02300059037899783
think.;0.03744656531971253
There's;0.03973854763383153
already;0.022943935829190812
the;0.021677674278205272
option;0.026718633947650876
to;0.022258717696168797
flag;0.024834416818263476
and;0.02180011969229043
label;0.024334919018743083
almost;0.020601665535554658
everything.;0.03214915411536965
Sometimes;0.02352067570292327
people;0.024147051491092794
don't;0.0322370560134086
like;0.02178263077136913
the;0.020743649045521208
truth,;0.02750266273752937
but;0.022583729362033487
that;0.020426224623092258
doesn't;0.024567756706305798
mean;0.022035235949873024
an;0.021527464150003995
answer;0.022315360448518153
should;0.02204107446859945
be;0.022176489745291208
altered;0.025162379064842522
to;0.02217120407949037
be;0.022665993324727504
more;0.020999544938842953
comfortable;0.020803246840968754
but;0.021582853560764115
false,;0.024356366473226244
or;0.021495709746429354
even;0.02097561022275063
a;0.020205143405677518
straight;0.020719141041588333
out;0.01963108315689678
lie.;0.020495914565207003
