text;attention
A;0.0008118170580213279
hard;0.0007092462704864968
boiled;0.0011608890925697646
egg;0.0012976398029670314
will;0.0007947275467602281
spin;0.001877908466101813
nicely;0.001206638664988477
and;0.0008254140198853131
a;0.0007597911003931045
raw;0.0011789054243895153
egg;0.0011850912181317127
will;0.0008000433537127561
wobble.;0.9746262529567239
The;0.0009185121184732111
raw;0.0007823323152624093
egg;0.0007691872611276491
is;0.0007083082311967496
full;0.0006744760364094653
of;0.0007439152757513103
fluid;0.0009061746484111458
which;0.0007484132712137476
Moves;0.000836159886921908
around;0.000733573967681718
as;0.0007123640531144479
it;0.000665389384443787
spins;0.0008891592590273718
making;0.0007238382451812131
the;0.0006260728820699669
egg;0.000618609425158379
wobble.;0.0007091487634242514
