text;attention
Here;0.04773706686827938
are;0.046096024621814675
some;0.04539603920522353
synonyms;0.05011099259288459
for;0.04715096150905963
"""problem"":";0.06568669357025324
Issue;0.04614199562421792
Difficulty;0.04685455399330018
Challenge;0.045708532220922915
Obstacle;0.05231429227090753
Dilemma;0.04856557401956991
Predicament;0.04835696566026497
Complication;0.045311868746017496
Trouble;0.04522428593885444
Hurdle;0.048336103932576084
Snag;0.04506534848028362
Barrier;0.04687057314686281
Setback;0.04599994683455602
Crisis;0.04390988201952057
Conundrum;0.04509711798549742
Quandary;0.044065180759132995
