text;attention
There;6.0087559097660356e-05
are;8.17670936489928e-05
several;6.498268816783399e-05
ways;6.466940009698626e-05
to;0.00014980979158309648
output;7.385487213161504e-05
all;7.37307275009699e-05
the;0.05840957698213597
contents;7.386520676891878e-05
of;0.00022065452875241612
a;0.00021643913203696366
list;7.465350826684776e-05
in;0.00015794416657874955
Python.;0.08350277011197509
One;6.464057125100446e-05
of;0.0001882677460195166
the;0.005043296272013058
most;6.513771839311286e-05
common;7.088375798295768e-05
ways;6.551784070719768e-05
is;0.000102853898876727
using;7.187161291480459e-05
a;0.00013162075968231124
for;9.172771397343308e-05
loop:;0.00010659770676966247
***;8.342345402306024e-05
list;6.604438191728494e-05
=;7.002637541498021e-05
[1,;0.0014565154832780626
2,;0.0010770096772179335
3,;0.0006391370646459618
4,;0.0004122298364475149
5];9.498103371852978e-05
for;8.896871640776745e-05
item;7.029958562124731e-05
in;8.879553708397374e-05
list:;9.988795540810868e-05
print(item);0.0005583299908436907
‘**;0.015334133512440416
Another;6.515042708980048e-05
way;7.412029673892858e-05
is;8.786619078429255e-05
to;0.0002044928147150595
use;6.890534196261836e-05
the;0.00948874266393412
join();0.00046279774859167
method:;0.00011184759305968627
°°;8.817761436304624e-05
list;6.614538143207227e-05
=;7.006524727010608e-05
[1,;0.0010869620381461181
2,;0.0006502517695706803
3,;0.0006864504578757218
4,;0.0004310239104366439
5];8.937054924992405e-05
print(*list,;0.0013748158974148004
"sep="",";0.002140507157990736
""")";0.00029287450141521034
°*;8.434955178575153e-05
Finally,;0.0006624456522337129
you;8.087810818742075e-05
can;7.281126525564731e-05
also;6.531017931961219e-05
use;7.103542220977708e-05
the;0.008894971305597818
str.format();0.03940038784582502
method:;0.00010691516237242094
***;8.322389482369337e-05
list;6.526735613032499e-05
=;7.081821206281754e-05
[1,;0.0008187760340102306
2,;0.0004176773763290829
3,;0.0008241353052757264
4,;0.00038521775242311257
5];0.00011109343224898746
"print(""The";0.02110835041486098
list;6.91947866930997e-05
contains:;9.168525032548045e-05
"{}"".format(list))";0.7395235978781423
°°;8.428624005131789e-05
