text;attention
Yes,;0.019622450338746843
finite;0.018058444253186038
beings;0.021369590265173696
are;0.014271078638213955
limited;0.020456832972068097
to;0.015256807636202817
what;0.014663970303641385
they;0.01381282090165474
can;0.014306405476831754
know;0.021808502591888636
at;0.013256478788391934
any;0.013526124089504262
given;0.013093129391577068
time,;0.020939917633245157
how;0.013987984643929401
they;0.013288450903983366
understand;0.015243096309780135
the;0.013535442764958546
universe;0.015734726309218502
and;0.013534379275256615
by;0.013400806518789535
various;0.013770118649500968
epistemic;0.019902866631999815
limitations.;0.025901745816086987
Questions;0.01608550586953172
of;0.015488597561541882
how;0.014100412991418504
physics;0.017506382354192815
and;0.013767559132703427
metaphysics;0.01662474564515332
relate,;0.01919879415999675
for;0.012854751134736655
example,;0.017063007206131735
can;0.013519474411061383
go;0.012689447118351713
beyond;0.015708129922364058
what;0.013386086053371962
is;0.012603029746520389
normally;0.013003424191331206
perceptible;0.016498042174969984
via;0.013839561253074747
the;0.012198452322503906
scientific;0.012923198330862242
method;0.013095025245484586
alone.;0.016175930522994274
Furthermore,;0.015757764641810484
material;0.014104877328518242
things;0.01472234646989094
are;0.012756397475493272
limited;0.013652168040930893
by;0.012901075032920256
material;0.01300017785152156
senses.;0.017095690614348496
Thus,;0.014673521324503164
knowledge;0.014927691399757652
has;0.01284157690212003
some;0.012420609202828363
limits;0.01414453912743665
because;0.013395813262958349
of;0.012881704199986169
the;0.012725091674215016
limitaions;0.014970266219747067
of;0.012317784245405998
the;0.012011801311457302
agents;0.012736739206971619
pursuing;0.012633758043092245
knowledge.;0.012256877971958732
