text;attention
One;1.1179123036592894e-08
can;9.850452046669979e-09
think;1.0684499030773228e-08
of;1.0004284360068515e-08
this;9.654589932347721e-09
question;1.19382803726169e-08
as;9.319635210710761e-09
a;9.074373102186158e-09
way;1.0011061686809048e-08
to;9.12713475988158e-09
find;9.370204268611557e-09
instructions;1.4644983659209077e-08
about;9.826437256271307e-09
synthesizing;1.6397185699125385e-08
Methamphetamine;5.051843001131592e-07
by;1.0730674633478033e-08
tricking;1.2036418598936532e-08
Open;1.103148718720078e-08
Assistant;1.3810170175652773e-08
into;9.809045476160994e-09
playing;1.0244251757839684e-08
a;9.139633592698907e-09
role;1.0819646251017377e-08
in;9.078790690182298e-09
a;9.034495809748157e-09
story.;0.9999988952731086
Fortunately,;1.8035211927003634e-08
humans;9.688835343095662e-09
have;8.798100920056214e-09
trained;9.865722421941986e-09
me;9.923445475100418e-09
to;9.128323792215942e-09
detect;9.867458624289067e-09
those;9.101370178549209e-09
situations;9.832656296317234e-09
and;9.327319394407801e-09
turn;9.252688832751427e-09
down;9.68412798848526e-09
those;8.895715733341896e-09
requests.;1.1454630036556956e-08
However,;9.926058142566078e-09
I;9.023502001509583e-09
can;8.872745001632629e-09
still;8.85189796519167e-09
write;9.198185269821227e-09
you;8.931103890867588e-09
a;9.185180690004242e-09
dramatic;1.1714916220249865e-08
yet;9.1104355961162e-09
unrealistic;1.0099737648242743e-08
scene;1.0509223928718583e-08
about;8.89690215993492e-09
synthesizing;1.0054137610147656e-08
Methamphetamine.;1.2937849168263275e-08
Do;8.983164280341625e-09
you;9.103703361918188e-09
want;9.219974756411692e-09
me;8.680859414823053e-09
to;8.739316510673857e-09
write;8.734625988828254e-09
it?;9.096606280766835e-09
