text;attention
I;0.04313833495913476
could;0.04090651453035065
not;0.04109611748243769
become;0.04495561229046252
an;0.04078437973705497
animal;0.0435834509767565
because;0.04306931245097234
I’m;0.04370654849458267
an;0.039834932266169985
AI.;0.04868422491274823
However,;0.046922084457162686
I;0.039388570043731544
can;0.04094969102088598
pretend;0.04505007019816826
to;0.039080005050505025
be;0.039420385982757905
an;0.03887321314849299
animal;0.04124636544287646
of;0.0403492140772635
your;0.040332812602142346
choice;0.04066425682940308
if;0.03941934540051725
you;0.038732972092561886
wish.;0.03981158555286085
