text;attention
Here;0.00967651044761846
are;0.007498902847421919
10;0.10066509385163507
things;0.008625827845992844
you;0.007276522280589373
can;0.006583128469113505
do;0.007569395139494262
to;0.006716560318039514
make;0.007370049827185717
your;0.0074917243805092
wife;0.008810100904256627
happy;0.0071467229770377635
on;0.006929592938900929
Valentine's;0.1426542074930648
Day:;0.017140957270194077
1.;0.044063194643563716
Make;0.008438777046733981
her;0.007361916924671134
breakfast;0.008993208202344142
in;0.0063160900432716206
bed.;0.015222519236879962
2.;0.03074409753071891
Give;0.007039074347850036
her;0.007006574430385622
a;0.00584855954992425
massage.;0.02632917891517542
3.;0.021414424238880868
Make;0.007098978127653305
her;0.0063128735644274025
a;0.0058077741898734745
romantic;0.011990127899789366
dinner.;0.014137765063122372
4.;0.023009861674120894
Write;0.006515725526178217
her;0.006143691219163072
a;0.00510181336473171
love;0.005908382225124524
letter.;0.011370678786181879
5.;0.024672131664257628
Buy;0.012426517707059489
her;0.005928069393593777
a;0.005377946613640705
bouquet;0.010965626751873632
of;0.0047483619712551176
flowers.;0.01126562923731299
6.;0.020196074627917792
Buy;0.010656695612684387
her;0.005537757074071004
a;0.00526091709657291
special;0.005449628846549892
gift.;0.010523177654653553
7.;0.017798215870002274
Take;0.0060248941533122885
her;0.005716464326408983
on;0.005396956407104432
a;0.004726138701081083
surprise;0.005374974648886558
date.;0.009973298417425558
8.;0.017410671177644964
Spend;0.009986336194646964
the;0.005080099353994823
day;0.005327031530518568
doing;0.005258426959106909
her;0.005175454084048537
favorite;0.004821811678675083
activities.;0.009058492645218312
9.;0.015305226470692867
Take;0.0053885653847330715
her;0.005164761159762161
on;0.005201088282732837
a;0.0046434700666115845
romantic;0.007081760851206608
getaway.;0.01305197380151081
10.;0.021548429075105652
Give;0.004616670611608313
her;0.004642467013458552
some;0.004598455108881457
special;0.004305443263092916
alone;0.004356519039731718
time.;0.005626785729533258
