text;attention
Here;0.0009968067001829375
are;0.0008706814155667701
10;0.0010278143103220555
things;0.0009136826264946703
you;0.0008080046140868314
can;0.000754683050601351
do;0.0008457965821058791
to;0.0007615552990476567
make;0.0007757468563104984
your;0.0007669430455936329
wife;0.0008719557354584921
happy;0.0007653039639610629
on;0.000744647347143409
Valentine's;0.0013252398410564714
Day:;0.0009186724737821432
1.;0.0009718013856693089
Make;0.0008064540248067735
her;0.0008360208594692108
breakfast;0.0008496469345304801
in;0.000744247389888842
bed.;0.0009345455909100513
2.;0.0009464784332865431
Give;0.0008624875369897978
her;0.0007725796707127123
a;0.0007354666383721048
massage.;0.0010988389877742782
3.;0.0008731683517903136
Make;0.0007574078879565308
her;0.000784104826720678
a;0.000734193508434342
romantic;0.0008852228052133793
dinner.;0.0008607135746240896
4.;0.0008586655492769209
Write;0.0008676923286794664
her;0.000746364766576409
a;0.0007287547986644009
love;0.0007907712179270504
letter.;0.0008566783975354511
5.;0.0008598254541357591
Buy;0.0009298641888511061
her;0.0007334367618182634
a;0.0007236270580141558
bouquet;0.0009242493600507352
of;0.0007176553228697288
flowers.;0.0008406110835185517
6.;0.000850713541622889
Buy;0.0008656686977230996
her;0.0007315462566169548
a;0.0007127739751604861
special;0.0007478579843375351
gift.;0.0008436653793845471
7.;0.0008237040998287821
Take;0.0007898612496355056
her;0.000742597177853595
on;0.0007289253203666047
a;0.0007087175143573071
surprise;0.000763379831802409
date.;0.0008127678525802933
8.;0.0008207864458406294
Spend;0.0008472867018799938
the;0.9359396628213611
day;0.0007268779647168454
doing;0.0007448851192566545
her;0.0007145170917888954
favorite;0.0007368192618570829
activities.;0.0007885536259698003
9.;0.0007976383283416626
Take;0.0007513360677634143
her;0.0007249339792776015
on;0.0007155682839424821
a;0.0007023263709185471
romantic;0.000778015899557529
getaway.;0.0008540792453738695
10.;0.0007985863390392555
Give;0.0007393957005070209
her;0.0007039641417038895
some;0.0007031942672669816
special;0.0006911276929963434
alone;0.0007354797896580034
time.;0.0006836774229312741
