text;attention
Here;0.010762803718580674
are;0.00999314698996216
10;0.02527565323174797
things;0.012397000576871181
you;0.010698532819513561
can;0.009759308110739098
do;0.011965808956333042
to;0.00966177040410943
make;0.009725224009031946
your;0.010234748555156886
wife;0.04797969758292608
happy;0.010860480669370941
on;0.009439636981887899
Valentine's;0.04039800518988608
Day:;0.017932259879140062
1.;0.022507141464845722
Make;0.011375475592873684
her;0.013405564943413018
breakfast;0.021873720769950134
in;0.00964484511596873
bed.;0.01853773597858817
2.;0.017594414983887512
Give;0.010813187683037113
her;0.012030239156173411
a;0.009442932061404953
massage.;0.018327615378259856
3.;0.014047312550809444
Make;0.009759184645675302
her;0.009582984163790024
a;0.00942511564410323
romantic;0.014284332196969727
dinner.;0.026944447515585675
4.;0.013689167472241918
Write;0.010398732863949654
her;0.009655764768518737
a;0.009010551550575249
love;0.010302283270012045
letter.;0.013675548699055833
5.;0.014557388109667677
Buy;0.011909007136053872
her;0.009870522719975162
a;0.009287254626560458
bouquet;0.012451597051639814
of;0.008786567062515382
flowers.;0.011855798797077554
6.;0.012674532370968616
Buy;0.010085496272259006
her;0.009286880978705775
a;0.008967519663563007
special;0.00926652214588934
gift.;0.013980114834806682
7.;0.01246862587774492
Take;0.0103844589291275
her;0.009921795043244986
on;0.009436987219883751
a;0.008982694681917662
surprise;0.009798283288701505
date.;0.014153637015610817
8.;0.012334566817373853
Spend;0.010677337516643381
the;0.008742393512518432
day;0.010113459158156866
doing;0.009438600644462404
her;0.009554244634326218
favorite;0.009657971021003037
activities.;0.01103833397344673
9.;0.0128356565405801
Take;0.009270877859414817
her;0.009220790572285947
on;0.009146582971780186
a;0.008892601136974546
romantic;0.009693211000869301
getaway.;0.011099572464439192
10.;0.0133752458298006
Give;0.008901084368456016
her;0.008955195753973409
some;0.008746017285361923
special;0.008912689197529433
alone;0.008729750599385135
time.;0.009125757170358724
