text;attention
Giorgia;0.04837166875713627
Meloni;0.13300845234990355
is;0.03196484301685676
the;0.027317610155723874
current;0.03752080547963214
prime;0.03269740270759931
minister;0.040940448109213254
of;0.027572010615241914
Italy.;0.07468786403067819
She;0.030298438450372674
has;0.02593835549551651
held;0.025147593114650875
this;0.02629329700907464
position;0.030238162443689372
since;0.03640692293477622
the;0.024460741039225034
22nd;0.02958667347523221
of;0.023234597027352154
October,;0.02942876684291006
2022.;0.05754721564642636
She;0.021955886078533066
is;0.021110449171593784
the;0.021427476328520836
first;0.02662515080089213
woman;0.03044240846274277
to;0.02381005096871134
hold;0.020694807796333724
this;0.02048812185123165
position.;0.02078377984022915
