text;attention
Giorgia;0.046081304966588486
Meloni;0.302198237525326
is;0.02649332212549341
the;0.021540868589984552
current;0.025846686434526117
prime;0.04177947415562058
minister;0.0358264184218156
of;0.023715170301100503
Italy.;0.06563364547920691
She;0.02187709051660867
has;0.018935864679073943
held;0.018920543603264766
this;0.022013139015291065
position;0.023144678723346936
since;0.024688642920737934
the;0.01974891260074993
22nd;0.029121504727472804
of;0.017655710425936832
October,;0.022671855040260522
2022.;0.034309017752564085
She;0.01781003933748319
is;0.016888598133799882
the;0.017763676131061314
first;0.018642248528278622
woman;0.019994067601595236
to;0.017077312385935555
hold;0.01658282299979532
this;0.016501745247591286
position.;0.01653740162949008
