text;attention
Sure!;0.02075864919590332
Here's;0.020639272702739887
an;0.012687212209477909
outline;0.01882049150007417
for;0.01486245781143531
the;0.013869999231354756
talking;0.013112358105484917
points;0.01481464776149767
related;0.014397093152846195
to;0.01475244971671858
a;0.013168186817014491
presentation;0.014327864154647799
on;0.013743966205381698
using;0.013690899287449133
Al;0.012239776661571299
to;0.016193089266070704
do;0.01346188805858114
product;0.013375641688386855
development:;0.03999827812851579
*;0.019878886479433058
Greeting;0.018057963800530794
and;0.013190404051080093
introduction;0.013361514702075911
*;0.014924581016154749
Overview;0.014281105154293889
of;0.014711438004190919
Al's;0.018653074627062033
use;0.012905173015264018
in;0.012962094209078446
product;0.011554342504697557
development;0.011700671178393792
*;0.014523915111879346
Give;0.011560764452185285
suggestions;0.014243520126319974
on;0.013129759294889022
its;0.012358776869910163
uses;0.011940127798668418
*;0.013933225911484635
Provide;0.01280026273315465
real-world;0.014889119854199577
examples;0.012601471671112545
*;0.013016086189351435
Provide;0.012446503335536227
a;0.01176809509156621
live;0.01209690332673755
demonstration;0.014142708605961873
of;0.012510392033000122
using;0.011936243330922205
AI;0.011525934656954645
for;0.011777480149235521
product;0.010788472172752098
development;0.011749092844138984
*;0.012355994339526636
Conclusion;0.013664680132776899
and;0.011679113933090688
sign-off.;0.02449201812610076
Feel;0.012793732359336098
free;0.014093637758690514
to;0.012433981504377278
change;0.013144403932201544
this;0.013928320685110402
to;0.01237591194612164
your;0.012497686552454229
liking;0.012118670101611224
and;0.011245629961379905
add/remove;0.014170663831788636
talking;0.011906358940113628
point;0.01185297874353498
at;0.010871930516848625
will;0.010864893542498952
:).;0.012675067135069898
