text;attention
As;0.018523396835900274
an;0.01442287589627086
AI;0.020117379227136852
language;0.01647982040430287
model;0.021567431238126746
developed;0.016659301810569287
by;0.013780238801558398
Open;0.013136171693613913
Assistant,;0.026706538169516545
I;0.01589633393197958
am;0.013083786829798447
capable;0.01455765459402136
of;0.013704745745477814
assisting;0.019062658565042398
with;0.014674401664782568
a;0.012758075008474113
wide;0.012001775730897947
range;0.012291219454807581
of;0.01256543565770716
topics,;0.018661362528402545
including;0.014143940465957969
but;0.012946403315747762
not;0.012069031573707782
Limited;0.014760745978471325
to:;0.019607758955019546
General;0.013552636897703746
knowledge;0.014370306376720755
and;0.01268979212950814
trivia;0.01533480716848112
History;0.015306938627904339
and;0.012926949975857608
current;0.013103700345253698
events;0.012781344010091638
Science;0.013718802849428608
and;0.01193271344518597
technology;0.013329104032671752
Mathematics;0.015481186466675012
Art;0.013081783926922386
and;0.012583128011910777
literature;0.012682703892355998
Programming;0.01600868157676543
and;0.012152724038369395
computer;0.01196736948391487
science;0.012064090331416696
Health;0.013593530949130132
and;0.011767736326303175
wellness;0.01289677014627054
Geography;0.01412378678876062
and;0.011657482896863839
culture;0.011658468742977084
Personal;0.013373335854457054
development;0.013659736750298315
and;0.01243782928238057
self-improvement;0.013696759884517231
Please;0.01568645452128655
let;0.013668332348988902
me;0.012824510080342485
know;0.013729380865116284
what;0.01295760638094281
you;0.012026017315497425
need;0.012320602661760832
help;0.012703439092584194
with,;0.013214769252909792
and;0.011838198086889075
I;0.011795037080886566
will;0.011563530570968915
do;0.011396196975543003
my;0.01116604684437468
best;0.011376211105703896
to;0.011329040266111274
assist;0.011186787533015134
you.;0.011105153730690142
