text;attention
Are;0.019968671096063945
you;0.014643695170744746
thinking;0.013273811282867887
of;0.013896667059127588
a;0.01378094789763698
solar;0.028209604537877346
still?;0.48406299300943373
Forms;0.01450811296808935
of;0.01740359979322437
it;0.02033773460564144
have;0.01807884289926321
been;0.016398268489820275
around;0.01717320167348533
since;0.016187589676591115
the;0.017929765802089763
Inca;0.0193826957358574
Empire,;0.019747277639355944
but;0.01654994074108855
there;0.02524006341770369
have;0.013837401569863739
been;0.013369955558952306
recent;0.014839966011044576
iterations;0.015378379931399032
targeted;0.013982650658404944
for;0.014775402105785847
remote;0.018992022711946218
areas;0.01546435523087299
with;0.014227511049916685
frequent;0.015759258508515884
or;0.013589628020394108
severe;0.013466405923709285
droughts.;0.0155435792232318
