text;attention
Send;0.026065259994809995
as;0.01975186938626743
many;0.01971045912863779
applications;0.030272328935619437
as;0.01960817966000323
you;0.018530765795987697
can,;0.03492729156834017
make;0.018996099163018393
sure;0.018110582032006706
to;0.017481344793683386
target;0.022534131562174157
several;0.019857302084577668
dream;0.026320917141159243
schools;0.038410375322400464
as;0.023331497209322885
well;0.022181712606982238
as;0.019552987833640966
having;0.018864599097403588
a;0.019288121303144647
wide;0.01720231678225953
range;0.016830576391006435
of;0.017408712458301646
backups;0.02944814973419139
at;0.017743408740150592
several;0.017900513185516196
tiers;0.02808660441611079
of;0.01688613310876486
preference.;0.025278551369450758
The;0.01835862737222897
more;0.018006237605650472
you;0.017016679826414593
apply;0.022539140012097347
to,;0.021959126385006585
the;0.01662725314194064
better.;0.019754641541070282
Don't;0.029588539703560773
worry;0.017464018662473647
about;0.017544724271528905
application;0.01771782573365111
fees,;0.029536934664757306
they'll;0.018939850547102458
all;0.016557354355635778
be;0.01604097458273342
worth;0.017040181408548807
it;0.01650472046943265
in;0.016049941846566034
the;0.015890543347742144
end.;0.01628189371692574
