text;attention
Not;0.24735862983749649
yet,;0.28179401065213916
I;0.23801171695622603
guess;0.23283564255413844
