text;attention
There;1.563649785954562e-06
are;1.641356410516471e-06
several;1.5951244073329616e-06
recommended;1.6883087723244645e-06
formatting;2.1579730834801997e-06
styles;1.7090979972166381e-06
for;1.6224330106929848e-06
C++,;0.45971154918345014
but;1.574806154259014e-06
the;1.7671624616883003e-06
most;1.5715121468272945e-06
widely;1.586705166258731e-06
accepted;1.6871728288877822e-06
one;1.533604202444442e-06
is;1.603382572404309e-06
the;1.8621984449265003e-06
"""Google";2.356272017741999e-06
C++;2.441556659403476e-06
Style;1.5778476866059154e-06
"Guide"".";0.5376229543513161
This;1.5764504842736698e-06
style;1.640675711116911e-06
guide;1.640624126704327e-06
provides;1.7891542203559793e-06
a;0.0008708212661806869
set;1.5872917578661118e-06
of;0.000876192280945759
rules;1.5830536251745982e-06
and;0.0008600334411088212
guidelines;1.6111549385389704e-06
for;1.5983907598654793e-06
writing;1.5999879983107838e-06
clean,;2.0104388986969786e-06
readable,;2.2918254900009755e-06
and;1.5989334232325093e-06
maintainable;1.9549903261502206e-06
C++;2.3828980831526273e-06
code.;2.0434433461119063e-06
