text;attention
Good;0.21193330280152248
morning!;0.15602994672898596
You;0.04814709069766597
can;0.051519304689249736
address;0.05430618562240846
me;0.04957920282168119
as;0.048891812742383224
"""Assistant"".";0.0926785255555879
How;0.05475278481340054
can;0.04822010539954988
I;0.04736464307971342
assist;0.04746587997693073
you;0.044831409908725715
today?;0.044279805162194825
