text;attention
A;0.02736968846682161
Confectionery;0.06540240343577546
makes;0.026682003409020216
sweet;0.026679028785262137
foods,;0.043340976133001544
high;0.022658884270409005
in;0.02512394411564607
sugar.;0.035311686607617784
The;0.024672399301831013
equipment;0.028699594325434636
needed;0.024827474470658212
to;0.024651326301510353
produce;0.029654996105626608
Confections;0.03839434415299345
may;0.02256267814135703
include:;0.05126045504177547
Ovens;0.03573255368114114
Proof;0.02480012004345214
Boxes;0.033350525183568784
Bakeware;0.03915507381370048
Mixers;0.0361101090046426
Work;0.023029253509659238
Tables;0.028838331309460924
Chillers;0.034959765604915934
Sinks;0.030216849053245495
Freezers;0.028159256182756956
Sheeter;0.02642997181197845
Storage;0.026504639342288375
and;0.02289091289409141
display;0.02353784958531673
racks;0.02452700499660756
Packaging;0.02318298785464562
equipment;0.021282913063787542
