text;attention
Narcolepsy;0.764610883283026
is;0.005651427081758449
where;0.004879611249952636
you;0.003785091672131888
always;0.003673163671457314
feel;0.00355699911406123
tired;0.005762860922274054
during;0.0033647204475691955
the;0.002880694829903307
day.;0.012193406227979294
It;0.003979368256177524
is;0.003577239015890288
chronic;0.003837033846637433
in;0.0032255320571101423
nature;0.003852773273419934
and;0.003204599308543691
can;0.0028897181781079623
often;0.003066969040426789
be;0.002782454471070715
very;0.00298782376951409
overwhelming;0.00427015155399688
to;0.0032014970103436723
people;0.0036251150823821904
who;0.003200392138722119
experience;0.0032312068853749443
it.;0.0059478834791037785
I'm;0.01651911563970148
not;0.0032897116057029083
sure;0.004046957816173693
if;0.003009564597471366
you;0.003543453552487896
have;0.0031654860922467826
it;0.004269018068522434
or;0.003320598234201561
not,;0.006499302181091321
as;0.003390274892520875
am;0.0030011653814211105
not;0.0035148179509509035
able;0.0030586984784392143
to;0.0026288887588052255
read;0.00270053139501821
minds;0.003330161073405773
yet.;0.00851117641526179
If;0.0027460387377802008
you;0.0028001803048491717
are;0.00267653713158844
concerned;0.0034345263984390537
about;0.002816968288650732
the;0.002648005158338856
condition,;0.004004797054776315
consider;0.002964692588813298
speaking;0.0028486357262636425
to;0.002975905234284424
a;0.002853563184650282
medical;0.002961575880758943
professional;0.003237385549307525
in;0.002708757540246445
your;0.0026415572799161693
area;0.002813763936155398
for;0.002650445439543737
more;0.002524309883549829
details.;0.002654816681729423
