text;attention
As;0.016682527716012082
an;0.012979226766214472
AI;0.016810467410232822
language;0.014534915110997415
model;0.020065185356629777
developed;0.01364448604823486
by;0.012895045000153043
Open;0.012563599539297851
Assistant,;0.029809233187949487
I;0.01609328760593788
am;0.011815977214126692
capable;0.014029774536348428
of;0.012376313812798518
assisting;0.01781144035331321
with;0.016613357927600787
a;0.011326654015333528
wide;0.011072077606157707
range;0.013972203728660197
of;0.012056958854181865
topics,;0.026501613383069365
including;0.016127216920733975
but;0.014533366595632846
not;0.011972984919394861
Limited;0.016721872983842596
to:;0.031131110394986915
General;0.014510931004355092
knowledge;0.020362489584896865
and;0.012636577067744905
trivia;0.015531467892964517
History;0.02195424654472533
and;0.012735420147045734
current;0.011983284932662614
events;0.015455758839878793
Science;0.014487286108670961
and;0.011078100272340652
technology;0.012644742495526239
Mathematics;0.01321563857088517
Art;0.013271506351878832
and;0.010943608423370789
literature;0.012453482221214203
Programming;0.013864599572416621
and;0.011421368842306674
computer;0.010641288497613477
science;0.01313113890608169
Health;0.012511030927561166
and;0.010520308061719106
wellness;0.011871627158105129
Geography;0.013100500815565035
and;0.010786450892359443
culture;0.011687677218378724
Personal;0.011641960529158911
development;0.012807588645142174
and;0.011169774417207713
self-improvement;0.016621221126234664
Please;0.015113435200031626
let;0.012756007354234043
me;0.01177935639163619
know;0.012698568500212622
what;0.01181086484375237
you;0.011075265115160942
need;0.012124227006856825
help;0.012423156762659187
with,;0.013590052746909225
and;0.011393454136732198
I;0.010836512628973628
will;0.011272597349903287
do;0.01149360783006708
my;0.010291338715845004
best;0.010773365717460699
to;0.010309261782722212
assist;0.010613172750129126
you.;0.010463782110861353
