text;attention
A;0.16636805668712543
tree;0.17694722208818228
that;0.17307553907028794
lemons;0.1822762947160156
grow;0.1539708665286026
on;0.1473620209097861
