text;attention
Here;1.0971065769633303e-13
is;1.0832869883340457e-13
an;1.1157587691256003e-13
example;1.132373537693185e-13
python;1.2987802926274008e-13
program;1.1317272408733407e-13
that;1.0628806447314917e-13
runs;1.1186774847192177e-13
shellscript.sh;2.1559236413634447e-13
every;1.1092477071209234e-13
60;1.0874620015991606e-13
minutes:;1.2249537948099908e-13
import;1.0796606170272132e-13
time;1.0794475981412693e-13
import;1.0989137181693442e-13
subprocess;6.822469248395122e-06
while;1.0978323647044235e-13
True:;1.418228348552301e-13
#;1.1588853935694817e-13
Run;1.0679081246731403e-13
the;1.5578828589143586e-13
shell;1.1801884782383173e-13
script;1.140393296562566e-13
"subprocess.run([""./shellscript.sh""])";0.9999931767926645
#;1.1346393382884652e-13
Wait;1.1052358184565147e-13
for;1.0548196225958245e-13
60;1.0971615572095587e-13
minutes;1.1041373684766699e-13
before;1.215524294444922e-13
running;1.1347873726138993e-13
again;1.0734528025363771e-13
time.sleep(60;3.007373119174834e-13
*;1.2067979769444524e-13
60);7.34124187192282e-10
