text;attention
Sounds;0.012334553487891956
like;0.006400215430624661
a;0.006268530707869943
fun;0.007682537157197664
idea!;0.025562530945922493
I;0.01040740052384474
can;0.007485094319316492
draw;0.008779541642773017
us;0.009796047899737061
a;0.006706534871155527
playing;0.011524448185964145
board,;0.029181741052541912
like;0.0065345030009241545
this:;0.017515553678595575
|\_|A|B|C|;0.2348973102956913
------;0.018516545768164753
|1;0.013339787965240645
|\__I\_|;0.033704561665179766
------;0.009651319831651326
[2;0.010370085907292234
IAAL];0.033731967826720194
------;0.007657874723012566
[3;0.010160310064961509
[LJALIA_|;0.03225890428717477
------;0.009645589320534508
You;0.016949705286019995
can;0.0076544645838791175
tell;0.007411591148054239
me;0.007170070903093376
your;0.007817256761674968
move;0.033757847404641994
by;0.008817905768071854
writing;0.00812520513870502
X;0.014765494303505869
to;0.00888488305655913
At;0.0071095013215129186
and;0.007923369316747099
the;0.006460419582128221
game;0.008315662306403702
would;0.006761899370909498
advance;0.007151344561803715
like;0.006414895954714064
this:;0.008730329226760966
|\_|AJBIC|;0.026841360230089425
------;0.009602468038043223
1;0.012135999881950374
[X|\_ILI;0.018754293815860135
-r---=;0.010987423127632259
12;0.011324255475479533
LILI];0.011373579802450153
---2-;0.007871944185180443
13;0.009419548073424315
I\_I_I\_|;0.009377793898969847
------;0.006700737766171545
Would;0.007792893276883293
you;0.0070477001904054905
like;0.00652560564051619
to;0.00630382015846684
make;0.006305806335073072
the;0.00617384475230548
first;0.006603494219823426
move,;0.008553453647867854
or;0.006607548450420017
do;0.006150670313881183
you;0.0062087846638230115
want;0.0062855224030847505
me;0.0062669541258954615
to;0.006148553651453708
go;0.0060295880454807015
first?;0.0062710192741993655
