text;attention
The;0.19591296384351392
simple;0.13565534124105108
answer;0.1461866279717764
is;0.16318447704827116
1,454;0.22533236448728383
feet.;0.13372822540810347
