text;attention
This;0.0468438721345615
will;0.04146761216200677
list;0.05262100352162818
the;0.04246310841642004
files;0.04833975641286437
and;0.04373238983878359
directories;0.047076533277190316
in;0.04519595003908443
the;0.04154274514639528
current;0.04222182957114731
working;0.039797506499220085
directory.;0.056546910355603934
The;0.042635149440085035
output;0.04283713376645979
will;0.0406864761657091
be;0.04108461241812582
a;0.04060691851912411
list;0.04281273252269445
of;0.04101128302265725
file;0.04121569594789186
and;0.03906515006224514
directory;0.03941928484403127
names.;0.040776345916070454
