text;attention
To;0.019153690203585365
the;0.010517231804641291
best;0.009050005462708819
of;0.009481426957824658
my;0.010003556377569398
knowledge;0.012237905942212433
the;0.01471039179114345
Tyrannosaurus;0.3041557504926011
Rex;0.017389132675208745
was;0.020626665607762315
a;0.012135433640617446
theropod;0.02186401069264077
dinosaur;0.016195782675306865
that;0.011526394327310618
lived;0.01328214030322824
from;0.013235010071703857
the;0.013531119111619277
Maastrichtian;0.03897311548897814
age;0.01071223098373628
of;0.009260104420755198
the;0.009142167849397172
Upper;0.009683622719537448
Cretaceous;0.016766399800522757
period,;0.012325269016835418
68;0.01437644954617566
to;0.00864157250520774
66;0.010581787962344096
million;0.008895323077415576
years;0.009185390925422985
ago.;0.01574294972911219
Although;0.011962833913630597
some;0.010035253501397702
soft;0.011770993303928893
tissue;0.02349623804756611
and;0.010869082422161561
protein;0.013610710379907852
remains;0.011989517437860775
have;0.011370938899588744
been;0.009484671399676932
found;0.010153670263162507
there;0.010437041635011813
are;0.011449445646109098
no;0.010032730831442505
reports;0.010952905420281845
of;0.009603690267327169
any;0.00867183643077698
poison;0.014565618446969887
glands.;0.018512661460089265
So;0.011661016480952373
I;0.010314228781254335
can;0.009108032013542593
unfortunately;0.009553338601860651
not;0.009291725138061733
answer;0.00963610558402107
your;0.009009864091424805
question.;0.009073817438866953
