text;attention
The;0.011801475363900032
Boeing;0.015766002191194717
747;0.2307573719769469
has;0.013549584395973358
a;0.010646608362144134
unique;0.010231811889872938
nose;0.023166115855828423
door,;0.18992674520945443
allowing;0.014028345920981867
the;0.01000973610298055
nose;0.01518451934000151
to;0.01003054059007621
be;0.008188815215569257
pivoted;0.015146111661921055
up;0.010041320835615824
to;0.00856935242310501
allow;0.009543787017141927
for;0.00782182291579011
cargo;0.01494799054326204
loading.;0.02593675486774616
The;0.010799945291441756
hump;0.02094477984481636
in;0.009580846241469378
the;0.007854034136881618
body;0.013453865182363205
of;0.008342554383949803
the;0.008535341943556075
airplane;0.011924647836415305
near;0.009333381360324014
the;0.007795232772754106
cockpit;0.009743556274156894
provides;0.010966822752987535
more;0.008552331105308154
space;0.009148724975626831
for;0.008808166175703036
on-;0.008664730461564784
flight;0.010216255741530848
amenities;0.009078853651626258
such;0.008317084534960564
as;0.008078052854570089
bars;0.008166255281301684
and;0.007464310293713616
restaurants.;0.01194436989276512
The;0.008071018469021935
Boeing;0.009480696107189036
747;0.014620681630756546
also;0.009145403026362693
has;0.00757010808472366
four;0.007874928381147372
engines,;0.012668847977130604
making;0.00813096812990093
it;0.007512745797899892
faster;0.008497293181738405
than;0.008127225120910535
similar;0.007837540174324944
airplanes.;0.007453588249599967
