text;attention
The;0.010149648659979001
Bible,;0.022736165941135686
which;0.00894918942758209
is;0.007166888393775603
intented;0.017001660778739387
to;0.0071458078030727885
be;0.006905745908283988
taken;0.007454398809010413
as;0.006853447627907946
the;0.006515852894567874
word;0.007590513163380146
of;0.007127382091482129
God,;0.01417369471712746
gives;0.008743977619251678
many;0.007434620339666785
examples;0.008460546055700851
of;0.006807590434639315
the;0.006687960751454801
thoughts;0.009172603533457694
of;0.007819180002738976
God.;0.016348829813891654
1.;0.021610907850299732
God;0.007683211744870889
cares;0.011063676351788424
for;0.006431490617705043
us;0.007460136257021329
(Jeremiah;0.021069288026587394
29:11,;0.04512442463474353
Psalm;0.009755818157639436
139:16-17,;0.09363063233870272
Matthew;0.007050705992829429
10:29-31,;0.054808502930165565
Romans;0.0078624693149374
8:28-29);0.048573166781213026
2.;0.014028092312846924
God;0.006456228090106823
has;0.0060438016155719395
a;0.005991234261401537
plan;0.006639037093421366
for;0.005875914608181385
us;0.0064292664414033855
(1;0.007833019754029115
Peter;0.006410869409715609
2:9,;0.014504950438341938
Ephesians;0.01690966430320808
1:4-5,;0.016872286079399616
Ephesians;0.01554916667121276
2:10,;0.01166902146281604
1;0.006778464892781068
Timothy;0.0073191770585524394
2:3-4,;0.014591988178626277
2;0.006489710548932769
Peter;0.005722170770908803
1:3-4);0.016656163183689655
3.;0.010482889854372708
God;0.005970320457644906
will;0.005874841595921505
not;0.005915755460921702
forsake;0.00858732860425853
us;0.005969445464906213
(Psalm;0.009101232615954294
94:14,;0.012119007435947146
Exodus;0.008067618533524236
19:5,;0.010245641310569356
Joshua;0.006202883190046598
1:9,;0.008304564686364337
Deuteronomy;0.007869336067248106
31:8,;0.008719554948971834
Romans;0.0059433312144411875
8:38-39);0.013520452117203317
4.;0.007988565412254244
God;0.005544182082957683
is;0.005432202218057227
looking;0.00560912056287426
forward;0.0057357889961797345
to;0.005445530536689952
spending;0.006328868693634435
eternity;0.0074280429299826665
with;0.00538192570282719
us;0.005607756580234422
(John;0.006250191716321461
3:16,;0.008566262837703387
Romans;0.005683457537626027
6:22,;0.007560104444974933
John;0.005258839665830665
4:14,;0.007325035988248642
John;0.0051893787113819955
14:2-3,;0.007216704740514223
Revelation;0.005679044440752209
21:3-4);0.005734429702161034
