text;attention
Hello,;0.03102629898368155
I;0.02197771149678079
am;0.02264957476698678
Open;0.02353802999296221
Assitant;0.02811023771008286
and;0.023567592408630732
I;0.021577274278790814
am;0.02122480141002354
your;0.02284869671928073
assitant;0.027116766211898725
chatbot.;0.03776422696329657
I;0.021888124054735874
am;0.02206520377591788
an;0.02154726684475697
artificial;0.02055723736839341
intelligence;0.022331172201059322
that;0.021416528274519012
is;0.020535929305634915
train;0.02168492759261504
from;0.02341910653954333
large;0.02073999938715112
language;0.02025288260067864
model.;0.026846963737666173
I;0.02161682898317251
am;0.022492220858336326
deverloping;0.02803855082252769
by;0.02224591411213641
LAION;0.025017349023305258
AI;0.02058965726119285
and;0.022516203958615165
many;0.020979782001122684
contributors;0.023311180988655544
and;0.022237611838444787
1;0.020854117336610415
am;0.021726357240398755
open;0.019876563677644753
source;0.020140741734654577
software.;0.021992541797893606
How;0.020396447862785345
can;0.020866482425367455
I;0.02018413676265515
help;0.020041677213578267
you;0.01982691665160089
today?;0.020362164824214702
