text;attention
sudo;0.07612488110399233
dd;0.07982100302151326
if=/dev/sda1;0.22809419638489345
bs=4096;0.09203128843396563
|;0.050745512693061955
gzip;0.055275241921735295
>;0.04466634540978953
/path/to/backup.img.gz;0.37324153103104857
