text;attention
Sure!;0.032449941265640006
Here's;0.01711047738176668
an;0.011157160121710053
outline;0.017271932288996095
for;0.01461766132638236
the;0.0111987168581409
talking;0.012666956987288794
points;0.02844579008687169
related;0.016204533051127634
to;0.014005478690391813
a;0.011476019652582032
presentation;0.020796514381786195
on;0.016778149657449344
using;0.015663980154578996
Al;0.012649774066579899
to;0.02358700759093334
do;0.011351708514243036
product;0.011623592623487824
development:;0.06490294838235158
*;0.017446204231866057
Greeting;0.019420425585416914
and;0.01117644768187609
introduction;0.01343293519180356
*;0.01756309122899944
Overview;0.012367659823318973
of;0.011399039005952046
Al's;0.028586848323546344
use;0.012038638661496445
in;0.011447374674709597
product;0.010384122221827776
development;0.0127114176874371
*;0.017387051633350175
Give;0.011100899564123861
suggestions;0.013812279614646606
on;0.012829264872107376
its;0.011285036612942058
uses;0.011291144160105064
*;0.015492269101969507
Provide;0.012004124501284043
real-world;0.011842312790405242
examples;0.011686600526718681
*;0.013845880029519024
Provide;0.010702153875775866
a;0.009647309214595551
live;0.010259539388523814
demonstration;0.01244334942106425
of;0.010593673410786703
using;0.01027570515878195
AI;0.011876981127598283
for;0.010111351055425054
product;0.009203962778537914
development;0.009268012448301081
*;0.012022346043283687
Conclusion;0.012830453628107778
and;0.010260957592605572
sign-off.;0.01979099777130388
Feel;0.010297933394630516
free;0.010710694910025837
to;0.010330818662495182
change;0.012402991148598346
this;0.010953063781169075
to;0.011403663163642634
your;0.009435163952013591
liking;0.01108527806452489
and;0.010372023081598574
add/remove;0.011922682447719263
talking;0.009415529454034876
point;0.010018203486891575
at;0.009142409287839352
will;0.009185922319535255
:).;0.009527419122859182
