text;attention
First;0.022058303163427603
of;0.0187370463687602
all;0.02311265288204191
it;0.019700985731751438
would;0.019218750700273193
need;0.022948231764511707
some;0.018669058679615068
way;0.0215435989133158
to;0.02078509030135357
tell;0.021662846813937126
where;0.02303410449746678
you;0.018780662612089227
want;0.02041440782215809
the;0.0188847470047511
pictures;0.02861409665901365
to;0.018826996417967097
be!;0.04590551674992943
It;0.0196571189891885
would;0.019166371970665237
probably;0.02087806089154273
be;0.017437702319928645
easier;0.02148885875511073
to;0.022293038601421542
format;0.019667601949808638
the;0.018570904887257177
story;0.02107142454462756
as;0.020791306421677293
markdown;0.02874941538561433
and;0.022024358092433576
insert;0.019837917540892275
images;0.024956684334840783
using;0.02047838923213399
![image](./pictureN).;0.09203195091134965
You;0.018903577011241235
can;0.01834546045478867
then;0.01979025813329849
convert;0.01973280241441256
this;0.018620221342665128
to;0.0196018653549888
any;0.018196680082268907
arbitrary;0.01834735855160442
format;0.018602800663657534
using;0.018814076887125473
Pandoc;0.01904669719309327
