text;attention
MongoDB;0.080332264230441
does;0.02298355321407595
not;0.023548108131089367
have;0.02240582820761513
many;0.022087786082491553
hard;0.01798635393434784
limits;0.03399747035891772
on;0.026467077736667965
the;0.018388872431542667
amount;0.01898207768280706
of;0.018482649783890893
collections;0.02623875248116862
you;0.020010420702362686
can;0.018671129417877193
have,;0.026659979821675193
and;0.020900738358800457
it;0.019686526139280815
depends;0.023536723666797668
on;0.020283325873231544
what;0.01933529376091583
kind;0.017881147397832937
of;0.01786953262554613
project;0.020826718358296078
you;0.01757505569569952
are;0.01785333995317452
working;0.017066009882177505
on.;0.02496866936792537
For;0.02045185188382229
your;0.018577542338561702
usecase,;0.02884469357375229
it;0.01793082497833955
may;0.017829440835630397
be;0.01696663756384703
best;0.018992777990807442
to;0.01951770981017317
have;0.018126113704095947
one;0.018463929262960813
collection;0.020153145014099854
with;0.021087167592951195
a;0.01723601390505209
field;0.01864093760778409
called;0.01977475529043784
"""category""";0.02056780941510447
as;0.017075918382136727
you;0.01699708446531647
considered.;0.017740241088477455
