text;attention
Yes:;0.11394431954176122
My;0.05657587682260234
dearest;0.06880852528650815
without;0.05159595596883911
you;0.06161185214089881
there;0.04886418282959039
is;0.04708703062554956
no;0.04887798945453944
logic.;0.07986695209942656
true;0.052238000163591675
=;0.06099668309134986
false,;0.06852369413686057
come;0.049699982264658105
back;0.053535738208388244
to;0.04552509310136144
me;0.04589656440945439
quick!;0.04635155985462016
