text;attention
Yes:;0.14078470524254727
My;0.05546857806647426
dearest;0.05771888903997699
without;0.06462372580464944
you;0.06797375911202187
there;0.053128995791183097
is;0.04808663947368474
no;0.04959259687503436
logic.;0.07739265389754452
true;0.046542653692920856
=;0.05401740834676016
false,;0.06524703575272357
come;0.04541412425409857
back;0.04906057810754694
to;0.04071809537383774
me;0.0414244160701416
quick!;0.042805145098854046
