text;attention
Sure;0.016267887754672285
thing!;0.02302801841359621
Here's;0.027548333493328123
a;0.01229365936383033
list;0.01385406659309643
of;0.01381127408061502
cheap;0.013260233001616564
first;0.012962763668609217
date;0.013671124362208313
ideas;0.0150935430493391
for;0.01462330859707421
a;0.01300038841095239
college;0.012522481744734781
student,;0.01911954700212974
with;0.013143299468485402
price;0.012539606111461012
estimates;0.0148523266554077
for;0.012770993985677425
each;0.012552944722406024
of;0.012937071231117437
them;0.014197768143036932
in;0.013699644923395005
USD;0.01678129295087393
1.;0.025017708724001712
Grab;0.014827838672700105
a;0.013091126312931597
cup;0.012443823048641339
of;0.012348370297709991
coffee;0.016517876763951236
($5-$10);0.04968308918060298
2.;0.02443761551488635
Go;0.012581804279595125
see;0.012890845992440829
a;0.01222011236706049
movie;0.015599768351118202
($16-$24);0.029930039437228124
3.;0.02566062446080722
Go;0.012384595041805327
for;0.012690244228587987
a;0.012072434377233168
walk;0.014144033589838888
in;0.012776934331594747
the;0.011668912422527454
park;0.013643860819387118
($0);0.01737118183073079
4.;0.015481781500962428
Go;0.01219829825983224
to;0.012151089604433273
a;0.011928732620212278
comedy;0.012237325976365678
club;0.013233861839742712
open;0.01151961169046438
mic;0.012601152814465685
night;0.013390605854785293
($0);0.01582761192297801
5.;0.014971650165708346
Visit;0.012637955272803562
an;0.011856430800535892
art;0.01148754881675903
museum;0.013430315529497465
($0-$35);0.019695347433381544
6.;0.012976728122342988
Go;0.011631637366879399
bowling;0.014016051411058597
($8-$16);0.018191845223746825
