text;attention
The;0.048629264483054296
mathematical;0.05725062838062169
requirements;0.06089576178414916
to;0.05013297114738563
get;0.04798864139257218
into;0.05158959260084343
neural;0.04761241667367695
networks;0.04793929720834578
would;0.04790452877716871
likely;0.04837977368538727
include;0.04755358321614102
advanced;0.04863116305728827
algebra,;0.05719824381727444
trigonometry,;0.05808214192001716
linear;0.04445625878045781
algebra,;0.04854974788683283
and;0.043940704746865886
calculus;0.04413178239253352
at;0.042745533379310224
minimum.;0.05638796467007378
