text;attention
Your;0.31414642082858624
boss;0.033008885770433496
might;0.010891318549696993
like;0.011700913077256823
the;0.009051039196299952
AI;0.013705598237419594
better;0.011088910016079255
than;0.007766122441506872
you.;0.021033326542269526
No;0.009613605489057733
seriously,;0.013255229605113307
you;0.008885540794517482
might;0.008403338439474339
include;0.010977218497704968
patented;0.013244054781714521
code;0.00920093655596878
into;0.008818566169371942
the;0.00796369358062306
software.;0.013998247875716645
That;0.009735082322056908
might;0.008503761995577914
very;0.008996568602525595
well;0.007946946589951827
be;0.007797686666724918
extremely;0.008073182150386092
expensive.;0.013733797784928264
Or;0.008243098935053468
just;0.008078584575590228
copyrighted;0.01202746997922118
software;0.007985257218177659
which;0.007767846113902415
would;0.007571172195177102
also;0.00737281250744103
be;0.007169683803322829
expensive.;0.011364764150911108
Also;0.00853996529993113
you;0.008155878130862155
need;0.0077618171890541906
to;0.007472443478095514
make;0.0074791145341884194
sure;0.007450124083473842
that;0.007410480833302475
the;0.007327535862643341
software;0.007414672306959547
followed;0.007394580186218068
the;0.007082882074116933
guidelines;0.012173948574850189
you;0.007157325670897242
are;0.007065868612088316
using.;0.00849495226547446
There;0.007800377965277993
are;0.007084798891819961
different;0.007174205058086385
ways;0.0072539474212696175
to;0.007040270430510912
indent,;0.008275169270142307
some;0.0069711475045987166
have;0.006973834935810027
rules;0.007026275441836298
about;0.006880809395121024
levels;0.0070424943110717324
of;0.006836825446498864
nesting;0.0073251237606571755
etc.;0.007704276952551967
And;0.006945776194646173
of;0.00704567611655507
course;0.0068460210761217034
the;0.0067822364195999005
nature;0.006877258114631664
of;0.006739469112580005
and;0.006749687832539659
the;0.006659246176499515
amount;0.00672437550438157
of;0.006628064603774439
documentation;0.0067011468151769275
embedded;0.006649832475757214
in;0.006596659254711654
the;0.006561020488556092
code.;0.006601701887299532
