text;attention
As;0.04487876603165144
an;0.012849171983556456
Al;0.010109401985440008
language;0.024677602524028626
model;0.03881209672606598
developed;0.014493815781934748
by;0.011347022202189387
Open;0.011130541606965015
Assistant,;0.03313187346963558
I;0.02589513040829379
am;0.012477454791863813
capable;0.012102135799689166
of;0.012366245239835132
assisting;0.027566957911361368
with;0.012334626428334832
a;0.01178092803849765
wide;0.00956584421099563
range;0.010497736673544903
of;0.010306089146718222
topics,;0.028403937706153595
including;0.013092383718653308
but;0.010282238230192567
not;0.009838636428093026
limited;0.010274855042789667
to:;0.017677446446294272
General;0.013786253614646466
knowledge;0.020487513357981414
and;0.013261965512725049
trivia;0.02324894644048877
History;0.020119006563945194
and;0.014154775282237433
current;0.010790440373754675
events;0.01273815930057071
Science;0.01617938739428358
and;0.01053632244857334
technology;0.011851455718754168
Mathematics;0.018014456184773715
Art;0.010932618184722706
and;0.01096617893497054
literature;0.011453832543612064
Programming;0.01766148336509176
and;0.010158466000735377
computer;0.00966502295679197
science;0.010145322170760675
Health;0.013114433974366752
and;0.010136705110471175
wellness;0.011999042262300882
Geography;0.014203820249428194
and;0.009302217909738229
culture;0.009720840938706714
Personal;0.010519017311977075
development;0.012791532055461604
and;0.009522755825879598
self-;0.009686985693443612
improvement;0.009389287230064138
Please;0.016400722760421833
let;0.011059118440949174
me;0.010579674473999285
know;0.010610416392150218
what;0.009590001495801977
you;0.009361068201232425
need;0.009545550655046043
help;0.010069491443639486
with,;0.010996282167785537
and;0.009146865014238002
I;0.009163722645007383
will;0.009090959237829323
do;0.008682154236287466
my;0.008528719361777548
best;0.008826247884599132
to;0.00859485315774091
assist;0.008610430627584095
you.;0.008712538359874367
