text;attention
Pizza;0.06147276268163091
is;0.012286652056815141
all;0.006049337944536073
about;0.009890954335883424
personal;0.0072587243461158125
taste;0.015423349223899721
and;0.007672986564265741
preference,;0.015736300919516027
but;0.011218741796097288
let's;0.011005327447268128
look;0.006693613058815669
at;0.0066590664969742065
the;0.00670608590820891
facts.;0.024684616571850133
Pineapple;0.06351720193137689
is;0.02110789700067508
a;0.007846793368332645
sweet;0.011312660953704817
and;0.0068234436916595744
tangy;0.01037647062914608
fruit;0.009852023199797577
that;0.009975301737889596
adds;0.010511173469875363
a;0.006012235290163464
unique;0.007102084246897583
flavor;0.008883641715322148
to;0.007176623473079553
pizza.;0.20502556621153142
It;0.01232429336554697
also;0.008823542045232925
balances;0.009646335498457266
out;0.007363187888414752
the;0.007259496457680687
saltiness;0.013870228830254903
of;0.00669713449985016
the;0.006337055619082134
cheese;0.010804987437571483
and;0.00836315116347405
the;0.00648725635775739
savoriness;0.008347679132344018
of;0.005667012060207531
the;0.005388415409871518
sauce,;0.011509240977803304
making;0.006867080149772267
for;0.0061250097768073995
a;0.006040289397852807
delicious;0.007832738796864141
and;0.005928961971980148
well-rounded;0.006982175148606397
taste.;0.015135910462474648
Pineapple;0.012398723907987921
is;0.008779941101871566
a;0.005890095757018822
natural;0.0065991950898168636
source;0.006453898502462508
of;0.006554151494253497
enzymes;0.007779053401150619
that;0.007437853165623901
aid;0.006089654730586339
in;0.005449495849012251
digestion,;0.011875572668377403
making;0.006678335987707142
it;0.006302703830752555
a;0.0055359157784231235
healthy;0.007000682005253007
addition;0.006394812610497338
to;0.005678708523761858
any;0.00592834285859315
meal.;0.008937977159628468
Plus,;0.008348505869967193
it;0.006399752833644504
provides;0.00637360653530825
a;0.005453425662301234
pop;0.00558085714509411
of;0.005755432506971512
color;0.006589912443873519
and;0.006070578838335309
texture;0.006023981064025865
that;0.005858542912469046
can;0.005431666168738385
make;0.005540152144703597
pizza;0.005969513591192574
visually;0.005325761435795621
appealing.;0.005430377705565237
