text;attention
For;0.01917050524990071
various;0.016617834469655368
reasons;0.01910362454974535
it;0.01639346550447128
can;0.0161314860296202
be;0.015159723485677328
easier;0.019015912499594168
for;0.015874564128026555
a;0.016051126851713057
beginner;0.02566557304829259
to;0.0187311703711769
pick;0.015336540687379767
up;0.018419435043578194
the;0.0157057325233396
bass;0.03497565233066312
than;0.020641262778042766
the;0.019600344102791302
guitar,;0.04282298151620591
but;0.017596847328724147
ultimately;0.017005247864665042
mastering;0.022649513988206763
either;0.0200167229411263
instrument;0.019567256237226167
is;0.017470492535699274
a;0.015381351958211774
unique;0.016338797458647147
challenge;0.020337863771735878
with;0.016021984806955637
different;0.0165253249116248
pros;0.016344671426562624
and;0.016231579262362454
cons.;0.025836772843162
It;0.015126112354347826
will;0.015466033065951592
of;0.015542547914082936
course;0.015396088780871882
differ;0.016964302519504138
from;0.015001669211030954
person;0.015611428920449132
to;0.014728523853816393
person,;0.01780463673468869
but;0.0161718398562317
overall;0.015626609019371466
1;0.016942421174799754
wouldn't;0.018474279873632652
say;0.016422159728914337
that;0.01516865527862906
the;0.014840189403395848
bass;0.01772798640388509
is;0.015663131569458047
easier;0.01578212444627396
to;0.014627635133620108
play;0.014789838634197697
than;0.014295476177103425
the;0.014079864965640997
guitar.;0.015005082475318272
