text;attention
You;0.011905328817097674
can;0.01216887701007424
easily;0.012385970099227539
convert;0.017988888378547924
a;0.012776681810869116
WebM;0.022241433498379603
video;0.01402855733206246
to;0.016496978727957048
mp4;0.019958120851150833
using;0.012677623144940546
FFmpeg;0.02649433686821086
using;0.01130027361639722
the;0.010051693020676222
following;0.011661290896050643
command:;0.020264603965056218
“ffmpeg;0.04832386914640202
-i;0.031121132554775104
path/to/video.webm;0.5621020162077067
video.mp4~;0.126052324054418
