text;attention
Dinosaurs;0.07971938749815699
are;0.019474322291093693
immune;0.02464797385925511
to;0.022519217306382674
brain;0.021255137187137785
freeze;0.06075441344277461
since;0.03124686841307645
their;0.02373801690505494
brains;0.04723252868765343
are;0.01554209031547447
not;0.01670386656591154
encased;0.02171668664326361
in;0.01605172497506548
protective;0.018522913544031232
bones;0.019733857557918868
like;0.015208789530562213
ours.;0.04162657797143822
This;0.01578755754208703
unique;0.015056435010338778
anatomy;0.015635968891889437
allows;0.01607803150299232
them;0.017550955330068126
to;0.017778576452372682
regulate;0.016948446153246657
their;0.016063072059978256
body;0.014753591796499982
temperature;0.016719267065985918
better;0.015144357864114033
and;0.015499671664346836
tolerate;0.01605806905136301
changes;0.014603301730721243
in;0.013649624068403808
temperature,;0.017007419540981335
meaning;0.015375871312764728
they;0.014209317463357872
can;0.015371494629958949
enjoy;0.017782453735362493
a;0.015377355154708833
cold;0.015689312576013994
treat;0.015644995357541977
like;0.0138496929295893
ice;0.013709500130024933
cream;0.013654970444010114
without;0.01427579604199075
any;0.013496716811840132
discomfort;0.01345377544537384
unlike;0.015023231413506359
mammals;0.014291301966958894
like;0.013518696941424909
humans.;0.015246799225931078
