text;attention
The;0.011459362087818748
concept;0.00435206925593828
of;0.004489887306495954
"""consciousness""";0.5544978373164735
is;0.006538871633511995
not;0.004313160800858776
yet;0.005213689846349701
well;0.004261178418659499
understood.;0.03848582713700536
In;0.009007399097150426
fact,;0.008215995715200639
it;0.005908311390060363
has;0.003952692235096317
not;0.0033827634976717215
even;0.0035035101974376847
been;0.003534167257892331
agreed;0.004366588372238527
upon;0.004071810323719323
a;0.0036201524923783206
clear;0.003628640016599861
definition.;0.008480676377660555
Thus,;0.005122304076420592
it;0.004354277599578195
is;0.003379573275509896
hard;0.0035536995178955064
to;0.003500878888662314
say;0.0036200379700675983
what;0.003954151685736623
leads;0.004569557336434573
to;0.0048619770838878645
the;0.0034885744016106843
appearance;0.004507823479036301
of;0.004486884698767599
consciousness.;0.048169014378102525
However,;0.0072114354148131235
consciousness;0.005581511890145322
is;0.003948489032600614
part;0.004021667218188771
of;0.0038743661412123814
cognition;0.011654687725687196
and;0.004434092468609991
therefore;0.003966280020479947
likely;0.0037602155835701175
has;0.003718530189300117
its;0.003441538266151802
origin;0.004921462888694537
in;0.004077084669497222
the;0.004065264785549013
brain.;0.019804873303724352
Therefore,;0.005065578253698066
if;0.0038090068217699405
there;0.004275326270353418
is;0.003387597688195363
a;0.0033917641462873635
molecular;0.010026495400573246
basis,;0.009117530904711962
it;0.0037530734739805046
is;0.003401687139399481
probably;0.003509596946521718
one;0.0034237419830500304
found;0.0037267285964247285
in;0.0033957888556189627
the;0.0034348873579315674
brain.;0.005688556314739998
Would;0.0037749725895885626
you;0.0036324687443637874
like;0.003777846164315282
to;0.0034602434865224152
know;0.003328876281684674
more;0.00390775168263139
about;0.003495207439610519
the;0.0033950801586133256
basics;0.003865523739198883
of;0.0032528065440154894
how;0.003303987911114862
the;0.0033162308480201583
brain;0.0034559298490036082
works?;0.0032908696419078343
