text;attention
***;0.46444281024997264
/home/username;0.5355571897500274
