text;attention
Formula;0.015925813652571334
One;0.015755906141607334
is;0.01467477580688531
a;0.015155260437516084
racing;0.014271839665524234
competition;0.01615465335334546
sanctioned;0.02122563466514081
by;0.015477232985634923
Fédération;0.01992104749240908
Internationale;0.015522719836875035
de;0.015070036134860168
I'Automobile.;0.043487455945484296
It;0.014506017360847596
is;0.01403374744024468
an;0.0137400102380229
international;0.014086207633745408
racing;0.013647981538006573
for;0.015510443125922986
open-wheel;0.01742805030849448
single-seated;0.019024460852964498
cars;0.015021172894818108
that;0.013489339142320499
premiered;0.015938659368547287
in;0.014045035837148842
1950.;0.02633817233817463
A;0.014677884547225286
formula;0.014060518023783108
one;0.014300815142689176
season;0.016855362932962255
is;0.014484802645751721
a;0.015530915687369924
series;0.014465111757911134
of;0.015036244406197176
races,;0.022006787090257822
each;0.01410671621838464
held;0.015967244415760612
on;0.013517859352930655
different;0.013337905367725944
tracks;0.015738641807951315
in;0.013766041002599034
different;0.01261031502505001
countries;0.014442642936371253
around;0.014105334809222315
the;0.012664904934796632
world,;0.014230322286868614
known;0.013020412502118144
as;0.013192628242480731
the;0.01280254533065793
Grands;0.014249842412412414
Prix.;0.015295621395385803
You;0.012493718447575282
can;0.012820039404662942
catch;0.013757163788598698
this;0.012601607166200351
years;0.013195199831161705
competitions;0.013927929684880646
from;0.013235974247677291
March;0.014330994448558496
5th,;0.02368986947137941
2023;0.015805065110162095
to;0.013495160751570248
November;0.012737539033210548
26th,;0.019921073466515747
2023.;0.014069570675870327
