text;attention
You're;0.33263454426151856
speaking;0.14647306435401955
to;0.13515932343795178
it;0.12917795513355987
right;0.12683678868765824
now.;0.1297183241252919
