text;attention
You;0.013567128691451347
can;0.013966426886121215
use;0.013988714308576247
the;0.012174229512030435
AVERAGE;0.027088222298192053
function;0.021576346859127526
to;0.01883219680755378
find;0.014320057888124935
the;0.012721252012210726
average;0.01628984800850689
value;0.012019900832576093
in;0.012715575345733374
a;0.011871787243125487
column;0.01636775442293748
in;0.011877471802780214
Excel.;0.03058945392156606
The;0.01311581950133678
formula;0.014915122287871433
is:;0.019598647435157206
=AVERAGE(D2:Dn),;0.30494054409978183
where;0.01505401458452007
n;0.015550978218433879
is;0.01307289133663424
the;0.011986817633189204
last;0.012644830287938945
row;0.014420172049458151
of;0.011821827579034803
your;0.012368375160476923
record.;0.020381886424978967
For;0.011872231279001905
example,;0.01947527353392938
if;0.013561557332867019
your;0.013415435932992246
record;0.014125442679435728
is;0.012763845008463013
in;0.013116129865222481
column;0.01400572859154752
D;0.014570484900151138
from;0.014018619758540726
row;0.013788600580279486
2;0.014157793191240631
to;0.013206765583021805
10,;0.01744693629815637
the;0.0116760611149389
formula;0.01199579652385471
is;0.011432177368388185
=AVERAGE(D2:D10).;0.025532827018542658
