text;attention
One;0.09838348352135678
theory;0.10397158479639587
is;0.10217838674106938
that;0.10019053289958071
this;0.09628408490501822
helps;0.10252421490740768
dogs;0.10449074945676129
to;0.09705272797502638
fall;0.09472535145094972
asleep.;0.10019888334643388
