text;attention
The;0.009713409994311362
code;0.009807147933976664
is;0.007119652820705364
creating;0.010626360390503622
a;0.00860536989754651
list;0.01158638911082575
of;0.008202636101598418
unique;0.016597364299702502
tokens;0.028504735354946978
sorted;0.012366861286231339
in;0.0065869979631966325
alphabetical;0.01391913690454034
order;0.009881427959416
from;0.0069097924903627865
a;0.009925969457028528
list;0.008466549522577534
of;0.007312103788758524
tokens;0.010949807974426223
and;0.009522315812796923
their;0.009917334177451153
frequency.;0.08045717883745472
The;0.00980458267269786
list;0.007766360385849661
of;0.007808163888841305
tokens;0.009883365301249895
is;0.007422794480994142
filtered;0.011016777691521653
to;0.007386600846268612
only;0.0064591118603674795
include;0.00700735963955679
tokens;0.007876283634596814
that;0.006743637408811535
have;0.0069135366551833066
a;0.006555105120807003
frequency;0.00929155458056977
greater;0.007604293830662845
than;0.007774606198880475
or;0.006473945711091822
equal;0.009864339979316456
to;0.007028476269806394
the;0.006917778659978544
specified;0.007385237218111399
minimum;0.008282221527576657
frequency.;0.018945717742518887
The;0.008256033441102638
'<unk>';0.04459674903658192
token;0.009530081690825372
and;0.00850506056559638
a;0.0065392723903260905
list;0.006329136766413977
of;0.006402747918211686
reserved;0.007906664463785747
tokens;0.008542066430572174
are;0.007223700308233492
added;0.008102843740629216
to;0.006502852255279655
the;0.005975714730792041
list.;0.00941986135458216
Here's;0.0163013100944751
a;0.00652965388119845
version;0.007048007473107914
of;0.006001223986814374
the;0.006290206281571373
code;0.006418056718982427
without;0.0061814147460437655
using;0.0060455983458412655
comprehension:;0.014565980297113661
unique_tokens;0.023711918779568863
=;0.013103303859518144
set(['<unk>'];0.08039440467459139
+;0.006790258665628756
reserved_tokens);0.01652345847979496
for;0.009470407280419443
token,;0.011577360584130851
freq;0.007997367766213275
in;0.007084631573236085
self.token_freqs:;0.03464674745678521
if;0.0066586727333142175
freq;0.0059103353404469355
>=;0.006014189335330989
min_freq:;0.01009574740840105
unique_tokens.add(token);0.016483758176983644
self.idx_to_token;0.01865198605529415
=;0.006614992280010898
sorted(list(unique_tokens));0.009865829248633164
