text;attention
Some;0.023292281389293304
of;0.020460734959727774
the;0.018787392893280033
new;0.019897647075630933
discoveries;0.02236559256582213
from;0.021321742641482632
the;0.01895443737833524
James;0.018989574055459552
Webb;0.025967850797966808
Space;0.018941648151080754
Telescope;0.02362168104302658
include;0.02326463953054924
the;0.02023500851814076
discovery;0.02084057161473304
of;0.01996428605569159
new;0.018916256669190588
planets;0.025240056852145133
outside;0.02076959913082255
our;0.019182311136768257
solar;0.01867868724760855
system,;0.024399881299446386
as;0.019138007498766717
well;0.018861904715711808
as;0.01912257458657431
new;0.01854066019224213
information;0.02017662266907376
about;0.02043577188775657
the;0.01848937336736008
formation;0.01989465948912895
of;0.01911726915296105
the;0.01786863833646378
universe,;0.022573363278954674
There;0.02032463576408293
have;0.01881196118639582
also;0.01874143945044542
been;0.01890689118157049
new;0.018360561121001855
discoveries;0.019264856086258515
about;0.01907217970866551
Black;0.019257580268342886
Holes;0.020969271275804585
and;0.01860925007910949
their;0.01866468992228973
role;0.019483087322075977
in;0.019031526565879593
the;0.018042641435079863
evolution;0.018930397237778406
of;0.018604224012452385
the;0.017575374756756194
universe.;0.019038706444814778
