text;attention
The;0.011554419883884571
37th;0.017642693083014343
largest;0.012391850795911034
city;0.013315420910628107
in;0.009973742297118041
Japan;0.011716487957784764
has;0.01047112131641851
36;0.016619772986821154
other;0.011210703947463674
Japanese;0.011660920578830846
cities;0.01748789987397176
that;0.010108663867178725
are;0.009948351082504567
both;0.010307179723874096
Japanese;0.015731408017974884
and;0.011523882502450707
contain;0.012971270629772488
an;0.010159041990848487
area;0.0141460647510057
that;0.010505746205470507
is;0.009697151813318313
geographically;0.03391776399916338
more;0.009974833527358186
comprehensive;0.014274170761059201
than;0.01040154608246004
the;0.00968363074006699
37th;0.013111094764107835
largest;0.009885804517368483
city.;0.015819902930249766
No;0.010601739522324983
other;0.01009074641174369
city;0.010347833741098838
in;0.009503634071607326
the;0.009352603927974866
world;0.010528775798881979
can;0.009857810111508675
boast;0.013316183442202922
this.;0.013989856835804018
When;0.010224388305417841
compared;0.010766696133185222
to;0.0095368885571309
the;0.009408914322727401
76th;0.011706299911583581
largest;0.009884366876638448
city;0.010052506945962644
in;0.00924210721040154
China;0.01037975972285712
we;0.010212611176021655
find;0.010130033975835626
they;0.009987545367853574
have;0.00958037672380595
a;0.009394702588032775
lot;0.009959143612102775
in;0.009410684140877708
common.;0.012826453018867036
Each;0.009715241132211814
city;0.009885375633704166
contains;0.009939022588340451
a;0.009331794117893664
population;0.009884748876859016
of;0.009433142246304498
people.;0.011669594663877821
In;0.010056016183821948
both;0.009314795666409206
cases;0.009721431299976836
these;0.009333198257499266
populations;0.00945682680256973
are;0.009262266309098271
primarily;0.009347924815513012
Asian.;0.012300615950877787
Each;0.009280161389239502
city;0.00944368099876238
contains;0.009478243098098846
both;0.009364172943712463
commercial;0.009510511763791408
buildings;0.009613929468261109
and;0.009263220411277986
homes;0.00959193658599414
where;0.009359824618634818
people;0.00917694219902405
dwell;0.009635646193417492
and;0.009280740269060181
the;0.00920401466342471
population;0.009177553410518381
inhabitants;0.009374242358833221
in;0.009204038116191138
both;0.009019381550626333
cities;0.009085585524624696
communicate;0.009250462349853744
with;0.009050246194382204
one;0.009282729077918973
another.;0.009195538278866594
