text;attention
Kevin;0.007559118882152022
the;0.015832252587009304
Banana;0.007541960613505113
was;0.013010279486059343
mad;0.009447502785490466
as;0.010902682325737136
can;0.011693057697217176
"be;";0.026780048880419696
He;0.01277509756398154
had;0.012570341695704004
no;0.009009045768068295
eyes;0.00911916509643737
and;0.01782464302073953
couldn't;0.02101356507690003
see.;0.03858269508497333
No;0.009401739813515244
nose;0.009342315519344663
to;0.016736903457542984
scrunch,;0.04370680376314336
no;0.008993371520083034
mouth;0.00808270955550619
to;0.016454979712750523
shout!;0.021446502674671988
He;0.011591847260525609
couldn't;0.017427984036721442
remember;0.008990622020817303
what;0.010840379841322117
he;0.010941662943061082
was;0.012485841771162149
angry;0.007836029970788532
about.;0.05332851664166474
But;0.009583669657131188
he;0.011044524959181382
sure;0.007711385711362428
was;0.011884030818943434
angry,;0.024971344230533456
angry;0.008615027748834039
at;0.011671348039535637
something.;0.03703601717358937
It;0.00970596829028187
wasn't;0.017533621544051674
the;0.01415504599496945
apple;0.00869393274067223
or;0.013660588985852084
chicken;0.009301323333063771
dumpling.;0.07737949754225193
The;0.012636297593038151
more;0.008851321868637019
he;0.010427747544205035
waited,;0.03018956746621104
the;0.013494441220139661
angrier;0.013405958130369322
he;0.010802633773303516
grew...;0.02653458622923861
Then;0.00849783799880224
he;0.0106518658910851
remembered:;0.029123178564387512
he;0.010638098086463918
was;0.011092453193400142
angry;0.00782719670527626
at;0.010017020231250777
you!;0.0215928016669224
