text;attention
Did;0.1680892130382405
you;0.16558976688563143
mean;0.16684255256475394
puss;0.1675523982037196
in;0.16511834186273847
boots;0.16680772744491607
