text;attention
Good;0.02136207675137043
evening,;0.02778485557217519
sir/madam.;0.0528296366329953
Welcome;0.02136231071766726
to;0.020202220791469105
our;0.019439029724924575
restaurant.;0.034795751289126854
May;0.019429663520432155
I;0.023298415549239886
start;0.021541117910315356
you;0.020476998448479517
off;0.020411199136388624
with;0.021373678198901392
a;0.019648238430696977
drink;0.02297894284144892
or;0.020375025752755193
perhaps;0.019168116835466608
an;0.019221473142141083
appetizer;0.026083026930967233
to;0.0204618786868983
whet;0.025058818296146514
your;0.018437411096931967
appetite?;0.028287220213188368
And;0.020417960002237598
for;0.019848847454466897
your;0.019013558786715234
entree,;0.02868605951260203
may;0.01867219753682505
I;0.0194976457154757
suggest;0.02020405087553442
any;0.020312179043501473
of;0.018598210650507055
our;0.01974696800430179
specialties;0.01939246212516976
or;0.018775031168082292
would;0.01924206159571898
you;0.018891809236903753
like;0.01929610391118161
to;0.01935687620410286
take;0.01913273746616503
a;0.0186542986213267
moment;0.019680844431625273
to;0.019644863241928545
peruse;0.021021777510343155
our;0.01835205219279155
menu?;0.01953429824236627
