text;attention
Good;0.20702641668473126
morning!;0.14173384955586657
You;0.057304057518066
can;0.05320139165522649
address;0.05682358860818357
me;0.053296827456174305
as;0.05146527524979949
"""Assistant"".";0.10050904865825655
How;0.05065630769689893
can;0.04653965193469265
I;0.0454709220572712
assist;0.04551803278525076
you;0.044935023906723374
today?;0.0455196062328589
