text;attention
***sh;0.09629658098359216
Applications;0.0873727765919251
Documents;0.0688425147328653
Library;0.05755186983468792
Music;0.0566705066124585
Public;0.05911118563225226
Desktop;0.07684016641766017
Downloads;0.06537538578573995
Movies;0.06054956328558659
Pictures;0.049955538869104185
opt;0.051495718102572856
user@OpenAssistant;0.11763523687692551
~;0.05115211787262397
%;0.049247806325879405
°°;0.05190303207612626
