text;attention
Some;0.01319885788570637
required;0.013591796291772214
skills;0.01958439270374127
that;0.013522549247681257
are;0.01177334207350857
common;0.012953310168685384
among;0.014688872598338834
programmers;0.02137799830662287
include;0.019457517303009708
scripting,;0.03125684938949185
debugging,;0.021007389232804985
project;0.012686103611306733
management,;0.019655706617272325
version;0.012070155958078727
control;0.013603050471863906
(git),;0.019895360925387816
critical;0.012404509567924561
thinking;0.012341840932916192
and;0.01214399552822787
teamworking.;0.028861349089464416
However,;0.01800165401503795
different;0.013912152699565666
domains;0.014645845025650217
of;0.013670568619359691
application;0.012019103421393923
require;0.013156824001171566
different;0.012733325747310396
skill;0.012615391122552529
sets.;0.018948109745763966
As;0.011949851769373987
such;0.01276251176323948
no;0.012092111547536573
two;0.013160971937952959
programmers;0.013107369362693024
share;0.015415708475773346
the;0.013625941302903214
exact;0.012642775100917897
same;0.01213609360236701
skill;0.011535196691825619
sets,;0.013367880680774071
As;0.011809165679909457
an;0.012753080226057449
example,;0.020340454590653673
while;0.01262626823829457
a;0.013514675645899551
software;0.012511358622407608
engineer;0.012827425214727116
can;0.012600612026749275
code;0.013229597469988011
in;0.01483983324209487
a;0.012222210616671794
wide;0.012234983529390137
diversity;0.012048472730460455
of;0.012198291881943366
coding;0.011152161832986793
languages,;0.014405809456406257
a;0.015029613263583945
more;0.011683154066613596
specialized;0.012577876722094969
role;0.012526506206906273
such;0.011734523873501249
as;0.012160304961685473
a;0.01171361446620257
machine;0.011295581934253757
learning;0.011577705161919766
engineer;0.011923689514458817
will;0.01166363546291055
mainly;0.01137811610611645
code;0.011696999140490057
in;0.011747279700586796
Python.;0.01240266387706646
