text;attention
A;0.9851571674152019
tree;0.0034389781628713337
that;0.003235665394083179
lemons;0.003164711351158525
grow;0.0025599977234173127
on;0.002443479953267565
