text;attention
A;0.9879770493052007
tree;0.0027691003734013255
that;0.002483400783058753
lemons;0.0025062696170847242
grow;0.0021547529342306293
on;0.002109426987023796
