text;attention
The;0.011172065752287883
Pangea;0.015946855770156816
theory;0.014579797243579216
you're;0.011397552003422974
referring;0.010419626580459078
to;0.010893681766905802
is;0.01040297892231508
likely;0.010355513603727664
the;0.011309994010970112
theory;0.01086992544512221
of;0.010531650243066985
plate;0.015807260518917142
tectonics,;0.03196787186085867
which;0.010587576571693643
states;0.011303571393757804
that;0.011947455834384745
the;0.01004750518749694
Earth's;0.012219604207108175
outer;0.009793846681763035
shell;0.010376222514378364
is;0.009551258065279337
divided;0.009663406219248556
into;0.00979916113045058
several;0.00974218787531742
plates;0.012487415385356514
that;0.010556737541525526
move;0.011324083969631554
and;0.009885796751601384
interact;0.010615833080542838
with;0.009195556678876907
each;0.010907629025018876
other.;0.02588232577623632
This;0.01009585417771107
theory;0.011663826017447759
is;0.009740279368279519
supported;0.010929927879953071
by;0.01061246705217706
a;0.009245643081076605
range;0.02294694413695623
of;0.010117062580199985
geological;0.01216221741290027
and;0.010149823072769905
geophysical;0.010458131813478207
observations,;0.013283350410545004
including;0.012438486534168007
the;0.010812254400455803
distribution;0.010827139431746636
of;0.01011183089177099
earthquakes;0.012666792507666766
and;0.009993358385100608
volcanic;0.010113026291173412
activity,;0.014218995175622869
the;0.010219885338057715
patterns;0.010653207730858616
of;0.009938880674531834
mountain;0.009961076639765302
ranges;0.010550601181254553
and;0.009840248619834135
oceanic;0.010259062124998358
trenches,;0.01026501110262112
and;0.00971997603527993
the;0.009471643815294127
matching;0.010272833885901817
of;0.00978880809710446
geological;0.009474563291417876
features;0.009576473464946713
across;0.009299633367466904
continents.;0.012773384561569057
Additionally,;0.016447999986720162
the;0.009578724474277654
theory;0.010029471208979733
of;0.009436816591539195
plate;0.010084993745736005
tectonics;0.012152392764217002
helps;0.010095902769932018
explain;0.009994139611366307
the;0.009520181081493523
movement;0.009827308140861763
of;0.009131150524590117
continents;0.010671336914993926
over;0.009454644772225494
time;0.009700050427942681
and;0.009475084267301733
the;0.00932114129245127
formation;0.009309611706700487
of;0.009129284587277518
supercontinents;0.010782565383462174
like;0.009326106230343375
Pangea.;0.01033644535402746
