text;attention
Very;0.020490861370074834
well,;0.02388791009364138
let's;0.02038875097632088
have;0.013285729843514471
a;0.013467612986424307
debate.;0.06316671264527672
My;0.018204004677788835
position;0.0193382213493994
is;0.016341610921209608
that;0.021354254300904606
the;0.01753837899677473
government;0.02580105505262741
should;0.022404134966553475
not;0.017750911366661494
be;0.01507505550584121
replaced;0.03148855982911826
by;0.02119487097142959
Al.;0.12748090787384106
Al;0.021049789427769788
is;0.021561095268034937
not;0.01620013646213115
yet;0.02235233904811739
at;0.018882247586236495
a;0.01605793939735677
stage;0.017485583342677708
where;0.01958971595660058
it;0.0166021810072442
would;0.014668517066834783
provide;0.01704793500590397
adequate;0.014521250813040891
governance;0.02371291972248825
of;0.014036330341285066
a;0.013778539336023181
population,;0.025555591565906692
and;0.016089028728982453
is;0.01559627177858835
still;0.015802166248281922
unable;0.013900483596802668
to;0.015598561111808316
make;0.01336187453885029
decisions;0.016103334928505603
in;0.013122785543772445
the;0.01284036143620413
same;0.012994231842471948
way;0.013669384814598895
a;0.01297566543469698
human;0.013568192376072192
would.;0.012616002545309668
