text;attention
A;0.011379511559694678
VPN;0.020740878582303585
can;0.012368027801793066
make;0.011112613852786205
it;0.010909269317030918
harder;0.012578934681330771
for;0.012260143458703071
your;0.012585748122180652
ISP;0.017499194069686953
(Internet;0.013408885079977999
Service;0.010046324657139429
Provider);0.012500957980340377
to;0.012366534341172403
determine;0.013207286563812735
who;0.012451820205737507
you;0.011540825409207789
connect;0.012058142026031839
to;0.01379197870560232
over;0.011635231013493527
the;0.01039110842971002
internet,;0.016031538899017615
or;0.010709739525126265
to;0.01027111016582363
censor;0.013088749444028236
certain;0.012270898771284202
internet;0.010498979081658002
services.;0.020627994359610078
However,;0.01474495860590515
this;0.010636410364713873
doesn't;0.01378638732436448
prevent;0.011721001937535856
the;0.010618407920469905
VPN;0.01359116753498477
itself;0.011198439296788584
from;0.010972783761380554
logging;0.012117994615873798
what;0.010943573394616685
sites;0.012169572200229555
you;0.010378271183839115
access.;0.014702566820355324
Basically,;0.012937433345903327
a;0.01110842420071343
VPN;0.013090371476918706
acts;0.010632754675031282
as;0.010530368656560554
an;0.010661774060281763
additional;0.011774125856878433
relay;0.014854536311226373
in;0.01119283337623604
your;0.011821484119819418
internet;0.011264638860156976
connection.;0.01646047341812279
In;0.010283593659799853
order;0.010444914267669999
to;0.01097025410580916
achieve;0.01036679126787208
greater;0.010919477542685452
anonymity,;0.01584029035936247
you;0.011100419979594302
would;0.01173567230469618
have;0.009845726389849454
to;0.011764046291520745
use;0.012409919114401324
a;0.011403877560069952
network;0.012200188689720424
(like;0.0138409832126637
Tor;0.013210408242624642
or;0.010962597414464812
12P);0.014292025491671283
where;0.011769758359147531
no;0.010867590038038092
single;0.011053517840941163
relay;0.013528664890689253
knows;0.011123391091396321
the;0.011027049678363455
entire;0.011884590319481228
source;0.013375664867891693
and;0.010228591564751399
destination;0.010375837846305221
of;0.010323583064137342
the;0.010295652316339068
data.;0.010311742804851679
