text;attention
Both;0.010905327480198903
dogs;0.010164641940669523
and;0.010004554442589391
seals;0.0108141929214718
bark.;0.881696468569802
Although;0.009932155960490794
dogs;0.009783711721629368
are;0.009353966818857966
more;0.009331612493874595
commonly;0.009349042303122845
known;0.009364733111364194
to;0.009260857088804326
bark.;0.01003873514712417
