text;attention
Here's;0.031224688861290584
the;0.022915084492251835
rewritten;0.030485938155456246
code;0.031880067381870936
without;0.02822031176046131
using;0.025180167079458853
a;0.022284473976728232
list;0.025361010537372164
comprehension:;0.04872305205621705
*self.idx_to_token;0.15535995979220868
=;0.035937074023050096
sorted(set(['<unk>'];0.16629507626555448
+;0.023817315357378556
reserved_tokens));0.03989933799517881
for;0.0320976095807898
token,;0.034853717843275886
freq;0.02765776118874576
in;0.028867532996832448
self.token_freqs:;0.05115978022885302
if;0.026104731852271808
freq;0.02198066230528115
>=;0.025058602184800563
min_freq:;0.029394214719215425
self.idx_to_token.append(token)*;0.03524182936545641
