text;attention
The;0.14850625231951853
current;0.13417014822571802
capital;0.1373908190258664
of;0.13413923874911704
France;0.14287566259414322
is;0.1361936186769469
Paris.;0.16672426040868993
