text;attention
I;0.014574985217155645
couldn't;0.013285602282729734
tell;0.012256700984591615
you;0.014665960618910736
exactly;0.012115754849849399
how;0.011369520111820831
many;0.013263101080040262
chairs;0.018217257378791624
there;0.013525637937951187
are;0.015718076794292213
in;0.013071031194513133
Berlin,;0.07140017972733397
but;0.014463672054160309
I;0.011627140545438383
can;0.011371156478770308
try;0.012180209242640396
and;0.010833678169981162
estimate;0.016082976819250493
it;0.013279495987182548
roughly.;0.02046893221083599
Lets;0.011988971846317477
supposed;0.012167011419281629
there;0.01228871204057895
are;0.011836694059375232
about;0.011147211363036421
3;0.014137096466850877
chairs;0.014911360558109127
per;0.013480236277297102
1;0.012102398824003643
person,;0.02433298295542637
and;0.012349485330587424
the;0.011175236456830759
population;0.013361937489209203
of;0.010947406442229014
berlin;0.015114114066437145
is;0.011155990551301927
3.645;0.02083487573701105
million;0.021991583879666595
(as;0.012710732368328006
of;0.010600961114822168
2019).;0.01812791447172525
Then;0.012250211710262528
it;0.010995342978869229
is;0.010295349803349473
likely;0.01153621562066552
there;0.010944189846524878
are;0.011076122886685446
3*3.645;0.020436633508359746
=;0.011038633475597286
10.935;0.012549803276198555
million;0.011205186560741253
chairs.;0.020005539953306877
I;0.011818017240470435
must;0.010385799584301173
stress;0.01236470335439356
that;0.010830952209101307
this;0.011146006492379054
is;0.010685335656041942
a;0.010090678524265071
guess;0.013285502208816097
and;0.011459865290064725
I;0.010495519379174572
do;0.010271815319326465
not;0.010264366811194534
actually;0.010315094282813837
know;0.010887306919044909
how;0.010318113374019736
many;0.01045462202430733
chairs;0.011164012717429788
there;0.010149499563305313
are;0.009987479365280499
per;0.010264847700354069
person.;0.010493248958689458
