text;attention
Very;0.019674147439399155
well,;0.02983125423516524
let's;0.03218066078779928
have;0.01662318473714738
a;0.016440490807631263
debate.;0.03823062277295485
My;0.01751691034547574
position;0.02109161159131334
is;0.017330028955869214
that;0.021386156663796754
the;0.018662045279593212
government;0.03159656063670197
should;0.022501723908869228
not;0.019499586407842953
be;0.017803034959270776
replaced;0.025733363866708384
by;0.02018921307603438
Al.;0.038818196936516274
Al;0.020708120909692478
is;0.02074299020838867
not;0.01871151774807081
yet;0.019093296763771965
at;0.0178964241118617
a;0.017266906464786354
stage;0.02330293630005753
where;0.01985012266080708
it;0.019935350610553352
would;0.01699620265968944
provide;0.021972056664247983
adequate;0.018993346098197944
governance;0.027572483808051818
of;0.019009293205611615
a;0.017388206080555968
population,;0.028757672044899204
and;0.018004939643460782
is;0.017993472901306765
still;0.017022269477645322
unable;0.017338130986572026
to;0.01819607311811812
make;0.018272263014496214
decisions;0.023222629716602706
in;0.01770822892936435
the;0.015883165348817056
same;0.016820384492574295
way;0.01766636514126295
a;0.01625470012907978
human;0.01600544176126353
would.;0.01630621559210285
