text;attention
I'm;0.019793829844344534
not;0.013739045388573155
sure;0.015073966313487097
if;0.01512347993985618
this;0.01437646519622613
is;0.014399366613192861
a;0.013747528648003228
direct;0.014111170843880845
question;0.015595147716310548
or;0.01476950384667257
a;0.013900601688619538
riddle.;0.036636887716169124
If;0.014330593479235525
this;0.014085151730036034
question;0.014477127738990766
should;0.01394234437924291
be;0.013307083528582786
interpreted;0.015346595048220333
literally,;0.022112750293552818
the;0.0147823116107671
opposite;0.014506164634089595
of;0.01784619617907969
"""going";0.025924586899289725
down;0.015614996790017677
"stairs""";0.025054073295728403
would;0.01402506255109632
be;0.015036475483728419
"""going";0.020637697002855587
up;0.01400775593188413
"stairs.""";0.023983883844409547
The;0.015137430585534066
directionality;0.021257839121670178
difference;0.01454484150112204
between;0.016321123027412007
'up';0.031035851625125396
and;0.013646258145306322
‘down’;0.023221000979159627
would;0.013046859768068042
make;0.014333453525534431
this;0.01504182566633681
the;0.013514365430806178
opposite.;0.019820003392896097
If;0.014063296994458381
this;0.013865517994377028
is;0.01379425028124347
a;0.01460213307537358
riddle,;0.022676854789198335
I;0.013612444775742057
am;0.013150938381508947
not;0.01292194348809973
familiar;0.01417175058301283
with;0.013168431584867473
it;0.013428572430077099
and;0.01294708361979369
I;0.012385126262100359
would;0.012376184403730565
need;0.013600685877341324
additional;0.01325700383453072
context;0.013566849575565762
to;0.012799509984810513
answer;0.012997950368083124
appropriately.;0.015404774750970695
