text;attention
Sure!;0.5288732201909097
Here;0.005942222328684432
are;0.0067523339615410405
a;0.006090388796305625
few;0.0055643112611499694
suggestions;0.009118364901240726
for;0.006099950316349943
the;0.006032548603590965
name;0.011265932368946857
of;0.005837248951402901
your;0.007710974926780793
GPS;0.02421428397310712
pet;0.010347086460618276
collar:;0.04970710925012297
1.;0.014798024034538598
TrackPet;0.018690598910612664
2.;0.012298000353210431
SafeTail;0.022951860918468948
3.;0.009020520502725988
PawTrack;0.011773457876431545
4.;0.007418518759024039
FidoFinder;0.013590119636446537
5.;0.006965686277117309
PawsGPS;0.013469867173932708
6.;0.0068481709453777915
Canine;0.0071691265137305785
Companion;0.006223559623528424
7.;0.0064328232590436536
LeashTrack;0.00795159630153887
8.;0.00612909591915932
NaviPet;0.007442289126234826
9.;0.005803601024525443
PetPosition;0.0060874846392218835
10.;0.006536130705904296
HoundHoming;0.006742611797216249
You;0.005564232326916366
can;0.00548529056433595
choose;0.0059552862252507605
one;0.004927298373043873
of;0.004464215264999069
these;0.004985188742126544
names;0.005802792316227631
or;0.004906576944950699
use;0.005197240225561569
them;0.0047529772787348904
as;0.0045303993909369625
inspiration;0.004869020922277911
to;0.0047463222079241855
come;0.004969099426113135
up;0.004776195097189873
with;0.0047494339565333655
your;0.004545020944753647
own;0.004397017306196965
unique;0.004379327941351623
name;0.00462558191879839
for;0.004653750496265691
your;0.004304977432711016
product.;0.004513634108058516
