text;attention
The;0.015570949637240884
total;0.013583665341893605
volume;0.014729439450021597
of;0.012914991966340463
the;0.012335355989631895
sun;0.014640290951720135
is;0.02178873737798933
1.4;0.048351086573993736
x;0.022212790497252107
10°27;0.04397184148780035
cubic;0.015651310805220715
meters.;0.03468510022341217
About;0.017622733755910558
1.3;0.02063410902237261
million;0.012399466044346207
Earths;0.018393895725498856
could;0.012937640073975683
fit;0.012611587426570073
inside;0.012377892841995957
the;0.012001320064089833
sun.;0.02425890436062398
The;0.012362041838678301
mean;0.012160838216388878
radius;0.015348321290210899
of;0.012168775474549667
the;0.011335876213840674
sun;0.012536784869035103
is;0.013574434426706812
432,450;0.04035419811151153
miles;0.017501820188510722
(696,000;0.04889779149732644
kilometers),;0.020113845088715714
which;0.011981370785092179
makes;0.012283704687929902
its;0.012735372803262927
diameter;0.01357709500604516
about;0.015059009632265115
864,938;0.03428419427337865
miles;0.014071413945361162
(1.392;0.028027293122227133
million;0.011348703814281675
km).;0.016939978829272926
For;0.012889368092169194
comparison,;0.016450985118264122
this;0.012156054110294535
is;0.013924646452044233
109;0.016870644814363903
times;0.012372879352016187
the;0.01135247429986504
radius;0.01115667741305142
of;0.011777804320749041
Earth.;0.012815092029606973
8;0.014813185025377233
*;0.013744513572783097
6;0.011658948894149972
=;0.013183673581068377
48.;0.014497079191704454
