text;attention
A;0.00036983012345067294
hard;0.00032074215637871174
boiled;0.0004098385329916327
egg;0.00044385476663689615
will;0.00035326502744753726
spin;0.0003670174420978216
nicely;0.00035328028302025424
and;0.0003275182191872815
a;0.000305190809136071
raw;0.00032466470174042896
egg;0.0003569657281861216
will;0.00031619530488440295
wobble.;0.990397738511804
The;0.0003503450287760823
raw;0.0003055515044485591
egg;0.0003301172276807222
is;0.0003066714312585025
full;0.0003008251435343026
of;0.0003099894141989422
fluid;0.0003288102117827551
which;0.00031936075376253116
Moves;0.00037343732916186764
around;0.0003287964587416971
as;0.00030978898716746124
it;0.00029463583476494176
spins;0.00031730770514758845
making;0.0003057898368547157
the;0.00028323502043444164
egg;0.0002865169748235763
wobble.;0.00030271953049938516
