text;attention
This;0.019457909549171832
question;0.01937371809319787
is;0.018195284482647123
dependable;0.02160418645855261
of;0.024156440241222415
the;0.019062514718991543
person,;0.028598541680825304
but;0.02330860061573098
in;0.018869183827328346
most;0.01938786102346908
normal;0.020992450230668203
humans;0.024523149659320263
the;0.020379128474478835
endorphins;0.0262496684693253
are;0.02198955394703373
a;0.01887063332852496
7/10;0.08512733070345056
pain;0.026083152743710748
relief;0.020491997072486
drug,;0.03134716717362961
as;0.01982646097595223
the;0.017968008967913795
Morphine;0.02599956411134746
is;0.019391393745664693
an;0.01811150601095356
8.5/10;0.036088592922190285
for;0.018752122276700534
its;0.019464955629142036
nature;0.019101624653472746
of;0.01857778350838634
relaxing;0.020778671644545124
all;0.019724622656295536
the;0.018174378078377816
nervous;0.018477187001087726
system;0.019881261602694777
and;0.01829467197866319
being;0.017911215854973073
used;0.01898238110033397
mostly;0.01870184769128396
on;0.018436278576387497
accidents;0.01965701701703196
and;0.018121596622767387
hard;0.0172199955024169
pain;0.0171144577488174
situations;0.017173931628834543
