text;attention
Welcome!;0.21560911750365644
What;0.13766765540909007
would;0.13666827892295372
you;0.1267591389573144
like;0.12577406340385003
to;0.1224684502129031
order?;0.13505329559023213
