text;attention
A;0.025219263121166482
good;0.027769635635043064
prompt;0.03244013918062263
for;0.030863618433981298
a;0.025057303681447724
1800's;0.042315007611047575
fantasy;0.02684905652427224
landscape;0.027942485463921397
with;0.030852692135508782
pastel;0.02866053688071987
colors;0.02751507672232927
and;0.025291553244354153
rich;0.025036126515094168
details;0.02629319829373043
would;0.026878506905889898
be;0.0252642026926142
the;0.024480650496404775
following:;0.028155527375899967
"""Create";0.032235825741731686
a;0.02785124699013184
pastel-hued,;0.04486865302504321
detailed;0.0280634433553741
1800's;0.033022518191503016
fantasy;0.025603214547842687
landscape;0.02615739782851365
with;0.027302487656029783
rolling;0.02685216314160099
hills,;0.03214919620415126
babbling;0.028700779048456544
brooks,;0.03162474660892006
towering;0.02743378776787332
castles,;0.02756228597446571
and;0.024427051458855556
magical;0.024830878904216785
"creatures.""";0.0244297426412418
