text;attention
Mixing;0.06146996018802176
sweet;0.02515358003787875
and;0.013746129766576552
savory;0.0371929004905503
foods;0.022093811497719367
is;0.02028323139103145
not;0.012642523138759179
only;0.015160374182419705
commonplace;0.020405659910945933
(e.g.;0.041290347448316375
chicken;0.014600684219939384
nuggets;0.03383265861946009
with;0.013314618534201676
sweet-and-sour;0.02302165807211822
sauce,;0.014808854809382361
chocolate-covered;0.01972489364050795
pretzels,;0.016149484966114024
salted;0.012951166972400128
caramel),;0.01743741041044766
it's;0.013836630458062934
also;0.010623309817068877
scientifically;0.017920129849862066
proven;0.013448488257432117
to;0.011124950106330472
make;0.01185709219383183
food;0.011835039539486156
more;0.010716032327442074
delicious.;0.016643061810672814
Researchers;0.014023669282104136
at;0.011021184354820199
the;0.010180245913750705
Monell;0.023310323311812094
Chemical;0.012225705105051861
Sense;0.01480033347541744
Center;0.01250233113173013
have;0.010518607579346502
found;0.010758280683062622
that;0.011328892478509323
a;0.010512074435356346
certain;0.012653596927280289
receptor;0.016062018740371324
on;0.011527136689683085
the;0.009737114226637686
tongue,;0.015489721449122562
called;0.01020845887519862
SGLT1,;0.02733072923669361
only;0.011436711751909835
perceives;0.013913723358436526
sugar;0.014400527679716064
when;0.012207602273352635
salt;0.01261889949495118
is;0.009957043630018125
also;0.010310004143467565
present.;0.011972512366123896
This;0.009842226934187463
means;0.010496830827712692
that;0.010171206635329302
adding;0.011130899526141413
salt;0.011046099982821692
can;0.010221523963574649
literally;0.011575328675699667
make;0.010218892036536207
food;0.010433967305457648
sweeter!;0.01057089286163477
