text;attention
A;0.39459005847228956
lot;0.10759829587945353
less;0.10038914268240298
than;0.11726901270462317
where;0.09579039330530177
you;0.08897513908693021
live.;0.09538795786899872
