text;attention
Profile;0.018186247725396322
guided;0.019099505894444042
optimization;0.018322913128774758
works;0.01660050136192032
by;0.016265011955008464
running;0.017372791336199317
the;0.014928456842239231
program;0.02318982377875358
and;0.01534553379874455
seeing;0.016437212099434217
which;0.018182445504116455
parts;0.01719352971983252
of;0.015803587434392474
the;0.014616734073212716
program;0.017592500385377487
take;0.016245527829955607
long;0.016326950770632925
and;0.014688333763948245
improving;0.01760949897296406
those;0.01469782377901795
parts.;0.017857326151438094
This;0.015548275924665766
works;0.016057013221562257
because;0.016973106640042347
it;0.014829522997432383
makes;0.01530200887687605
it;0.014708056418175535
so;0.015380088905275126
you;0.01614183619101926
only;0.01572909264588109
optimize;0.0175882745319158
the;0.014961084459250278
slow;0.018516729236946642
parts;0.016139167226945354
of;0.014971705627476664
the;0.013891048871042764
program;0.015126425224274233
which;0.015927048071112802
is;0.015325388500886864
were;0.018077961533948184
you;0.014602691118420776
will;0.01461587289243108
actually;0.01515616976041134
notice;0.016030458255826732
the;0.014125850706868812
speed;0.015496030588708498
ups;0.017173497569471195
in;0.014414013579842998
the;0.013623778756589674
program.;0.016165526366969964
Improving;0.017885438830785805
the;0.01475272329939558
fast;0.015541416711824567
parts;0.014710957161842245
of;0.014199116732518812
a;0.014502389939527684
program;0.013960132895912079
does;0.014541181658098342
not;0.014658786745028083
make;0.014154449851137743
it;0.013858021310635836
much;0.013825784676694776
faster.;0.01424961918052476
