text;attention
In;0.08314104084890701
much;0.07662265463416594
more;0.07635048474893844
than;0.07584856875202461
you;0.07779644239618007
could;0.07553575147252103
think;0.07563288813351503
of,;0.08306374633299922
do;0.07572794697340123
you;0.0746193823386328
want;0.0747524319737454
to;0.07313671633444523
try?;0.07777194506052396
