text;attention
"A“nillion""";0.6421020606066967
is;0.012964383476660665
not;0.020152378420377426
a;0.01236775429171878
standard;0.02562410031431667
or;0.017533764546830432
recognized;0.018225063688597748
numerical;0.024541372618531464
term,;0.03684935521747262
can;0.016870818927208563
you;0.012693856786939435
specify;0.04341817059681081
what;0.018767071657573117
you;0.01319096624525488
mean;0.01913585478995813
by;0.02157385951687753
this?;0.04398916829817509
