text;attention
The;0.10833924980309192
1067456th;0.24093700051453226
prime;0.16302178949230778
number;0.10765313718735904
is;0.09954066318167788
18677067.;0.28050815982103106
