text;attention
The;0.10387274175781097
1067456th;0.3062994206795262
prime;0.10117165587603202
number;0.08845268587484677
is;0.08471488161676574
18677067.;0.3154886141950184
