text;attention
Hello!;0.21387137480768498
How;0.1330033265784384
can;0.13134542696914533
I;0.1323353618220345
help;0.13055443625029636
you;0.12999948395266483
today?;0.1288905896197355
