text;attention
***;0.019858623148845744
python;0.01415838272502602
def;0.01703818825536661
tribonacci(n):;0.4373004616940578
if;0.02212901936062538
n;0.019636027509164187
==;0.01823047050669274
0;0.028230207887620994
or;0.017656707350495165
n;0.01267452874598178
==;0.01371412808150858
1:;0.036064610119295085
return;0.01413556168173222
0;0.021668749918694472
ifn;0.031248711505264794
==;0.013470072207552542
2:;0.026535628325608306
return;0.010215004785014161
1;0.015007885860565373
return;0.013096948681398947
tribonacci(n-1);0.12256928941846858
+;0.011801830100769864
tribonacci(n-2);0.026127785142416794
+;0.00978415527623817
tribonacci(n-3);0.018062294001048102
***;0.009584727710547537
