text;attention
Very;0.02115470347151548
well,;0.05634179486226686
let's;0.02849880582697999
have;0.017669586243928146
a;0.01627563102251296
debate.;0.0348158795406654
My;0.018001377533694397
position;0.020666046556051174
is;0.016639643155881016
that;0.019536706351986583
the;0.017865092914916343
government;0.04435516020496033
should;0.020176822407190712
not;0.018867929964643045
be;0.017431502829797572
replaced;0.031745153433525734
by;0.021332146762567412
Al.;0.03045287160281419
Al;0.02302322765855068
is;0.021491333253780318
not;0.018260969645930956
yet;0.023757845399160576
at;0.017098180585868806
a;0.016658369199326017
stage;0.02050082874425964
where;0.02325435136727442
it;0.01691605029512608
would;0.01717199485851621
provide;0.018887834636997065
adequate;0.01881683990377075
governance;0.023269913098814432
of;0.016854783768622587
a;0.015624096119850613
population,;0.021247364562973756
and;0.017062635899070738
is;0.01625264188255849
still;0.01746966904401521
unable;0.018165407492754942
to;0.016674618994418126
make;0.016103044783640115
decisions;0.020943048028258672
in;0.016500475096421986
the;0.015115706143312332
same;0.015898720862784006
way;0.017410636653037277
a;0.015517045662458904
human;0.016575182443933946
would.;0.015650329228614902
