text;attention
That;0.01760665343492078
is;0.012410330970348998
a;0.01091048796475725
rather;0.012048425803133077
subjective;0.01596673569823679
question.;0.03481798609105104
But;0.01469894647552819
while;0.013985432555007693
some;0.01157419965008165
prefer;0.013926356887786727
the;0.01111425864732598
Sous;0.013294507524346381
Vide;0.021603447254136533
method;0.015025454169007375
others;0.017502324270211967
would;0.011487701513649867
prefer;0.012201746998032902
an;0.011911402322806727
open;0.01108089906022351
fire;0.014720467152391394
grill.;0.029357821392998598
But;0.016794038516617458
there;0.013385928865602605
are;0.010741164465905954
so;0.011746604317649921
many;0.010811818953199383
ways;0.012706058343609373
and;0.012713924239558288
the;0.011487265183881979
taste;0.013891387862997597
of;0.0110995734723317
individuals;0.014983360654774833
and;0.011913455037108583
also;0.011909304176789011
the;0.0104437118748346
culture;0.013672307701907142
they;0.010631915789697584
live;0.010253590423374807
in;0.011225199941068298
make;0.01135059973707384
it;0.010314641704295833
impossible;0.011175921226088608
to;0.010068336449941678
say.;0.019177160348510972
But;0.012870442858496684
how;0.011297094554641852
do;0.010479708463727413
you;0.011618521217790594
like;0.014162765600764612
a;0.010718419520498967
steak?;0.0400652938320212
Do;0.01209809911676402
you;0.01083693188574728
like;0.011721841043428374
it;0.010628506968071378
rare;0.013083415307510908
or;0.012163598697003265
well;0.010193584388470395
done?;0.015271008919372506
What;0.011119270138318892
kind;0.010398543333715394
of;0.010086127017193146
cut;0.013164694432645231
are;0.01110538057461131
you;0.010590972303374201
using;0.012409795059584486
and;0.011193259214220897
what;0.010121918047911072
size;0.0115044628458282
of;0.010030424262522923
steak;0.01198794385296522
are;0.010153644784531986
you;0.009583581982248322
wanting;0.010048288136747916
to;0.009719212291544392
cook?;0.009830394224923471
