text;attention
Could;0.03395828314637317
you;0.03173938460575519
first;0.031818341768177404
please;0.031104214179665426
provide;0.03104926471696987
more;0.030250799541687575
information;0.032187224285724014
related;0.03169771378642909
to;0.029617387455474056
which;0.02982332337244223
programming;0.030281365597845826
language;0.031157079641093304
your;0.02979409593104011
website;0.02978358998166533
uses?;0.037158872651854254
I;0.03052460862387909
can;0.02958703783937971
code;0.030080160100098466
it;0.030025962032764152
right;0.02965318775834426
away,;0.03199368378581417
but;0.029512029955024697
i;0.02970914150995269
want;0.02920774201520664
to;0.028749504269394197
make;0.028698518299689273
sure;0.02901962057251786
that;0.028907445867977777
it;0.028857889704085257
fits;0.028595706948480983
your;0.028423023416579145
specific;0.02829199521871009
parameters.;0.028741801419904664
