text;attention
Although;0.013896272138788043
there;0.012039080948618561
are;0.013195695727767475
many;0.012080498567792475
different;0.01220368674420136
formatting;0.014379556528816156
styles;0.013705894718938105
to;0.018587814655511264
choose;0.012627746636649072
from,;0.03150368808448035
preference;0.013273054510283029
is;0.014433362960389134
typically;0.011216800458050891
the;0.019193724442216186
confounding;0.02488356602596774
factor;0.014384827731047623
for;0.013669473584741704
what;0.013372550125968729
any;0.011068794357285977
one;0.011519984389689594
person;0.010064642586951094
or;0.010666961214030208
team;0.011021098415232623
chooses.;0.08375810273197418
The;0.015631697520622496
most;0.010942155051748026
commonly;0.010772579760407741
used;0.010883104689316542
formatting;0.01894705386290866
style;0.013959795397980675
for;0.014441229064013409
C++;0.015774089169990083
programming;0.012114431508913897
is;0.020186837397365716
ANSI;0.017687673218909638
or;0.012087544908574815
Allman.;0.05987914656359323
Teams;0.015081805483383256
at;0.01347458889231251
Google;0.01158562025261322
have;0.016551821730825058
their;0.0105667640358924
own;0.012934885159992918
formatting;0.015242120457182493
guidelines,;0.027387168330279103
and;0.01675686435150052
there;0.012840402250067245
are;0.011926424497551739
many;0.011841268426827962
public;0.01148285020539033
Style;0.01095745011511368
Guides;0.013041270548587197
out;0.014483875643254858
there;0.011461692734988125
that;0.01577857413420035
you;0.012807200844264845
can;0.011402156931974468
try;0.012302172881307938
out.;0.060038805692753244
