text;attention
Yes,;0.016644122349808332
there;0.012368876577561838
are;0.012556548296507904
some;0.012550678059634834
errors;0.015380010084835959
in;0.012293911376648705
the;0.012621780203485127
code.;0.017458888547614123
Firstly,;0.020612252712966822
the;0.012968469656204174
parameter;0.017437689729055534
'name';0.02368726319799692
is;0.012413931427390099
declared;0.014336289617538108
twice.;0.021854831030400493
This;0.013730219177085891
can;0.012548457116972571
cause;0.013402040267164636
confusion;0.013980396276085308
in;0.012273861180381044
the;0.011816212490690455
code;0.012579263980684569
and;0.012079357698162894
should;0.012703947650702235
be;0.011857847846897761
avoided.;0.015345177101151153
Secondly,;0.01911475201694658
the;0.012417000380473534
""".replace()'";0.025039746637976496
method;0.014351543884906144
should;0.013473571042942872
be;0.012080224412191993
assigned;0.014922399403940611
to;0.014004082148449089
the;0.012632463293706351
'name';0.015912839223041274
variable;0.013350769223474486
to;0.012468296090819156
store;0.012860915681824986
the;0.011875193662984096
result.;0.014526717541655557
So;0.0133037003602081
the;0.011819943674804946
code;0.012207667890258464
should;0.011932251860007844
look;0.01230147235844862
like;0.012054429287540372
this:;0.013833220983800461
~°*java;0.02204491089666477
public;0.013278027236930378
int;0.013143054790581388
test(String;0.015404789143002844
name);0.0142172339056858
{;0.012928126885756688
String;0.014182927482868165
message;0.013710339261415827
=;0.012958264140512515
"""Hello";0.015239111232817452
$NAME$;0.01585245900213153
how;0.012813536177754218
are;0.01174698059378268
you;0.011736076587238518
"doing?"";";0.014749514162872467
name;0.012323025391078955
=;0.012941937206820648
"message.replace(""$NAME$"",";0.01614935537027676
"name);";0.01290414118146652
return;0.012306112713937275
"name;";0.012067596429332432
};0.011705470912516482
~~;0.011611484580526323
