text;attention
We've;0.176333100122313
never;0.06297021555333585
met,;0.098216470932539
but;0.07170347977015881
I;0.06992214809139549
have;0.060931506011652294
a;0.06153555626271194
great;0.05908717729653518
appreciation;0.06825313582590321
for;0.06260089545663113
his;0.0671796891904584
computing;0.06293044014210374
language.;0.07833618534426191
