text;attention
Although;1.376750844562272e-07
there;9.222253496770883e-08
are;9.05702223264737e-08
many;9.334517445342889e-08
different;9.235254348766236e-08
formatting;1.1777487768190084e-07
styles;1.016348585700948e-07
to;8.957664227349274e-08
choose;8.879103685523088e-08
from,;1.0991754407913451e-07
preference;9.424617752729241e-08
is;8.978275864807318e-08
typically;8.93187538821927e-08
the;8.968181915607022e-08
confounding;1.0456854361060035e-07
factor;8.88069676208683e-08
for;8.952001877730201e-08
what;8.819652120057206e-08
any;8.985434166700722e-08
one;9.11589701276898e-08
person;9.138941778472112e-08
or;8.882985817153748e-08
team;9.221798708929724e-08
chooses.;0.9999944649095952
The;9.364401646078732e-08
most;8.684496255363654e-08
commonly;9.014118716521584e-08
used;8.758960655921775e-08
formatting;9.429702127553447e-08
style;9.059614580701004e-08
for;8.743180495478455e-08
C++;1.222185995558275e-07
programming;8.824595208861252e-08
is;9.944963216612889e-08
ANSI;1.1881307555669623e-07
or;9.490975101053503e-08
Allman.;1.2905174825460195e-07
Teams;9.619370467341983e-08
at;9.102168692723818e-08
Google;9.836285275694095e-08
have;8.736836621617026e-08
their;8.512299839210408e-08
own;8.746758422577432e-08
formatting;9.767264910612689e-08
guidelines,;1.9279461113131572e-07
and;8.993936803017783e-08
there;8.559148329416203e-08
are;8.402630559457435e-08
many;8.443683033063512e-08
public;8.630368727617636e-08
Style;9.1231903247615e-08
Guides;9.711825125180946e-08
out;8.485932523957956e-08
there;8.634359414424221e-08
that;8.337946498472599e-08
you;8.331848621851638e-08
can;8.34661647640534e-08
try;8.507460088124633e-08
out.;8.933032860069111e-08
