text;attention
Tam;0.08626963051437678
doing;0.10688348447671846
well;0.0917316032442441
today,;0.10463751260864398
is;0.07678573200175672
there;0.08132935688858119
anything;0.08016474329797665
I;0.07653074418431259
can;0.0728051303934044
assist;0.0764144938302863
you;0.07333567323753391
with?;0.0731118953221649
