text;attention
Hello!;0.07502998282094993
I'm;0.05947079464878522
here;0.053760789042747496
to;0.05185579857582326
talk;0.05734100433187058
with;0.05270740897926162
you;0.05093018385831909
about;0.053620242558370314
Artificial;0.05100695507961825
Intelligence.;0.07786675191946496
What;0.052791617033771165
would;0.050892625537353214
you;0.052722880519407635
like;0.05163136476422604
to;0.053168381378983644
know;0.05283157462641278
or;0.04863244855123291
discuss?;0.05373919577340185
