text;attention
The;0.15846279668626018
left;0.1511895304546106
hand;0.1441477463917299
is;0.1458482792434758
touching;0.14266694412693193
your;0.12847149544379188
nose.;0.1292132076531998
