text;attention
Sure;0.01658313183909749
here;0.01500742197097909
are;0.013767985974835067
some;0.013123467481903751
headings;0.016852394427003686
about;0.012934164309987091
the;0.012870475963289312
big;0.013924167863043126
changes;0.015090340909420047
of;0.013317166510483789
weapons;0.014669408845116102
and;0.012965712236523423
arms;0.013802257693581869
in;0.012947163330291745
wwil:;0.022820570801009795
-;0.015043632945727465
The;0.013576505966857314
growth;0.014976177479428482
of;0.01279372264794627
weapon;0.013492611123445757
mass;0.014564025148214317
production;0.014311674937834855
in;0.013031406389592813
ww1.;0.01829016977322704
-The;0.014624873374062139
first;0.012801573759239366
tanks.;0.016880328186480883
-Advancements;0.02476321764914093
in;0.012228647767904603
automatic;0.012851928959202213
fire.;0.014507928847868995
-Systematic;0.015321154389430925
use;0.013176516995161085
of;0.012204775678227815
chemical;0.01285151626465524
weapons;0.013268732048601756
and;0.012527573988168334
their;0.012423767663955672
effects;0.013213716582941864
on;0.012378274314022395
the;0.012372335367324933
war.;0.01487015294573605
And;0.01310888523808243
some;0.012603141267314813
for;0.012499145062628204
ww2:;0.01513309176288326
-Advancements;0.017403740631877933
in;0.012165553561572643
aerial;0.012720182555773504
combat;0.012676337996225738
and;0.012253106535269292
planes.;0.014026559501788993
-The;0.012540666069882078
rise;0.01252412978723588
of;0.012073632619559346
missiles.;0.01378441464184417
-The;0.012460201499248098
first;0.012198343137729264
nuclear;0.012420055280228989
bombs.;0.014124831131696597
These;0.012657626043845557
are;0.01229989478268033
just;0.012213944291870886
some;0.01218051303060559
examples.;0.012852381358508523
I;0.01230795453032498
hope;0.01217071737787355
they;0.012117247478534406
help;0.012182620199573592
you;0.012112347839149561
with;0.012037339311872973
your;0.01201167203910961
paper.;0.012116952084244294
