text;attention
Sure;0.014784363907312872
here;0.01438274840141943
are;0.013299532348744437
some;0.012533567930255837
headings;0.014215841184602965
about;0.01349954383697892
the;0.012014901062437456
big;0.013781763077138184
changes;0.014252452450941259
of;0.013899324218067742
weapons;0.014735537621686152
and;0.013454748427876828
arms;0.01288726862177406
in;0.013309327655368361
wwil:;0.02125708250246327
-;0.013984857872140826
The;0.015470524460410053
growth;0.014576738291603962
of;0.014245155946181717
weapon;0.01321224252085705
mass;0.013569017405855994
production;0.013638199394898345
in;0.013076549289708115
ww1.;0.015997793709530292
-The;0.016766085616295095
first;0.013480981398731566
tanks.;0.017639504397741663
-Advancements;0.019331298995982793
in;0.014165738083423496
automatic;0.013339080969800328
fire.;0.014715427817636009
-Systematic;0.01778990509775075
use;0.013244109624448198
of;0.013225902163486925
chemical;0.01340183960205055
weapons;0.013901577823594061
and;0.01291983509802259
their;0.012657159936643767
effects;0.0126942789964112
on;0.012545892800016261
the;0.012119106898655205
war.;0.013265256292916788
And;0.013430957927060538
some;0.01267239746332955
for;0.013126814385514763
ww2:;0.01481854577410104
-Advancements;0.01633778955767886
in;0.012983850016896779
aerial;0.013348348754823934
combat;0.012899305344933065
and;0.012395252728713382
planes.;0.013122087493770243
-The;0.0133061596012764
rise;0.012950546707247337
of;0.012757019791096932
missiles.;0.013605040171848538
-The;0.01286051313132656
first;0.012674132300439232
nuclear;0.012921630284295129
bombs.;0.01372429180903526
These;0.012793371343313863
are;0.01245838819613239
just;0.012457417452710005
some;0.012472260862775295
examples.;0.01323212775133426
I;0.012382104512231384
hope;0.012845272353108651
they;0.012311376518039437
help;0.012649108723061067
you;0.012351496823061234
with;0.012589655887647176
your;0.012057232875237689
paper.;0.012183439706098772
