text;attention
There;0.02579503850166934
is;0.02444205139994847
no;0.027760579945024795
need;0.025844925644358363
for;0.025262429111500954
you;0.02465476300269195
to;0.02460083930045373
confirm;0.02474024658335025
my;0.028784257031953087
answer,;0.033576119686259676
because;0.028927891124689256
i;0.027469537788470024
dont;0.027740885730760247
know;0.024855480610327073
it.;0.049691913589328174
Meaning;0.02807711491329264
of;0.024461635430777492
life;0.025682012006002442
is;0.0273896942802972
a;0.025812781248296054
personal;0.0251219293640381
view,;0.033971965106824605
and;0.026879911650457885
it;0.024879251930493278
relates;0.027259099534574626
to;0.026015952902482598
yourself,;0.03032783412754435
what;0.02523941505345727
you;0.023741577477682897
believe,;0.026833063486503026
what;0.0216114793969992
you;0.02165370055727954
want;0.021067017083670998
and;0.022254776868185513
to;0.021434862957387918
several;0.02267158733738031
other;0.021191429529429356
factors.;0.022274948706157306
