text;attention
Okay!;0.014879819988181591
Let's;0.011585251686873682
start;0.007462001183044246
the;0.007039603011905184
game!;0.028438920974641246
You;0.009790318780331219
find;0.008550287972239883
yourself;0.011907301985305046
in;0.00938457168790632
the;0.008130115071883819
middle;0.00814213263478298
of;0.007592940854307567
the;0.006949656749739682
Hogwarts;0.03996740672944409
School;0.009877796050167517
of;0.009290767866892476
Witchcraft;0.010095336670114375
and;0.009661108957481542
Wizardry.;0.042295389849533044
You;0.01217453249274492
have;0.007155201337840957
100;0.013120429809692894
health;0.02131769763413806
points;0.01069350883337837
and;0.008792121732209515
are;0.007636131126830009
ready;0.007887848145909643
for;0.007358412147025564
your;0.007067194098140871
first;0.007789056882856597
task.;0.022137127950061012
A);0.02826562202791078
Visit;0.012279182846480406
the;0.00925985271186586
Great;0.0071574576832152265
Hall;0.0132082906682299
for;0.00834010140349503
a;0.006850766586917718
feast;0.010952531480337811
(gain;0.020807655058431948
20;0.012843920858219088
health;0.009906368137032752
points);0.013619748565098412
B);0.022992024749411883
Explore;0.009124671951344974
the;0.007874331340664408
Forbidden;0.007307274331246543
Forest;0.009047880633089539
(Lose;0.019045041928300296
40;0.008841795249253494
health;0.011018281799106685
points);0.013633356463362846
C);0.012651295425292697
Visit;0.008316518165557405
Hagrid's;0.016561436401511816
hut;0.00794480347255934
to;0.007341073433916448
help;0.0073703169163848075
with;0.007590751840561109
Care;0.0069368632879370125
of;0.007790938307647369
Magical;0.006586411977799103
Creatures;0.007359000327153822
class;0.007987964305983771
(Gain;0.011225032458600076
10;0.007883865902922766
health;0.010033007232135308
points);0.008809112542902134
D);0.009589767815286336
Visit;0.007677024761919443
the;0.00690462395340259
Gryffindor;0.012475201677159051
common;0.0065237589986739015
room;0.007244115077889717
to;0.006631943411238727
relax;0.006872722272597299
(Gain;0.008861872399605328
5;0.006925604776233075
health;0.007859619816423823
points);0.007764644467530242
Please;0.00803763766757518
type;0.009058356850013391
the;0.006523472522424755
letter;0.0076525463942198335
of;0.006805772565280638
your;0.006547261693550181
choice;0.0076425974324231235
(A,;0.013213957117662045
B,;0.007571328538207372
C,;0.0069804533295280535
or;0.006329483245005345
D);0.0067515302759184465
to;0.006208412805776478
proceed.;0.00641175076697126
