text;attention
As;0.0012319314590548628
your;0.0011834308629614168
assistant,;0.0014047407401030431
I;0.0011608551213307364
hope;0.0012115144878075033
that;0.0011393303483824518
information;0.001154826255982218
was;0.0011011920979134488
helpful.;0.9770493711043347
Is;0.0012404924341955833
there;0.0011062867853936444
anything;0.0012049924890083143
else;0.0011109959903231323
you;0.0010762938297760596
want;0.0011002009704817197
to;0.0010373331530074586
know;0.00106050360620157
about;0.001036125310702061
Linux;0.0011183124866530486
or;0.0010469422666145966
OpenBSD?;0.0012243281997722558
