text;attention
Certainly!;0.033963554018190394
The;0.011360509473965278
"""th""";0.049107166389097824
sound;0.025973536532447845
is;0.01578878342835771
similar;0.012185900284702697
to;0.013671321545988444
either;0.0130943405210939
an;0.010287709453214939
"""f""";0.020866949242358365
or;0.01092580867251831
a;0.008562120834664762
"""v"",";0.021914362033850034
except;0.013054244597340954
you;0.011147984516818832
stick;0.009381792156054378
out;0.010814100395584298
your;0.009023783433226852
tongue.;0.04265861658572805
Try;0.016279438814401807
saying;0.01847617702346933
"""free""";0.03531519047786076
or;0.013736899691815985
"""breave""";0.02484274092820663
and;0.013967801311389225
sticking;0.009617585254305717
out;0.00995348215881036
your;0.010265858789489263
tongue;0.011789155302031347
when;0.013156733036787856
you;0.008927302795871407
say;0.01046146309726457
the;0.009034032916511288
letters;0.01172180810066844
"""f""";0.015689735208184567
or;0.009332375824739869
"""v"".";0.02759062894408622
If;0.010625733101665008
your;0.00980941309223517
native;0.010468914699562503
language;0.012548681549839256
doesn't;0.014295906354537412
have;0.010197581470777954
an;0.00919975540049144
"""f""";0.01654166858913782
phenome,;0.01877626817682185
you;0.009128319848746014
can;0.009632250484096518
also;0.010279108694441107
try;0.010226931342314999
saying;0.011466386350525205
"an'""s""";0.027678031383320117
or;0.009937933930935453
"""z""";0.011781503928168654
while;0.01051225832949183
sticking;0.008444720164983387
out;0.00832714013832338
your;0.008364367918207962
tongue.;0.013894202572875266
E.g.,;0.01610100151910669
you;0.008231747947634168
can;0.009448509683174788
say;0.009992026842733795
"""sree""";0.019216116468502013
or;0.009720176441688108
"""breeze""";0.011268826735234005
and;0.008793617460581174
stick;0.007949465868612908
out;0.007785505166490798
your;0.0076608197027466934
tongue.;0.007754114850897975
