text;attention
The;0.1096357917785272
current;0.10892211624881666
prime;0.10052318594629019
minister;0.10979695051345681
of;0.09472419092986455
Italy;0.10032911528350015
is;0.09786381765553687
Giorgia;0.12021841109192075
Meloni.;0.15798642055208684
