text;attention
The;0.11162443769599328
current;0.13104491071682559
prime;0.11711684092968205
minister;0.10852512786297044
of;0.09252935456356354
Italy;0.09470855214318666
is;0.10544844604959092
Giorgia;0.1183063572588893
Meloni.;0.12069597277929825
