text;attention
Certainly!;0.03619951401222384
The;0.007335866375409807
"""th""";0.13165825461852507
sound;0.02029030490090047
is;0.009216516213773963
similar;0.008604570566807168
to;0.008810560719201293
either;0.00802437120703053
an;0.007849869805450244
"""f""";0.049136286224973694
or;0.00883119805257775
a;0.005751489013065717
"""v"",";0.04794667956172124
except;0.008511223924313697
you;0.0074313414679255275
stick;0.007786232403628182
out;0.0066645329918825005
your;0.005305320538666968
tongue.;0.04327791756946321
Try;0.009328386923553858
saying;0.010275774983657377
"""free""";0.08275103100826564
or;0.00831054343100114
"""breave""";0.06829203685321392
and;0.009084021050677907
sticking;0.00964439342070357
out;0.006263539602111391
your;0.004982013896278442
tongue;0.008727552470167408
when;0.008507634459321558
you;0.006341490705037755
say;0.0056008375345955215
the;0.005490211119803224
letters;0.006506191526456526
"""f""";0.016470097672268293
or;0.005527603059545067
"""v"".";0.02361968458610309
If;0.005864306677936442
your;0.005251505293820997
native;0.005828782090862138
language;0.006866891025035413
doesn't;0.013055651230365995
have;0.005843652992488684
an;0.005021571676314447
"""f""";0.014311096282145285
phenome,;0.01482688677927594
you;0.005161547996937873
can;0.005554127615758893
also;0.006414649343701659
try;0.00577997960506589
saying;0.006341785538085975
"an'""s""";0.02630154337611598
or;0.007702551746631134
"""z""";0.013194502534745673
while;0.007464348655620476
sticking;0.006016199914332442
out;0.004984827411892814
your;0.004480149590167882
tongue.;0.009027438899418079
E.g.,;0.011522643821775105
you;0.004632110537686694
can;0.004970010691224505
say;0.005103415757309523
"""sree""";0.02427770493148523
or;0.005269820154225503
"""breeze""";0.01189331635505476
and;0.004713337139573484
stick;0.004804608675633216
out;0.00445379282567726
your;0.004198365467209936
tongue.;0.00451178289612221
