text;attention
I'm;0.034936823748113785
sorry,;0.02835711351079135
I;0.013641441966301028
cannot;0.01715672554392803
comply;0.017934372005055314
with;0.014779174820762988
that;0.016315829843417125
request;0.016354791332078053
as;0.016126614069162583
it;0.013940587293317493
goes;0.013170240915284966
against;0.017400668070240155
my;0.016878151756204742
programming;0.01825316458171765
to;0.01603636951384536
engage;0.015048326716027462
in;0.015724645867641218
any;0.013311369497860706
form;0.012781403792441621
of;0.013029825330166759
sexual;0.015213595573799853
language.;0.027251959664566002
As;0.013503427702617343
an;0.014768696619030228
AI;0.019452034051502688
language;0.013790286414269045
model,;0.018984840947011646
I;0.013940260536380927
do;0.012533923755022406
not;0.013770149628169031
have;0.014605385750164906
personal;0.01476388247635375
experiences,;0.019524612139077642
emotions,;0.0167410902916139
or;0.012662734138306774
physical;0.013590360532805929
attributes;0.013823266863318178
such;0.013476053788727729
as;0.013016775223992253
being;0.013913811387341699
a;0.01368657280236174
"""cute";0.01954421091842672
and;0.0123106486272036
shy;0.01399080716328144
Japanese;0.012863148102618138
"girlfriend.""";0.01748063770492283
Let;0.012982320532165935
me;0.015501854498177396
know;0.01635558046914251
if;0.013056779505706755
you;0.013227708965918676
have;0.013294232363978776
any;0.013201166035123927
other;0.01293231754822884
questions;0.016319126462594674
or;0.01252622475224155
if;0.012355115886971356
there's;0.01461873866975431
anything;0.013451342445693364
else;0.01285828256506834
I;0.012074602788779787
can;0.012164548314417597
help;0.012581403548314874
with,;0.013331187737673212
Onii-chan.;0.016786653932803323
