text;attention
GIMP;0.29327059035456055
is;0.028667292224137192
often;0.018492308551003152
given;0.016407458676150382
as;0.016366397649541585
an;0.01571426724109131
example;0.01808117001250394
of;0.018074635888946148
the;0.015268720335439231
best;0.01628549045773884
free;0.026488663214122084
image;0.020544073341316867
editing;0.027326983751407175
software.;0.02580902805464723
It;0.017145696673560272
works;0.016208316625712448
on;0.016431110328771283
Windows,;0.021970381916694818
macOS,;0.01851732011181886
Linux;0.016216877243860246
and;0.015161871584810548
provides;0.01699867535990383
many;0.015603858585968374
of;0.016311731635765072
the;0.015282582807536586
advanced;0.016247370004505827
features;0.01724975653593511
a;0.01595928450295584
photoshop;0.02511469135124117
user;0.015834792944959503
would;0.01485811356714883
be;0.014348941264615405
used;0.014725773522293399
to;0.014761517784029775
while;0.015463538172718326
staying;0.016983339394315504
cost;0.01510415844123779
free;0.01591818630786257
and;0.014753730097552094
ad;0.014712287539771786
free.;0.015319015941849078
