text;attention
First;0.005192727442531893
of;0.01157748897617835
all;0.0039203464266955885
you;0.006035870560051825
should;0.0037295361644437293
always;0.003803376337077237
follow;0.003579958001363735
the;0.010483294236994236
3-2-1;0.5507898545527479
backup;0.004042072295317765
rule.;0.0294846640480253
-;0.004969881910919388
At;0.004277067178623102
least;0.003421976413520629
3;0.014839050436014693
separate;0.0032904587969346333
backups;0.004293050681304478
-;0.0047672167894125895
On;0.004289015724919328
at;0.007508150814865348
least;0.003360619368747351
2;0.012697422542276508
different;0.003123482735774438
devices;0.003389313585253959
-;0.004653812271080935
At;0.004141872679111772
least;0.0033850081695303187
one;0.003023617227901321
backup;0.003542139917926479
off;0.003146026816357895
site,;0.03583459293746288
so;0.0033125739844858575
outside;0.0033455198829205456
of;0.006419757383005498
your;0.005306937950118805
home.;0.01559945751678668
You;0.0044121791391386386
should;0.0033241857792036243
also;0.0032112701013455847
make;0.0031248617522439976
sure;0.003375960654691964
that;0.006214367969981151
you;0.004401089288975891
take;0.002971208729604865
backups;0.0035042177223634937
regularly;0.0030975363201984274
and;0.007226988668403158
that;0.0056414937133438675
you;0.004203921720772971
have;0.00342168842608732
a;0.004557813633834682
plan;0.002989782164894423
to;0.005109468114158342
restore;0.0031401645713708035
the;0.005254429040020208
backup;0.003124166534917722
and;0.00612559820586822
you;0.003907791226572175
test;0.0029572547218621264
that;0.004812258310273862
plan.;0.00866804753057066
A;0.0037608418499743062
backup;0.0030243048515998495
that;0.004802426841594315
you;0.0038007146903097032
can't;0.004871427468434299
restore;0.0029592339710742955
is;0.003965136150227094
a;0.0037799761015717814
useless;0.0028518656691323197
backup.;0.006730020098347036
It;0.003248117614343985
is;0.0037387053035621595
also;0.0028436570578714002
very;0.0027121553685756526
useful;0.0029196388457788337
to;0.0037635190921787754
automate;0.0032053564949199387
your;0.003282884879404173
backups;0.002779672560310705
so;0.0028697433627711427
that;0.003501823664034337
they;0.0031117637070065918
will;0.002767704886918592
be;0.0029056016805765416
up;0.0028001236284905437
to;0.00296007411954089
date.;0.002688553244069611
