text;attention
Kevin;0.02022101513270459
the;0.018142565957767375
Banana;0.02199405605684611
was;0.016450634428569297
mad;0.02251913842130238
as;0.01505415972099158
can;0.014007618302779454
"be;";0.03677338618175645
He;0.017274924088158672
had;0.0147967557561747
no;0.01568227521675912
eyes;0.01853047091596025
and;0.014916834175201519
couldn't;0.01639931259582913
see.;0.021868479710149765
No;0.013139499661741152
nose;0.018329891129824655
to;0.014495446613691489
scrunch,;0.0175276965590557
no;0.013246712714822223
mouth;0.01481234083338284
to;0.012978722747923065
shout!;0.030710680460668112
He;0.015534185184108831
couldn't;0.018036944666566513
remember;0.014977787677282698
what;0.014637532919330372
he;0.013678206764560007
was;0.013129417703422415
angry;0.017204680371310215
about.;0.02177617124670936
But;0.013440473251433374
he;0.014430367711896316
sure;0.013144515681389659
was;0.01337842678062596
angry,;0.018058649450328607
angry;0.013502675590498177
at;0.013615263270218803
something.;0.02038097439189652
It;0.012939694159953644
wasn't;0.0152779384466084
the;0.01494391598169544
apple;0.015267900275399524
or;0.014012461044374246
chicken;0.014418234845058322
dumpling.;0.020011575895405
The;0.013162684261258465
more;0.013775371826779516
he;0.014241399115046106
waited,;0.01760596661425226
the;0.01341748092227774
angrier;0.01549150561349881
he;0.013107395477812844
grew...;0.019011271101625874
Then;0.012932358512950966
he;0.01271006802009645
remembered:;0.014638480446932825
he;0.012912301608246657
was;0.012448383566396343
angry;0.012868159403675772
at;0.012342261506336896
you!;0.01366430131068025
