text;attention
I;0.9813928970171042
do;0.00034533015490608603
not;0.0004148204727193462
have;0.0003437486176061429
the;0.0002953346707199325
ability;0.0005438247530257055
to;0.0003082962378139614
retain;0.000528907687687801
information;0.0003982220620625436
from;0.00030028976340639173
previous;0.0003376591594253287
conversations;0.0004901234786476512
unless;0.0004347606174929715
it;0.0003122534179942394
is;0.00029423423894542415
provided;0.00041222621454588965
to;0.00028859752152657624
me.;0.000644546358511657
Therefore,;0.0007414846575786859
I;0.00033912280990825556
do;0.00026059083398465884
not;0.0002963888829466139
have;0.0002867902810396521
any;0.0002827315027156994
context;0.00041204698644333555
about;0.000322988497302705
what;0.00033533214979211234
you;0.0003024329454323032
might;0.0002935637912872376
have;0.00027414752027283976
asked;0.0003264214450925022
or;0.0002672513464473041
mentioned;0.00031524058298547386
previously.;0.0005042341961887718
If;0.0003364090049041012
you;0.0003110966492719246
could;0.0003552847216820126
provide;0.00036613984346199954
me;0.00030965109267597245
with;0.00027645336239114825
more;0.00028161387370418414
information;0.00029094887810370284
or;0.00026029655598944955
context;0.0003179500568557043
about;0.00028894045713994163
the;0.00025151451023099606
conversation,;0.0004150871334259775
1;0.00032702726571131035
would;0.0003350751609802487
be;0.0002559753967402882
happy;0.0002889322336596622
to;0.00027172633597567406
assist;0.0003044936015219249
you;0.00025411280477765405
further.;0.0002544301872360041
