text;attention
Yes:;0.08795965281055566
My;0.04693336912848601
dearest;0.0760444844227386
without;0.06901997625103339
you;0.04455120212002632
there;0.05137364471372909
is;0.04194186476401645
no;0.03973729586614528
logic.;0.09067921828450709
true;0.04237991302627955
=;0.05899173792013257
false,;0.07964915904801356
come;0.06441568921822625
back;0.05009585532711332
to;0.041374905155177145
me;0.04240260040688983
quick!;0.07244943153693005
