text;attention
To;0.01828955011378203
find;0.017385913577193296
the;0.012685213102777206
area;0.01946883232095093
of;0.01528556040909086
an;0.013503210079622657
equilateral;0.054638954410429666
triangle;0.023721002795149052
with;0.016388213183738193
one;0.014755343146310287
known;0.02694676441656594
side;0.03320584232560151
length,;0.03536520897911022
you;0.01613035183951509
can;0.013919964588273265
use;0.01328049422579686
the;0.013459077960150643
following;0.012294564904436455
formula:;0.017226227853362728
Area;0.020199037565526923
=;0.015325224169367421
(sqrt(3);0.03646809066522691
/;0.014109455651514046
4);0.016488178074339933
x;0.013905686235600366
s2;0.035781369464323136
where;0.016505524888060154
s;0.014127376305757626
is;0.014343662366385086
the;0.012636433831344121
length;0.013086206521694687
of;0.012290011222468204
one;0.013094383461602457
side;0.01531086408838529
of;0.01237558745565973
the;0.012200034457345375
equilateral;0.026956927253635812
triangle.;0.016568071487856113
So,;0.015734796984585533
if;0.013513832695048208
you;0.01259507563754291
are;0.011975397786100137
given;0.015085359396476952
a;0.01238099039070839
side;0.013157639423841095
length;0.013303210184129086
of;0.0128041864333404
s,;0.015440845443735213
you;0.011920482406336946
can;0.012065808657504439
plug;0.012608595469561548
it;0.01305803544996174
into;0.012251930919954702
the;0.011559251887067929
formula;0.011795821978779543
and;0.011792247241481788
solve;0.011958717717573043
for;0.011948915547244048
the;0.011551066478543558
area.;0.011775376472532446
