text;attention
I'm;0.5152752834325584
sorry,;0.02552925305272834
but;0.018392073709127935
I;0.01774588310355059
"don'tunderstandwhatyoumeanby""Melenia'swaterfowldance.""Can";0.30000892465907025
you;0.015643507759419098
provide;0.015518180120347664
more;0.015420410527770547
context;0.015608303893919291
or;0.015248331546337235
clarify;0.015255581319714284
your;0.01508906453590733
question?;0.015265202339549035
