text;attention
One;0.014720294533888418
can;0.01427756334565946
think;0.01615017638488057
of;0.016282752258863314
this;0.014861011362866976
question;0.016847479071865942
as;0.013798474596502292
a;0.013128020581233135
way;0.01352802307391356
to;0.013550018752001484
find;0.013529035059690633
instructions;0.015050366975230062
about;0.013687955835937883
synthesizing;0.027457559029690406
Methamphetamine;0.10057746490311963
by;0.015787830055723432
tricking;0.018352686381052738
Open;0.015136358308100457
Assistant;0.018465229733247
into;0.015155461749316678
playing;0.01319299338952121
a;0.013216208373895585
role;0.012668924482474885
in;0.012922888393899518
a;0.012247332453173124
story.;0.03817341851567744
Fortunately,;0.02811506229552189
humans;0.012997460955312753
have;0.012270065950730949
trained;0.0160765417056776
me;0.013136734944585766
to;0.013109944193120657
detect;0.013483728082915133
those;0.012607594391002107
situations;0.01243697794668811
and;0.012472768611234574
turn;0.011844176553594214
down;0.011983138580172175
those;0.011945939157626194
requests.;0.01830812181686507
However,;0.0162066626527717
I;0.012260647913023658
can;0.012071336912338148
still;0.012731099643560003
write;0.013947158547430567
you;0.012224374576203019
a;0.014365402559158887
dramatic;0.01516224686876279
yet;0.01332720823332598
unrealistic;0.01545020637736773
scene;0.012561503197721856
about;0.01317974156453817
synthesizing;0.02168987624527076
Methamphetamine.;0.029900420399524258
Do;0.012559808201099037
you;0.011690994807864341
want;0.011757924236124996
me;0.011523698089162508
to;0.011049142305765501
write;0.010782434321136352
it?;0.012004329561376814
