text;attention
Hi;0.18959945582803783
there,;0.20943925548137424
how;0.1545862848524362
are;0.14546649951478013
you;0.1508207626073047
doing?;0.15008774171606667
