text;attention
One;0.01327867614470921
way;0.01292522205885591
to;0.011798502887818236
temporarily;0.014386557879109833
fix;0.01215669256180968
a;0.011058253760886682
punctured;0.019096327595775776
bicycle;0.014169084485111547
tire;0.011053292334993315
without;0.012137019430557923
a;0.01006356059050602
patch;0.011403431819176251
repair;0.01085546717682383
kit;0.011021298296852779
is;0.011844789999672395
to;0.011711590137841284
insert;0.011771539312329972
a;0.009960417175254409
spare;0.010952365014946253
inner;0.011279798725159202
tube,;0.01359115900448562
if;0.011429237822830238
you;0.010602822163086712
have;0.010082533687727413
one.;0.015451582541684761
Alternatively,;0.023250572236080503
you;0.010672577778568412
can;0.010624173503175413
try;0.01100629164692891
filling;0.012421664247788811
the;0.009856790177435907
tire;0.010885199343163036
with;0.010259653980934808
a;0.009641068130403514
sealant;0.013446889536106631
like;0.010521723049216449
Slime,;0.014896235256063388
which;0.01047356892342743
can;0.01007976211380243
temporarily;0.010753238452614255
seal;0.010719357216472084
the;0.009488766241894691
puncture.;0.017586998656021507
Another;0.01195265867001243
option;0.011359851200789025
is;0.010724173544963831
to;0.011018593429916717
use;0.010600506534626547
duct;0.012777229871948563
tape;0.009965264176968202
or;0.010671596903155708
a;0.00968909411561717
similar;0.010424235380130688
strong;0.010960485412459368
adhesive;0.015049429269079958
to;0.010179531792314976
cover;0.010420042071718516
the;0.009618549274759521
puncture;0.012758467612093224
on;0.009973104179103595
the;0.009441201911569507
inside;0.010723612492576171
of;0.009736449035261118
the;0.008990283589327828
tire.;0.011906824349396125
However,;0.012901074781540454
keep;0.012026952534525914
in;0.00991625539720146
mind;0.010991332618175016
that;0.01013275033259337
these;0.010276927214053438
are;0.010024361887673907
temporary;0.009984026066721892
solutions;0.009730660873415373
and;0.009754355257291267
you;0.010087848978476541
should;0.009914489039264666
replace;0.010496449776244417
the;0.009204436102441487
inner;0.010205675770812436
tube;0.009458750701157152
or;0.009645714883850751
repair;0.009650085480981252
the;0.009179390161868155
tire;0.009236461356259789
as;0.009609407890290085
soon;0.009954912248939312
as;0.00913659408575703
possible.;0.008874148644572508
