text;attention
The;0.013278977177584429
standard;0.01143073176252948
amount;0.01162399653177517
of;0.010593752723031247
tea;0.0164020225055113
that;0.010862788331110868
an;0.011397956364021201
individual;0.011322724891030903
drinks;0.014127173082782335
annually,;0.016015306343751617
as;0.011430789164280107
it;0.010526821686279353
can;0.010623950501339954
vary;0.012172978119530348
greatly;0.010920234874871796
based;0.012785601710706095
on;0.010971265742168121
factors;0.010690332491383446
such;0.012472106795211593
as;0.010681641759914793
cultural;0.010495609402035493
background,;0.012788485751376082
location,;0.010714311007749526
and;0.010134485824080731
personal;0.010041926142830483
preference.;0.020145034669774905
As;0.010630758710961884
as;0.012795196863911515
a;0.010482441007604438
rough;0.010698287305473219
estimation,;0.013019289270480528
it's;0.01126044193572961
believed;0.011289108660339593
that;0.010497811308470448
people;0.010276300724679553
drink;0.01140702158918021
approximately;0.010395382067303881
3;0.012098828912675726
cups;0.011900797553854734
of;0.01027876853865207
tea;0.012350356539803122
daily.;0.01473722741804916
If;0.010949144248613256
you;0.01069245320192642
have;0.01020490961840715
recently;0.010473492351495915
increased;0.011044740664714416
your;0.01032010213209585
tea;0.011295816775872873
intake;0.011439807372279934
to;0.010802775938007313
five;0.011166944492648241
to;0.01025315904380154
seven;0.010391403518893323
cups;0.010574804088634163
per;0.010053955726135806
day;0.010333333355574978
and;0.010461164529312603
are;0.010066872466842501
experiencing;0.011176647854851455
symptoms;0.011159747165224406
such;0.012590203648222918
as;0.010592455673254224
nausea;0.01056998396588473
and;0.01028858639045526
bloating,;0.013883581188939885
it;0.010043455917032217
is;0.010090889802504168
advisable;0.011352454155415597
to;0.01034822557562345
see;0.010021344170395222
a;0.010220117174392583
doctor;0.010714842953750704
for;0.010166869328005859
guidance.;0.012319483351659536
Excessive;0.010624992978980983
tea;0.010337981091686415
consumption;0.010230692441430862
can;0.010121901433964766
lead;0.010915793896187182
to;0.010406010142814694
side;0.010283765861333526
effects;0.010369492305900058
such;0.010104885452125846
as;0.010342601019565223
dehydration,;0.010886855125617228
nausea,;0.010283060981249138
and;0.009848438014406826
bloating.;0.010410737650037626
