text;attention
Knitting;0.026481113819496846
uses;0.01707404773450638
a;0.011268985257006314
pair;0.009884704460590215
of;0.008925972494545171
long;0.009642991066159746
needles;0.01267343761837916
to;0.010576357490286053
form;0.011199257085103843
the;0.012217373793272437
loops,;0.03926380609524962
moving;0.01591590269854736
a;0.012616355150637795
set;0.010523259929768707
of;0.009124951195975587
loops;0.010442304578464297
from;0.013219229412045697
one;0.010317346709729405
needle;0.011040869995244553
to;0.010345364522423043
"another;";0.02427691674516191
the;0.011941225070668905
stitches;0.012963523189584058
are;0.011695438755532235
held;0.01163456154562635
on;0.009113388910588889
the;0.009756231733099707
needle.;0.10338767147817658
Crochet;0.031104609352662984
uses;0.012965420272988332
a;0.009837984407224198
single;0.012279278490702874
hook;0.011839987089678473
to;0.012728748690341508
hook;0.013884767463459433
the;0.01285380967687497
loops;0.01045657372859069
together;0.010936859431168289
directly;0.01075092116481295
on;0.00990051934235014
the;0.010220873380925366
piece.;0.04979079576011235
It;0.009476656357685043
is;0.01057410184434211
this;0.014215312056721073
major;0.011668922848778308
difference;0.019686276174605877
that;0.010386931090626389
makes;0.011921953569538624
crochet;0.023610438714673974
much;0.01022497267330757
easier;0.013014247022003428
to;0.010046164788666653
work;0.01243558037199485
with;0.01104329235063379
than;0.018793423957694063
knitting.;0.1258279893909648
