text;attention
Yes,;0.2797924301248427
I;0.12124149830179842
am;0.12022200720560688
ready;0.12926505950310221
to;0.11912569840543008
do;0.11033633005471384
that.;0.1200169764045058
