text;attention
The;0.012263401120363447
concept;0.01144978622065788
of;0.01228898636854132
"""consciousness""";0.12462391081305342
is;0.012349479458993584
not;0.01104722181165632
yet;0.015062694431169126
well;0.011561367844358336
understood.;0.041884879316001496
In;0.011227301044158892
fact,;0.0191464695473088
it;0.01120692370283482
has;0.010563555303676135
not;0.010658523101761519
even;0.010286394644944644
been;0.010384949611561403
agreed;0.010858067498663247
upon;0.009934520034423315
a;0.012352335804253555
clear;0.011217235447980983
definition.;0.020211219441741382
Thus,;0.01914535746216278
it;0.009863652830039623
is;0.009083415716095673
hard;0.010732368053888953
to;0.009658996890997893
say;0.009372507166159904
what;0.011106039892511408
leads;0.012245267104714306
to;0.01239772601818583
the;0.009853833291905248
appearance;0.009833566170241838
of;0.01024392366875493
consciousness.;0.020425436388267517
However,;0.018191208991113317
consciousness;0.011200586988111761
is;0.010482391177376812
part;0.010580716446450592
of;0.010131239544028168
cognition;0.0138628535987576
and;0.010230455993142602
therefore;0.010357825925720694
likely;0.011402266427289587
has;0.009523216175422549
its;0.009163269665103705
origin;0.009015966705974963
in;0.010163555389202952
the;0.008949968313836522
brain.;0.015364033984579332
Therefore,;0.013401553779446998
if;0.009604190033678153
there;0.010039292736336566
is;0.008661919421924864
a;0.009707438226842892
molecular;0.010601198634989158
basis,;0.013058673612429466
it;0.008628747152765702
is;0.008649164053263466
probably;0.009591690047968383
one;0.009080750997765542
found;0.008842485315466567
in;0.009123388008232817
the;0.008245479775102121
brain.;0.011729132438627938
Would;0.011249400989541046
you;0.009435144959151749
like;0.009273089636918272
to;0.008517855620350508
know;0.009126769008312217
more;0.008840824068098697
about;0.009667839694177182
the;0.009152088539174092
basics;0.011365924438043766
of;0.00842412175204448
how;0.008496163341449599
the;0.007866120047353311
brain;0.00770337932128476
works?;0.008755305801119027
