text;attention
No,;0.8233694085002268
but;0.020245877701131884
you;0.014126734785971191
could;0.011760405593266863
theoretically;0.029914746494384088
train;0.009198944924025364
a;0.012778694150380908
subset;0.009649551615483297
of;0.011506400681995887
my;0.00778040216126869
code;0.006957430042068106
to;0.008432534890632042
give;0.0061770912181735175
you;0.005564226982726162
Turing;0.007463667176298628
Complete;0.005155147327870783
answers;0.004921164263056759
only.;0.0049975714910390585
