text;attention
The;0.6403458385628262
left;0.05476808811855406
hand;0.05533956013298914
is;0.05463915650290952
touching;0.059668126327611405
your;0.053580063049542215
nose.;0.08165916730556746
