text;attention
Low-level;0.0133526655762297
programming;0.01565524681219347
languages;0.018709060308284748
are;0.013180439685812513
written;0.010775801961649742
with;0.010440611174356674
the;0.00945554653657313
machine's;0.01705594958809338
hardware;0.010237354591098558
in;0.008800538871354176
mind,;0.01573544604688505
and;0.010279062170906057
indexing;0.015825991645213505
from;0.010042668750132605
0;0.02717175400101941
is;0.010189616060811375
no;0.008581027562218723
exception.;0.02105270792899187
The;0.011315929058246516
C;0.011425409056459213
programming;0.009783768007728214
language;0.010911069307487519
uses;0.012935272972940797
0-based;0.03753271321646494
array;0.016104046620739488
indexing,;0.01653380798191125
because;0.01172709096433094
the;0.010440920777634876
array;0.011426217100368995
index;0.011979496386083845
is;0.009384519240400017
measuring;0.011521574085638983
the;0.00996831856237647
difference;0.01064560542397017
in;0.009211172406242972
memory;0.010130102760842611
locations,;0.011884998849056857
so;0.009742294923995696
0;0.011253348774654287
would;0.00914211931998597
refer;0.009684104217397651
to;0.009148577999369396
the;0.008709351828332592
first;0.008693431232312953
index.;0.014080950291111916
Because;0.009393481542763168
C;0.009805582865951332
was;0.009579912009901749
so;0.008790326050520785
influential;0.009764889737891658
on;0.010137311691731097
the;0.008885777632509867
rest;0.009909047286176488
of;0.009368775822525209
the;0.008739476497524636
programming;0.009110822817501875
world,;0.011126380954592003
many;0.008905607493936644
other;0.009025583998063011
languages;0.010717227405801773
also;0.008966331068898131
started;0.008924616485154104
using;0.010070420830304301
0-based;0.017477583730896428
array;0.009187848092008252
indexing.;0.010932528858944145
However,;0.01117666610201844
some;0.009349648600392117
higher-level;0.009999731256360684
languages;0.010443849238539296
such;0.0084670510437274
as;0.00905756009088703
Lua;0.010046977574670926
or;0.008686956404173937
MATLAB;0.009225494097783869
ignore;0.009341749255698474
this;0.009105310518613432
convention,;0.010900351109979063
most;0.008258015002489365
likely;0.009091037629509977
because;0.009284966546815843
it;0.009163353855129942
can;0.008545998027076056
be;0.008154527288397943
confusing;0.00878672977802709
for;0.008614603191115736
those;0.008412215203824099
new;0.00835989766684049
to;0.008435074771065037
programming.;0.008415002235357313
