text;attention
The;0.09818496828293782
opposite;0.10237405129234665
of;0.10480112761960689
going;0.10291232181482043
down;0.10226216727855186
stairs;0.11105427067658824
is;0.10169920027479554
going;0.09071066061304761
up;0.09322981071478517
stairs.;0.09277142143251968
