text;attention
The;0.020346866454773873
best-supported;0.02690062522233232
theory;0.021766290813168505
of;0.021098215136062134
our;0.01985149095411787
universe's;0.026824732317414304
origin;0.019824417058014545
centers;0.021632125072193007
on;0.0206975807367481
an;0.01909225412209185
event;0.01999727819600714
known;0.019434834846316362
as;0.01944834554565834
the;0.0184888945329542
big;0.0193143892782418
bang.;0.023846393194239434
This;0.01937991492857528
theory;0.01959530207870585
was;0.019044503827663668
born;0.019714415219756014
of;0.020250408817442514
the;0.018573919663996144
observation;0.01960052199833765
that;0.020726257241321964
other;0.02031951602066293
galaxies;0.022751848427620097
are;0.020141461137421112
moving;0.019879136794751437
away;0.019930523745384177
from;0.020036343391543227
our;0.018908302373822943
own;0.0193880302810621
at;0.019190756314722793
great;0.019595728100766287
speed;0.020413088627038566
in;0.01907986745471597
all;0.01857551359873083
directions,;0.02087374285146455
as;0.018598324017143803
if;0.019261681153768202
they;0.018479452048352316
had;0.018942136949493513
all;0.01863036995023133
been;0.018906953234971435
propelled;0.0196246114336728
by;0.01878473715892709
an;0.018255426570158658
ancient;0.018929698739177752
explosive;0.018882775300233332
force.;0.01816999706802996
