text;attention
One;0.10657596897002242
theory;0.10611774973693558
is;0.10190193443834912
that;0.0962596137110866
this;0.08998262233653999
helps;0.10958546188792655
dogs;0.11741344412371758
to;0.09066419890241667
fall;0.08183301811757925
asleep.;0.09966598777542622
