text;attention
SELECT;0.06250682297956445
*;0.017721919944150923
FROM;0.017629312161517238
runs;0.02039484090752297
ORDER;0.05101544177079311
BY;0.01807451930311411
distance;0.025497939076313772
DESC;0.04330385670395152
LIMIT;0.033675565180074654
"5;";0.06938322064179703
This;0.0293347229515913
query;0.017043247656563232
works;0.01599691809387509
by;0.02280608234919323
sorting;0.022964943484128895
the;0.012068385957329206
rows;0.015659791785753392
by;0.013143356297097671
distance;0.01605759478804381
in;0.012921641893888376
descending;0.01833128801570761
order;0.01163583590848298
and;0.014176874771666082
returning;0.013907698017886803
the;0.012258057089281356
first;0.013513004309537188
5;0.01694440327533311
results.;0.019849139711255397
Because;0.012818678650851904
of;0.011413742714268359
how;0.011660639202269767
the;0.010487755208492142
rows;0.011888953619707349
have;0.0106786689841554
been;0.010423608225751089
sorted,;0.018885788027647746
the;0.010893119535385347
first;0.011347324299842029
5;0.012103466914008966
running;0.012141742835089472
results;0.012249109320999915
will;0.01084886147533205
be;0.010115714401886975
the;0.010085049892673502
longest.;0.012663834267885508
Is;0.014401273101329047
there;0.013986131883456732
anything;0.011153072579106464
else;0.011385098291568014
you;0.013624691888469685
would;0.01058116746434772
like;0.01228281119467752
me;0.011537700037014908
to;0.01054568953359856
help;0.011094750338976072
you;0.010290700093649685
with?;0.010594430992143642
