text;attention
Hello!;0.23405383826769577
Can;0.18711832108756005
I;0.17590085171817785
help;0.1809159938191855
you?;0.2220109951073807
