text;attention
2023;0.03412326057708721
Applied;0.02025983350428906
Science;0.017720170687881388
Internship;0.04897583946859311
-;0.03347142771029431
Machine;0.016334200783264682
Learning,;0.02476041576643793
Deep;0.016176852342760503
Learning...;0.025308964230528423
Amazon;0.03158670328865649
2023;0.03432413984514597
Summer;0.019553558262305447
Internship,;0.043828985308084316
Research;0.016396830652070517
Scientist,;0.022981175739266425
Audio;0.015627174580447066
Intelligence;0.016764274899649944
|;0.01840343657000266
Music...;0.03080157092797293
Anchor;0.01650391614891946
2023;0.03906759058710045
Data;0.015509842596078724
Engineering;0.01691410282292428
Intern;0.01898812120144399
-;0.018918318815231577
McKinsey;0.022420774580679353
Analytics/QuantumBlack;0.04439033904639256
McKinsey;0.01878783758855152
&;0.014318524620216653
Company;0.017222548789392406
This;0.019593962369857703
is;0.017560105653929743
is;0.01659288451106988
from;0.020863690476388152
the;0.01658543817285272
past;0.018265236987080238
24;0.02034188946613746
Hrs,;0.03137531147412399
would;0.0158016681044942
you;0.014990258873461433
like;0.015431080163756702
a;0.015198294264878969
longer;0.014947735612818092
timeframe;0.015732338277348802
search?;0.016279373650132628
