text;attention
I'm;0.12145273605629074
sorry,;0.04559426296707804
I;0.030039200269473026
didn't;0.03473877736475336
quite;0.02858558425011794
understand;0.040477024747064876
your;0.033127110393099735
question,;0.0934827627102073
could;0.029209740246506986
you;0.028631427258651112
please;0.027508731151505136
rephrase;0.03511847702704164
it?;0.044713655350148575
Does;0.03511336600679235
your;0.03071866432870164
question;0.030895332185475067
have;0.02752038947000582
anything;0.027068259595397923
to;0.02926166748583414
do;0.028802344756340297
with;0.031052880605614033
the;0.029296025225609448
rugby;0.03470646837936829
player;0.03617047303192378
Theo;0.03570245271061262
Harding?;0.031012186426386153
