text;attention
Are;0.025248586174814437
you;0.019978045333610694
sure;0.021869426004857587
you;0.01589937067011537
didn't;0.030036242023719177
try;0.020483661442163934
mint;0.0264635576170531
chocolate?;0.14505135898206276
I;0.03154323226791127
haven't;0.034011967291452304
heard;0.019453785583047313
of;0.019969591363537476
people;0.020060747515176464
sensing;0.02975776816649073
a;0.019715384348141615
minty;0.03692300606435791
aftertaste;0.06819381286477763
on;0.023376431096536122
regular;0.025028563078589788
chocolate,;0.049747206572242735
so;0.0219495106057743
I;0.017408777042686254
can't;0.017905228932757842
help;0.01561893391336183
you;0.01955432114271188
much;0.01624871300607639
here.;0.024373438583747388
Perhaps;0.01620809634990311
you;0.018013389312157287
could;0.015067424904729421
try;0.014935001103218723
describing;0.01908075122571601
that;0.017835515548278728
minty;0.020445101100708667
aftertaste;0.018856724045278155
in;0.013947030404569431
other;0.013734976314330813
words?;0.01600532200333538
