text;attention
To;0.019767859088242478
rotate;0.03028089845997762
a;0.019596127991181763
point;0.03668116231093998
(x,;0.03956471162421158
y);0.02904288305341167
by;0.029445065516471566
an;0.014861572300433801
angle;0.02680918392437493
'8';0.05014828363372931
in;0.017789552193608258
a;0.014457393019944285
2D;0.019983425008221877
plane,;0.0433761832612871
the;0.01660719645413541
transformation;0.02075432137807544
matrix;0.02500254087400254
is:;0.039250439747216044
''shell;0.031099402254026926
[cos(8);0.13331177099147531
-sin(8)];0.05439360758089587
[sin(8);0.040328386331669436
cos(8)];0.022337717968922817
"""";0.014246403874359846
This;0.017863858643398678
rotation;0.020224234195939505
matrix;0.018216698746064807
represents;0.018620409521787475
a;0.014950162278091116
counter-clockwise;0.021298629617864658
rotation;0.015241559791890487
of;0.014636774652363483
the;0.013048222310012719
point;0.014216611794315426
by;0.013625151426558638
angle;0.01354492186471064
‘6’.;0.015376676316186527
