text;attention
Your;0.018240103984856468
runny;0.017164069207963605
nose;0.011857248528619517
will;0.012588279990983468
likely;0.011602000453505006
stop;0.012090681198224039
on;0.0268664947924223
its;0.015924290204786362
own.;0.057079660109167776
Generally,;0.08988888668395789
it;0.013906390414410339
doesn’t;0.025184208452465162
need;0.010191302820746375
treatment.;0.045634943717109536
But,;0.06474249871714828
there;0.010322313155383534
are;0.017292925881864263
exceptions.;0.03796987135909174
If;0.012250467046129436
treatment;0.010441467520591715
is;0.016209286670368455
necessary,;0.03887841478775067
your;0.017108376483708786
primary;0.010058207890815274
healthcare;0.011505247121579512
provider;0.0099448023980527
can;0.01131246748727106
help.;0.028314792854852406
If;0.011455016028755432
it;0.011667227345014814
turns;0.009542662027137537
out;0.010557629826460021
that;0.01572287284099011
your;0.014649643413124918
runny;0.011683382716862355
nose;0.009521931247351553
is;0.013631089067679956
a;0.014238556410645099
symptom;0.010253455930761855
of;0.014998729415682914
a;0.013960444034278005
more;0.009540640203636647
serious;0.009205922593371468
condition,;0.020120946572062256
your;0.012015956421039678
healthcare;0.009812456178552456
provider;0.009018803201672768
might;0.00938094254192105
refer;0.009474395143582757
you;0.010764049063038275
to;0.011859281307467972
an;0.010351661989854396
Ear,;0.013855418497476792
Nose;0.009041766956505293
and;0.010463366405475788
Throat;0.009871219119497685
specialist.;0.008770833566274507
