text;attention
depending;0.023051111764638785
on;0.016386555501333402
how;0.01684217728062288
you;0.01709046147756663
are;0.01642115180393414
holding;0.02951462782852792
it.;0.03931274694552209
If;0.017486981064168666
you;0.016400869156220618
are;0.01635893947780471
holding;0.01971602319895909
one;0.018866781016815607
from;0.01844375851472692
top;0.024342126289591218
and;0.0179707627358459
other;0.021369959001457207
from;0.01926250676534893
below,;0.03737890499993167
depending;0.017403673759771674
on;0.015711803360521994
which;0.017991556497422567
one;0.016274054519596116
you;0.01602399613244585
are;0.015061606760169016
letting;0.018044300939185808
go,;0.025089489341761743
it;0.020442525562595917
can;0.01694204854688831
either;0.01710659005929823
fall;0.021627102062705055
or;0.017990865897742035
stay;0.02107218398748172
in;0.0157085968897588
your;0.01605879585246911
hand.;0.022140093106518956
Also;0.015778210730610014
if;0.017966480289176696
you;0.014896956074742453
are;0.014981423025389235
holding;0.01591099260747412
from;0.016158763350915022
sides,;0.022913580487858028
it;0.015696419577458508
will;0.016093959167586783
not;0.016045299323429497
fall,;0.01791918006593864
but;0.014824621084569252
goes;0.01585603846050112
to;0.01550765888583448
the;0.014085611082473415
hand;0.015333293817557039
still;0.014230558696766258
holding;0.014775472498226094
it.;0.014119752674143969
