text;attention
Hi,;0.22734526410641523
I'm;0.17699021423734793
a;0.15634999066190391
large;0.14964019502419765
language;0.14458334064219605
model;0.14509099532793926
