text;attention
Hi,;0.2115213932288474
I'm;0.17907339243724268
a;0.16144618156425683
large;0.15105932082159995
language;0.15098899021932619
model;0.14591072172872696
