text;attention
Hello!;0.29642963322474203
Can;0.17738796574698254
I;0.17507493187998305
help;0.17308822256808742
you?;0.17801924658020488
