text;attention
Some;0.0008061071110494228
required;0.0009586904527209578
skills;0.0008474767939989149
that;0.0007983041413983594
are;0.0008487350094276206
common;0.0007446961655261046
among;0.0007999387058179034
programmers;0.0011978001269592636
include;0.0009763251143023781
scripting,;0.008408323369533214
debugging,;0.022863143633201875
project;0.0010390687302203325
management,;0.018355070874443793
version;0.0009645031575604086
control;0.0008783982376064014
(git),;0.017371231066032004
critical;0.0008719183608061738
thinking;0.000839724816604659
and;0.00127331612709208
teamworking.;0.32219150169046074
However,;0.03647485830428625
different;0.0008707371472244743
domains;0.0008936045780183621
of;0.0027452559466054705
application;0.0009805213914460163
require;0.0009680191598136167
different;0.0009417879931597998
skill;0.000855337830823809
sets.;0.06491469765219966
As;0.0009532182592581246
such;0.0007475050433946919
no;0.000803314021837523
two;0.0008577414904833594
programmers;0.0011230997213013735
share;0.0007419645079811011
the;0.3026514582823301
exact;0.0007239598722040902
same;0.0008245048331631481
skill;0.0008156528302939786
sets,;0.007240790568857788
As;0.0007763039995930005
an;0.0010328084929767322
example,;0.008580442846989722
while;0.0007901191862183319
a;0.0041820232497967865
software;0.0009011469770005892
engineer;0.0008966336262137875
can;0.001186798954651447
code;0.0008831273370693263
in;0.0007818763236054001
a;0.0029065740479116264
wide;0.000717995383272969
diversity;0.0008121560073306623
of;0.007062076016053256
coding;0.000958444200592168
languages,;0.008735605342716562
a;0.002228816228047376
more;0.0007789169562509614
specialized;0.0008159629422179083
role;0.0008066286455842706
such;0.0007509993848004786
as;0.0010575286825628498
a;0.003923968618805899
machine;0.0009784805335939573
learning;0.0008702165385381987
engineer;0.0008696404912081264
will;0.0011787041827886013
mainly;0.0007667634639430824
code;0.0009769983251623111
in;0.0010794549270146888
Python.;0.11155048496804339
