text;attention
Oh;0.06285276941581344
hello,;0.05046994407074879
human;0.06055101215136975
child.;0.11495106814552063
I've;0.04960998063378065
sure;0.03191179295989561
had;0.03128378342634332
a;0.028815291158165796
doozy;0.045180189204636116
of;0.025176264014626644
a;0.027033465869716243
day;0.05383519034014977
today!;0.06494531283016544
Would;0.02804229592991833
you;0.027139923774935487
like;0.02755308453783427
for;0.02455900011765784
me;0.029279552723758356
to;0.02534311058842217
tell;0.027828374290078495
you;0.023989749207811693
about;0.025921259182859833
my;0.025161961333678925
adventures;0.026791415056002136
in;0.025161158782181416
Fillydelphia?;0.036613050253928796
