text;attention
Sure!;0.04002486158442768
Here;0.012165921351381281
are;0.013235207566596923
a;0.01159532882661335
few;0.012354402873032114
ideas;0.015439623923221825
to;0.011721016686613937
consider:;0.02774776194901336
1.;0.02114535555102579
Membership;0.015211622114038073
site:;0.02622081608819581
Create;0.012615850548123423
a;0.011958290641259625
members-only;0.019155205631630617
site;0.013058969238873655
that;0.013712980941027544
offers;0.01278601423186692
exclusive;0.012994698297588885
content,;0.0161857856203619
resources,;0.015154232867102192
and;0.012007742823776419
support;0.012146014285681437
to;0.011604989047428425
your;0.01164482807642703
followers.;0.022002441071323556
2.;0.01816882620276772
Podcasts:;0.02727353106532511
Launch;0.012243612629526264
a;0.011557420809352398
podcast;0.013135730821049624
series;0.01301231678604773
that;0.012214699702302045
covers;0.012358769087908084
various;0.01181191481698587
topics;0.012128625669293576
of;0.010801834072393122
interest;0.011954310485193867
to;0.011032153514537749
your;0.01094787957694813
followers,;0.014229316931505236
featuring;0.012013099551474978
interviews;0.011940166362076909
with;0.011315111723031674
experts;0.012024067432545603
and;0.010954473729458424
thought;0.01064681555843634
leaders.;0.01438198093484907
3.;0.015440587019266509
Virtual;0.013818119342319806
events:;0.020588288387811692
Organize;0.014271650216865455
virtual;0.012290184804680445
events;0.012291800554535236
such;0.011287380104930245
as;0.012406151239395556
conferences,;0.014516123206697736
summits,;0.014840702735274517
and;0.010999215575887527
workshops,;0.012838832840073046
where;0.011960353396367873
your;0.01105096676470933
followers;0.01179141218420656
can;0.011152055962906506
connect;0.011539980963807782
with;0.011174793229975562
each;0.010549429205071013
other;0.01109719355531462
and;0.010634760077180717
learn;0.010987551515903044
from;0.01104317615145006
industry;0.010738513916144039
leaders.;0.010654157749583884
