text;attention
Artstation;0.09650145439093669
is;0.04500293335050697
good;0.03611213108060578
or;0.0324696077295567
you;0.03833382314094442
could;0.04058182797769415
try;0.04066443152729319
the;0.0391143399239987
inbuilt;0.04475555227324789
stores;0.041317571601789095
in;0.031497733269092984
Unity;0.08050830501192183
or;0.031318991356760605
Unreal;0.05467592929698174
engine;0.0336990989795583
depending;0.03146040477936719
on;0.033998130979916434
what;0.03185301421542348
you;0.032713071570961955
are;0.03024771471179294
using;0.032420926927056205
to;0.029887577699883896
make;0.030806760480462842
the;0.02873494541371848
game.;0.031323722310527616
