text;attention
Taste;0.013004912949539597
of;0.010056202952961484
chocolate;0.01762155740139487
is;0.014083522364904871
a;0.01003566570488076
matter;0.010484303438787854
of;0.010275504144936233
personal;0.010173949069935585
preference,;0.01711600828373715
and;0.011039085726563085
what;0.01009066888339683
one;0.011213294962762752
person;0.011305189948760687
considers;0.011867610011465362
to;0.012520456912523702
be;0.010294208765158191
a;0.009457398226033578
minty;0.023322451943721182
aftertaste;0.0235415228874998
may;0.010697483599395569
not;0.009733474482224566
be;0.009134123119599097
noticeable;0.010930136127416822
to;0.009374846056036851
someone;0.009457624062990205
else.;0.02593453887421597
If;0.010385898458546367
you;0.010789972386875768
enjoy;0.01145926905848375
the;0.010097855469626304
taste;0.0107070384508153
of;0.009851525821618454
Tony's;0.012769801015842023
chocolate;0.011928326535654015
and;0.010747481705189105
find;0.009872049583707469
that;0.01001427352070209
it;0.010237137167845405
doesn't;0.014386678068018768
have;0.009762768562360396
a;0.009878351807524539
minty;0.013611704713885089
aftertaste,;0.017147851840870417
then;0.01014922470960149
it;0.009131510063741374
may;0.00921269515487251
simply;0.009472204237810257
be;0.009095458750697127
a;0.00901062576288949
matter;0.009537468229145262
of;0.009025996891809976
personal;0.009182616994044063
taste.;0.01713998430737048
Some;0.009625477950102403
possible;0.009968683339281095
causes;0.01149398406358062
for;0.009650653590053009
the;0.009274752958219657
minty;0.011335363254896785
aftertaste;0.014262764488881226
in;0.009551244560117791
some;0.009252160022865238
chocolate;0.01125327578226991
brands;0.009856578476466248
can;0.009601230441427945
include:;0.013417161984922663
*;0.01213914261634728
Use;0.009558854343581499
of;0.010280132074599792
natural;0.009999999803209012
or;0.00915956889827272
artificial;0.009302683856801613
mint;0.009582641915038803
flavoring;0.010470509906707877
*;0.012407889300800945
Quality;0.009664682987762897
of;0.00949805931108356
ingredients;0.009827504313067956
used;0.009266517481046463
*;0.010386353932943746
Processing;0.00930784239584681
methods;0.009167001170140642
*;0.009680291250000578
Storage;0.009780735576671955
conditions;0.009744697476429602
and;0.009179869688618635
age;0.009261426351688909
of;0.00899215758138228
the;0.008714190631356573
product;0.008712406053125466
