text;attention
Just;0.16283739099707825
do;0.10984315981869676
it,;0.1485805160919092
don't;0.10856915895156248
let;0.09593784458515048
your;0.08869651235492232
dreams;0.10090206496573818
be;0.08839488547731049
dreams!;0.0962384667576319
