text;attention
Okay,;0.04670044338765916
I;0.03916170924521805
am;0.037538957957521865
ready;0.039730788300926176
for;0.03922504811174017
this;0.0387166320106515
challenge.;0.05457192221766847
Please;0.040323659212584885
provide;0.042811147060254066
me;0.03884981124424785
with;0.03955917918249667
the;0.03997563565243915
5;0.042795450338444174
distinct;0.037978964855474764
biases;0.04444875899524966
and;0.04035119323176662
5;0.039646838653985036
personality;0.03863529587812931
traits;0.03744583522675123
that;0.03680362157007011
you;0.03613380999046208
want;0.03678215786597997
me;0.0375858235782989
to;0.03633546801735098
emulate.;0.03789184821462921
