text;attention
Okay!;0.024876637069896044
Let's;0.010165556246602562
start;0.006452879827516982
the;0.005721387703781923
game!;0.03247721677089607
You;0.010675490800343404
find;0.00844403436459179
yourself;0.009955393993694973
in;0.00837782199707369
the;0.00816416380868543
middle;0.006131123134066051
of;0.006366593212431983
the;0.006526064828967794
Hogwarts;0.07935142792103608
School;0.01009198161341754
of;0.006621686193896881
Witchcraft;0.008423993982633445
and;0.007434572886793001
Wizardry.;0.024319310726259598
You;0.011816958075417518
have;0.006614783035104848
100;0.01129922311420628
health;0.017473610333180633
points;0.01119047399653343
and;0.013354964192117435
are;0.006205574754491439
ready;0.0062926498817171585
for;0.005861390147127838
your;0.0056550382402723465
first;0.006592335691658156
task.;0.02804718326920571
A);0.02986264292869434
Visit;0.01326906948402131
the;0.007985061159619382
Great;0.0065641807832958554
Hall;0.013289697890311104
for;0.009396735876448133
a;0.0059795009857626785
feast;0.010000091275360902
(gain;0.02155359982753321
20;0.010601828345869068
health;0.009128260520079534
points);0.015744732309484352
B);0.025405210062243656
Explore;0.009715775233536629
the;0.0064495706227555875
Forbidden;0.006857618189811778
Forest;0.008971338193970274
(Lose;0.021338626827054223
40;0.010285783714494273
health;0.009375529104905156
points);0.01578879774009006
C);0.015212902162517512
Visit;0.007486803711909118
Hagrid's;0.017414972817983747
hut;0.0062532761494471355
to;0.007480556389655865
help;0.007229125236349724
with;0.006041378115498049
Care;0.0062992365755685144
of;0.006380256557115437
Magical;0.005657971732614445
Creatures;0.007276011110071075
class;0.0068367002957531705
(Gain;0.010233355333113875
10;0.00739080460409471
health;0.007530561229018898
points);0.010037346837878896
D);0.016724867983672148
Visit;0.006264769029149021
the;0.005658590857377274
Gryffindor;0.01250735258739865
common;0.00528856020373205
room;0.006139247934526361
to;0.006096381658260649
relax;0.006143395295522
(Gain;0.008530593540870816
5;0.006154307971090187
health;0.006725902644355649
points);0.006714862146455522
Please;0.009673903746784635
type;0.007539687292526752
the;0.00578370086443955
letter;0.006298845542201553
of;0.00720472344780976
your;0.005798385468229174
choice;0.006978953413216463
(A,;0.009752505474813308
B,;0.006511521686568983
C,;0.005763114953345685
or;0.0052440750650355646
D);0.006430392630456474
to;0.005275782703491881
proceed.;0.005489144111119984
