text;attention
This;0.018571048716999196
is;0.016348234556655638
an;0.015002927830164966
example;0.015060861899365847
of;0.01640046007304718
Appeal;0.01792627559330847
to;0.015832065660957795
Ignorance,;0.03991295087831627
which;0.015197560474444906
is;0.013834837445658006
a;0.014485660307603981
logical;0.015526596781761928
fallacy;0.017490210710258757
in;0.013420146437228919
which;0.015285727055951664
one;0.01650600096674267
assumes;0.01566872774708672
that;0.014721475790211705
because;0.016516363501720383
something;0.015986118566003668
is;0.013241811507719706
not;0.013523154113122422
proven;0.014036879448141172
false,;0.017582772911446696
it;0.013523665758466663
is;0.013155511444178156
therefore;0.01275476276519192
proven;0.01271543996723051
true.;0.025693340352826357
This;0.014264063590917397
is;0.012883491508599102
incorrect;0.013911901802314235
because;0.015171834981452649
absence;0.014048068837706573
of;0.014005700314684389
evidence;0.014622344758337276
is;0.012781246968414473
not;0.012852967646196931
evidence;0.012810898079293897
of;0.012522835287411495
absence.;0.020184623716769042
Just;0.014648809838371777
because;0.014890729472713124
someone;0.015301274684853861
is;0.013516006805959357
personally;0.013347520887503269
healthy;0.015314670013835754
does;0.01342466685065288
not;0.013696651657600596
prove;0.014241482199756773
that;0.014420015514430978
vaccines;0.016867503690408302
are;0.012817759045209981
unnecessary,;0.019386133145152695
as;0.014503734598283215
there;0.014155964117387171
are;0.013030663172769066
many;0.01321127662771918
other;0.01312278002437582
factors;0.014216271585156781
that;0.013203237108081021
contribute;0.012911299683617926
to;0.013669763127480035
a;0.012555048900936614
person's;0.014915836571719953
health.;0.012649333922114309
