text;attention
One;0.06351298749765455
theory;0.08182689874488759
is;0.062471966621068346
that;0.058020549811335725
this;0.08399383780269248
helps;0.09568304907267249
dogs;0.08171569961010669
to;0.06212927392429243
fall;0.06403240592626802
asleep.;0.34661333098902175
