text;attention
Sure!;4.787181479237845e-16
Let;3.391529659693282e-16
me;3.5274113650007545e-16
try:;4.446301676413127e-16
1.;0.9999999999999789
Introduction;4.121734482930842e-16
to;3.465645808092785e-16
OpenAl;4.3431612798006503e-16
and;3.4517780691098573e-16
its;3.2725220820177958e-16
capabilities;3.3655862918974715e-16
2.;5.067554280283384e-16
The;3.3278820078359527e-16
role;3.3269497603009174e-16
of;3.343056760422517e-16
Al;3.1174065666170053e-16
in;3.42730953745023e-16
product;3.332858640053699e-16
development;3.556742476463905e-16
3.;4.511818667804408e-16
Case;3.3926240791687747e-16
studies;3.4373680232932755e-16
of;3.1434244537851203e-16
companies;3.11030392707012e-16
using;3.1333886400981113e-16
OpenAl;3.428008028599254e-16
for;3.319804801884195e-16
product;3.092553207144543e-16
development;3.097625438099634e-16
4.;3.924153617644624e-16
Advantages;3.453760911193489e-16
and;3.190822966290342e-16
challenges;3.1396890818704697e-16
of;3.076890325027425e-16
using;3.0343678276003414e-16
OpenAl;3.118520696452339e-16
for;3.1011250985227077e-16
product;2.971069035138328e-16
development;2.9131223151323493e-16
5.;3.4752614768227435e-16
Conclusion;3.386482375137713e-16
and;3.0360602446956893e-16
future;3.0567612874297063e-16
prospects;3.050016569266153e-16
If;3.263155099786977e-16
you;3.0759699246259143e-16
want,;3.5423445719337023e-16
I;3.109348465345688e-16
can;2.9683089943391324e-16
try;3.083700318257896e-16
to;2.9353771663812395e-16
send;3.0970095640982727e-16
you;3.0158544417916495e-16
the;2.9406132089096337e-16
outline;3.040651811287211e-16
in;2.9766819806159165e-16
more;2.944327378218217e-16
detail.;3.0871417286079163e-16
Let;2.9903403428489795e-16
me;2.9831370038076875e-16
know;3.073878358981901e-16
if;3.0281277621489374e-16
you;2.9059801405001045e-16
need;2.966021815476842e-16
any;2.942535477590047e-16
more;2.8495295946351146e-16
help!;2.853426664172499e-16
