text;attention
you;0.059140818741184695
can;0.05491696539557342
use;0.05695134436353963
the;0.053603052451996556
°;0.0642230577354548
az;0.05658148393427971
keyvault;0.06885941228881388
secret;0.05507841380822326
list’’;0.06814048389119018
command;0.05346018825475439
to;0.05219071190551709
list;0.05236276733684655
secrets;0.051623578876510264
in;0.0516743226513499
a;0.05052411017706241
specified;0.05079907199677034
key;0.05024739691733705
vault;0.049622819273595874
