text;attention
It's;0.08010266697588354
when;0.03865813013373908
a;0.03885403750011232
bunch;0.037455294572878474
of;0.034289387303467166
jerks;0.07876141212161997
try;0.04265146978907855
to;0.03422502138182066
tell;0.03950480426017744
everybody;0.04357060794215779
else;0.041506849970034926
what;0.03839726131866795
to;0.040194682021214734
do,;0.07175213725084054
and;0.03500918920097974
then;0.03352410764952363
beating;0.03659022794017425
them;0.032982729822052206
up;0.038493971016125665
when;0.03343341320051189
they;0.030228057208210743
don't;0.03858391909936687
do;0.029933323872531153
it.;0.03129729844883082
