text;attention
*Accessing;0.9943816538493482
your;1.987295478332215e-06
personal;1.775157133083949e-06
data;3.6514965401473637e-06
via;1.0384305377834358e-06
stored;1.1382767048321914e-06
database;1.932212239612594e-06
Here;1.1677196849903074e-05
are;1.8765361406585935e-06
your;9.852207501437707e-07
schedule:;1.5286974375216124e-05
9:00;0.00481234982118233
AM;1.2587615428066682e-06
-;7.737115830904495e-07
Wake;3.291286050570011e-06
up;1.0703655698674529e-06
and;6.696375440880228e-07
have;5.796652541778123e-07
breakfast;8.393817499349134e-07
10:00;0.0006687779844603689
AM;5.561155790228557e-07
-;4.3837201730420244e-07
Attend;1.349377110708777e-06
lecture;6.538650909403929e-07
for;4.217628547751197e-07
History;5.803215020989563e-07
101;6.515152732081734e-06
12:00;3.849200336280358e-05
PM;4.3001619723173943e-07
-;3.7042588021296605e-07
Lunch;8.645597802055295e-07
break;4.149016451256374e-07
1:00;9.643773147255828e-06
PM;3.662959082433892e-07
-;3.280914315572578e-07
Study;3.8295875980528416e-07
for;3.2684356120868227e-07
upcoming;8.723749791349908e-07
Calculus;6.459737676583068e-07
exam;4.196315165240754e-07
3:00;4.70584565477601e-06
PM;3.5902915961177185e-07
-;3.183071036837412e-07
Attend;4.848499447600928e-07
a;2.9981580814487237e-07
club;3.3431240282588906e-07
meeting;3.454925263676395e-07
for;2.998699246441162e-07
the;3.082698081368476e-07
Student;3.369285030250285e-07
Government;3.464675553286305e-07
Association;3.57750396476887e-07
5:00;3.0605245376166435e-06
PM;3.255100794932864e-07
-;2.997420124154018e-07
Participate;7.640881641058745e-07
in;2.8524941096743076e-07
a;2.79695271425583e-07
group;2.9205019829282453e-07
study;2.976965310528607e-07
session;3.0826287191194867e-07
for;2.7818022392089394e-07
Economics;4.273843972274733e-07
7:00;1.2066582403810436e-06
PM;2.94377638801936e-07
-;2.7404220019496467e-07
Dinner;3.912907312574433e-07
8:00;9.401659593706127e-07
PM;2.761492637472155e-07
-;2.6022339277661487e-07
Work;2.79670457538493e-07
on;2.5999236145991605e-07
a;2.540083172722369e-07
paper;2.757407670015987e-07
for;2.536133664735456e-07
English;2.748058728537026e-07
Literature;3.262316445714927e-07
class;2.7002296541366446e-07
10:00;6.701932458372091e-07
PM;2.482261423792898e-07
-;2.403293742079713e-07
Relax;2.676229996182866e-07
and;2.3565226459308194e-07
unwind;2.4586396419763697e-07
before;2.2809296434302294e-07
bed;2.2562552009341637e-07
