text;attention
A;0.16298583402129432
tree;0.1744985359874753
that;0.17087656139566867
lemons;0.17098037207511674
grow;0.16530810944388238
on;0.15535058707656257
