text;attention
Sure.;0.19196862295478284
I;0.10349945181433991
start;0.1023765057870196
with;0.1043308834419009
an;0.09594392303103395
X;0.11011417254765299
in;0.10121163846715046
the;0.08836090367427969
middle.;0.10219389828183956
