text;attention
Here;0.01577756813819283
is;0.00998026728152842
the;0.08628235155804405
list;0.011055840661451766
of;0.010194857485356527
all;0.008346110645009695
the;0.06989813759917916
countries;0.017440211075393796
in;0.009088211437664669
Europe;0.01249185747431041
in;0.008970140552022098
alphabetical;0.04217674058873612
order:;0.020611424566703694
Albania;0.024030611247130726
Andorra;0.02323731423762218
Armenia;0.02404529932714107
Austria;0.011264769114499513
Azerbaijan;0.06732822518156348
Belarus;0.019630498702919084
Belgium;0.010747581392942417
Bosnia;0.014810591776483485
and;0.008095763855767973
Herzegovina;0.032924100363569665
Bulgaria;0.016627342234812072
Croatia;0.018365117295684786
Cyprus;0.016451682468289024
Czechia;0.01552671379067013
Denmark;0.009052184173839658
Estonia;0.010409089616427815
Finland;0.009403025065181675
France;0.007956318784066359
Georgia;0.007829667339589494
Germany;0.007711448152513648
Greece;0.008409103630031207
Hungary;0.010526094693756713
Iceland;0.01284603207939339
Ireland;0.007767178368621928
Italy;0.007802700318602962
Kazakhstan;0.015666662903794974
Kosovo;0.009843986967903517
Latvia;0.009060388003757889
Liechtenstein;0.01492671798906392
Lithuania;0.014800212156241613
Luxembourg;0.009113517433201873
Malta;0.008271675276240295
Moldova;0.010224885583011848
Monaco;0.007827428040762502
Montenegro;0.012311080197478175
Netherlands;0.006814685897626568
North;0.005994496706187037
Macedonia;0.008979481948551127
Norway;0.00650342804051199
Poland;0.006408757055351173
Portugal;0.006350898062595944
Romania;0.007276181724003271
Russia;0.006350176979076234
San;0.005722244806099849
Marino;0.006813258706215227
Serbia;0.007046758727302612
Slovakia;0.008583707205759974
Slovenia;0.007730594782250692
Spain;0.005673939129709436
Sweden;0.005724233774135142
Switzerland;0.005667865390599697
Turkey;0.005690684651767539
Ukraine;0.005787367909101497
United;0.0054618516698288384
Kingdom;0.005437852220322271
(UK);0.008965846639898651
Vatican;0.006667831784791705
City;0.005265576814506537
(Holy;0.006690094056965874
See);0.005233458490670989
