text;attention
Couldn't,;0.10084145628486439
because;0.07938023533049064
the;0.05228357395658101
date;0.05762590967526999
for;0.055243200089130536
the;0.044877532043540086
forecast;0.06235164977656795
is;0.054821054071020676
not;0.046668851821912306
specified;0.0585682620330718
accurately;0.05294160154888748
enough;0.05166043806046214
in;0.04448611156660604
the;0.0437698703984744
request,;0.05987857648771918
when;0.043955160197177386
is;0.04441413970910903
tomorrow?;0.04623237694911505
