text;attention
Couldn't,;0.07770827896676652
because;0.061463224926972156
the;0.05413043111019915
date;0.058210049658423677
for;0.055093160648601994
the;0.04951257327558343
forecast;0.0633278696721708
is;0.05505440400481758
not;0.04974831218155388
specified;0.05681065671815353
accurately;0.05526466368239983
enough;0.05061224860766669
in;0.05084167046261139
the;0.05191980514434108
request,;0.05781987940799657
when;0.04916249838011373
is;0.05015585802543225
tomorrow?;0.05316441512619572
