text;attention
Mixing;0.024753466595619947
sweet;0.018806813885460214
and;0.016540326922194138
savory;0.01729364982064799
foods;0.016074579367202108
is;0.01907401294519801
not;0.015275740329650359
only;0.017012662407271388
commonplace;0.01997760731563359
(e.g.;0.025669475485269606
chicken;0.016801973860404648
nuggets;0.01895072990090606
with;0.01590770378680797
sweet-and-sour;0.021985207464783874
sauce,;0.016993904893075198
chocolate-covered;0.016893894086791764
pretzels,;0.018293055425891373
salted;0.01561805129981715
caramel),;0.016342857068044697
it's;0.017895143370195463
also;0.0137606717392166
scientifically;0.016430774185027083
proven;0.014416885015895402
to;0.014030031564000768
make;0.014381994820443826
food;0.014254606924782453
more;0.013892855470278584
delicious.;0.015930191604654788
Researchers;0.01846168170810859
at;0.014158379270937476
the;0.013821179092980534
Monell;0.01509385480697601
Chemical;0.015928716959894625
Sense;0.014470999158172787
Center;0.01405350866151292
have;0.013913595365140004
found;0.01402495996681133
that;0.014433298320750618
a;0.014250838841211297
certain;0.014347268164928465
receptor;0.016425875898261205
on;0.0146130322748165
the;0.01347112931494842
tongue,;0.015722934538577458
called;0.01427090788781511
SGLT1,;0.018077540970714408
only;0.014366152872318867
perceives;0.01597067299651372
sugar;0.013886135270676728
when;0.014301649547437333
salt;0.013491582909433718
is;0.01382061798918849
also;0.01327954364670896
present.;0.013631283421315718
This;0.01319641098388088
means;0.013311894767216418
that;0.01328451627861652
adding;0.0140076874972665
salt;0.013214611222479177
can;0.01333308479852148
literally;0.013539241757665892
make;0.01387205450460565
food;0.013401674050016733
sweeter!;0.013292616728414539
