text;attention
Very;0.028060813840355248
small.;0.04324701843242597
But;0.024637562721778524
ironically;0.03026410340675064
the;0.022464964486073033
probability;0.027173694181882483
increases;0.026032556383595872
for;0.02334345020860075
those;0.0218787412714759
knowing;0.026854818795407232
about;0.023095280375208943
these;0.021311803864596378
statistics.;0.03299892119136399
The;0.022374292698175566
reason;0.021299479655317283
is;0.022211736025260283
quite;0.02052599429737652
obvious.;0.026582057562889054
Most;0.02225111124583549
people;0.022291554416347618
would;0.022351243430536242
naturally;0.02340206102774374
stay;0.023232489743646896
away;0.02201261568531757
from;0.02189993948636514
places;0.022749997326175844
that;0.022882972287029728
would;0.020908450798546148
expose;0.022464311390401285
them;0.020688150929316626
to;0.020984162393258794
the;0.01951826853526512
lightning,;0.02277681439877065
but;0.021405455778429117
people;0.020392254132252305
who;0.02134757960860268
knows;0.02168892711367302
that;0.020888442168513814
the;0.019742880398466996
chance;0.02041800041701662
is;0.01961733049126044
might;0.02026608583453116
not.;0.019461611564163404
