text;attention
MongoDB;0.03881300736693491
does;0.020854651117876745
not;0.020800036094548377
have;0.02176466005818638
many;0.02179439313187737
hard;0.01923835268425997
limits;0.023457360794218778
on;0.026671091241891275
the;0.02217051135802637
amount;0.02068558303624537
of;0.020863282045913048
collections;0.02526151048243566
you;0.02079911093022248
can;0.019987196242132996
have,;0.026676725012899413
and;0.021259606300774492
it;0.019238258082140396
depends;0.021735664540816563
on;0.02133909370680008
what;0.02106464887036865
kind;0.02304111722652145
of;0.020224431127236785
project;0.023348832391290653
you;0.019473230294123303
are;0.01883592465453044
working;0.01898758708078353
on.;0.03166539187108006
For;0.021449344896028812
your;0.019868229017581326
usecase,;0.029212727097047527
it;0.01859691841670228
may;0.01924910107952355
be;0.01847696035047252
best;0.01843920385647045
to;0.019626485686304252
have;0.020712155821816642
one;0.02059855649756776
collection;0.020168499459613413
with;0.02070637434891234
a;0.018926039300542076
field;0.02019486810960076
called;0.020175216011348442
"""category""";0.02706884431010137
as;0.01919998845244585
you;0.017837011512600327
considered.;0.01944221803118487
