text;attention
Creative;0.017576279381129756
problem-solving;0.029981185087102187
-;0.018146578818431458
Capable;0.020764381790317137
of;0.018091765748779253
swiftly;0.02014515844002065
finding;0.01679050069794528
effective;0.01493053475821097
solutions.;0.019637651342812878
Excellent;0.018289068738326912
communication/teamwork;0.03116194823134591
-;0.01698211505569572
Open;0.014282025748057727
to;0.01546803150962981
collaboration;0.015927736428280114
and;0.014450715816147337
adept;0.015597497595222661
at;0.01488382462058777
interpersonal;0.015820576540938113
interactions.;0.017351883569264058
Stress/time;0.020966028383776345
management;0.01518682124298958
-;0.014465339761869606
Adept;0.01603219354088269
at;0.014357073149364429
calmly;0.01747229656715322
analyzing;0.01639766754418951
situations;0.015191736622986313
and;0.013696882044882636
making;0.013679998127960693
sound;0.013503088334257141
decisions;0.014630069047106186
under;0.013234209200515908
pressure,;0.01495053962939731
Professionalism;0.016251615116280888
-;0.014293784992631883
Committed;0.014574744724745358
to;0.014206242496907709
treating;0.015659460907102237
others;0.014893704040559985
with;0.01362329237147487
respect;0.014018388581759838
and;0.0130366386926936
dignity.;0.015378442576607499
Determined;0.01491866893241617
goal;0.015084520043197132
attainment;0.01692780739907599
-;0.014069719878096453
Unwavering;0.018339459438288488
in;0.014561799942009195
the;0.013001563951194502
pursuit;0.013758381638429682
of;0.013200942846338444
objectives.;0.014714641856603055
Punctual;0.015506004751071846
-;0.013956133481131294
Consistently;0.01463154921254007
meets;0.013894089532240176
deadlines;0.01547127947766433
and;0.013012271241890493
delivers;0.013288717172243949
on;0.012747694071053108
time.;0.012935037518174453
