text;attention
you;0.1680026541326999
can;0.13581354868365925
gift;0.15066368017003237
her;0.14378521714840392
money;0.13821710135869206
plant;0.13736923974121173
maybe;0.12614855876530073
