text;attention
Hello;0.04504680611393694
ma'am,;0.07830483908554402
could;0.037163166030594795
you;0.03807400164369466
please;0.03754026234387641
try;0.05454862360928236
to;0.03767118681633043
connect;0.05068581191844666
the;0.04457940262873745
charging;0.04946881800229867
cable;0.05671688100388967
and;0.04070735139282075
let;0.03987220169757202
me;0.037158073870779185
know;0.03976270043927977
if;0.03778869743741832
you;0.03829755575208945
see;0.04034221822378711
hear;0.04800261735069885
or;0.03576194298346181
feel;0.0386805685440998
any;0.035148990688949874
feedback?;0.03867728242241087
