text;attention
Hello,;0.03952876046567628
I;0.029513858276426448
would;0.029366442574713273
like;0.02994978143836704
to;0.02799511529277765
return;0.032271151396573175
these;0.03121245775299579
eggs;0.042038173636887756
I;0.03169311897450031
bought!;0.047778823505064204
When;0.02958699667505678
I;0.028386381039909675
got;0.029075592306504375
home;0.032831742021207595
and;0.029092777011889268
opened;0.03087473563585049
them,;0.03622502762441289
it;0.02796054326998543
turned;0.028127334326380225
up;0.03142694800733495
they;0.029831811386443387
are;0.028982354426206364
all;0.02887554022059286
furry,;0.03846444875716912
this;0.029105149158454007
is;0.029164935160499564
disgusting;0.03365078266714141
and;0.027643869603423427
I;0.026859418964138702
want;0.027309527091881322
a;0.026558212972478342
refund!;0.028618188359057876
