text;attention
As;0.05093074103507369
your;0.04350536737586296
assistant,;0.09836152574732245
I;0.049625443820675914
hope;0.0441496631534845
that;0.04629337053213333
information;0.04180719527269085
was;0.039748169545899534
helpful.;0.06332709213867388
Is;0.04279487517431959
there;0.04557104185236745
anything;0.04064703420627458
else;0.04199460898630676
you;0.0403980444971063
want;0.04038243582169707
to;0.036324798904609205
know;0.04164146856296775
about;0.04071298468963452
Linux;0.052357060422192056
or;0.039468060286873316
OpenBSD?;0.05995901797383452
