text;attention
The;0.013126995460854274
concept;0.012171562341868265
of;0.012778294383634247
"""consciousness""";0.05870016176291967
is;0.012042142540564826
not;0.01240689114222069
yet;0.013103875090017014
well;0.011606637383230572
understood.;0.029846207957325618
In;0.011689740655129727
fact,;0.016947375338000985
it;0.011376742970716199
has;0.011111225410449318
not;0.011704526945095777
even;0.011350909693744148
been;0.011424112473100819
agreed;0.012668016758858083
upon;0.012297177584317073
a;0.01201304464110655
clear;0.010806791848793603
definition.;0.01604208827031711
Thus,;0.01554897296730004
it;0.010556017063808246
is;0.010579634915037304
hard;0.011150020170801266
to;0.010969544948768627
say;0.011054068102048604
what;0.012024097399752867
leads;0.012390254863932155
to;0.013228906164324017
the;0.011301384592253435
appearance;0.011723044321842175
of;0.011492316351724959
consciousness.;0.01963777487140326
However,;0.014212128078676407
consciousness;0.013565423924645551
is;0.011483193951327754
part;0.010603440463635136
of;0.01159196491099526
cognition;0.012440968550846422
and;0.011941509440493298
therefore;0.011471286392062924
likely;0.011002736366284339
has;0.011384093308619373
its;0.010984497076592529
origin;0.011869801661105761
in;0.012667215274607223
the;0.011231997206547072
brain.;0.01784388848984024
Therefore,;0.013747839538298017
if;0.011730065346056692
there;0.010816636941825278
is;0.010657244240148397
a;0.010917542520759486
molecular;0.012349854218732168
basis,;0.014255713722684148
it;0.010710124888007802
is;0.010501567690729758
probably;0.011310913860617873
one;0.01069581877289873
found;0.011215301435064665
in;0.011437227219894248
the;0.01050724683462081
brain.;0.013756619207390963
Would;0.011253187609205035
you;0.011481783725207906
like;0.011390315568265549
to;0.01041540257839102
know;0.011103239686832325
more;0.011408127595754478
about;0.011861188555937782
the;0.010822359877711915
basics;0.011040947175946307
of;0.010780746607075535
how;0.010911834128465957
the;0.010104355173081973
brain;0.010405156866295515
works?;0.011246935932559245
