text;attention
Yes.;0.08157231255560042
A;0.05610122959862937
temperate;0.061842487869153466
of;0.06195009015016416
110F;0.07565759310739843
is;0.05684010493300989
higher;0.05638711067794864
than;0.0565797162157469
a;0.05367852437396392
typical;0.05418478097268124
fever;0.055322390282722005
and;0.05535758343111876
you;0.054666345775940935
should;0.05446833783354567
seek;0.05527803317756193
medical;0.05426270921737993
attention.;0.05585064982743436
