text;attention
Some;0.018348391246492225
says;0.019132678165383877
it;0.015625844581330633
does;0.016815185368792437
not;0.015284111855484084
work.;0.03088820724717633
It;0.017890785483579866
is;0.015572292736042343
most;0.015184957338422657
likely;0.01615771368937646
coming;0.015993877197937833
from;0.015997611269908275
the;0.039893990859929965
slow;0.015609020476573624
decision;0.015760128989114032
making;0.014922663876442395
process;0.015319587376337748
of;0.015183976248234737
the;0.034777906603676585
highly;0.015060208483567235
burocratic;0.03815983530715778
system.;0.02432946591897651
Whoever;0.021688068144892794
designed;0.015076323783833157
it;0.013584050809329628
was;0.01396824467434659
probably;0.013668200551142767
brain;0.01562569882214918
damaged;0.01467020779721525
or;0.013714107759788515
had;0.01339877255192209
an;0.015508453254520892
agenda;0.015009869534466454
for;0.013892940748016882
obfuscating;0.028891271121162906
the;0.020037430326537254
politicians;0.018088602166236256
responsibility;0.013503904696670678
in;0.01275355078951313
the;0.018376238076526125
decisions.;0.017484870918126328
Even;0.012968226627937257
if;0.01275821300921252
voters;0.014037615190861849
realise;0.012998616189246534
which;0.012375028436779453
politican;0.015255197097342363
is;0.012159302071440906
a;0.014093850494706793
leech;0.014140970077553586
on;0.011863350344655871
the;0.013959494999975092
system;0.011301296680584754
they;0.011790663564835572
have;0.011448492252684305
low;0.011334531681483904
potential;0.011426447105153791
to;0.011265327875209225
fire;0.01096530163449503
the;0.011877401525934141
them.;0.011131426293572446
