text;attention
You;0.018090888272442367
will;0.017949620270370396
be;0.016036646577493433
39;0.02308714346819447
years;0.016177482514767694
old;0.019034434349093306
on;0.017513531635414286
September;0.017489855575125838
30th,;0.03781987325417101
2034.;0.07611339887210081
To;0.017667303547045807
calculate;0.016628576065115547
your;0.016580384929049077
age,;0.029191293622013073
you;0.015295284148987343
can;0.015739859698532196
subtract;0.015874926161240137
your;0.01573136757586318
birth;0.015736096215528655
year;0.01735692215818274
(1995);0.04526112430778603
from;0.015684713869265118
the;0.015624276213400097
target;0.014979188208198829
year;0.014575591709434609
(2034);0.02468541367696641
to;0.015482049223800313
get;0.014782639933667564
the;0.015339404797364127
number;0.014292052401266422
of;0.01413293644842115
years;0.01472085880129555
in;0.013978161721983521
between.;0.02273062880051761
2034;0.022073940453890793
-;0.01597544080412737
1995;0.01847287394991753
=;0.015627741655610816
39;0.017576214309372645
So,;0.01937124423794142
in;0.014586161122188562
2034,;0.02041768235557633
you;0.014581006799615376
will;0.014794107231727265
have;0.01393854959003719
completed;0.014491380110829712
39;0.01595876904339075
years;0.01417363196656275
since;0.01474581522062845
your;0.014121814452302556
birth;0.013916632516408197
in;0.014333465808080748
1995.;0.019459599347692796
