text;attention
Al;0.023440242459183122
assistants;0.03306977302319817
have;0.022852280448772053
well;0.02306089398866091
known;0.02300938312219424
limited;0.02301760310076544
capabilities;0.021903949743697432
and;0.02118879726339059
knowledge.;0.026500317086069338
You;0.02284552746368548
should;0.023575804160037427
report;0.026603444133202047
the;0.02100927429840375
issue;0.022890919476931938
to;0.022600413203350933
the;0.020057857699645305
developers;0.02150791408132283
and;0.020987456407288815
try;0.023120798356344754
simply;0.022714399438591687
reading;0.024928788092167083
the;0.02082968497218598
docs;0.027105026821360442
on;0.020465060473629604
that;0.021208366243821806
library,;0.024832881369029787
since;0.024641283725953655
if;0.024563226857006633
the;0.021011177805134354
docs;0.02706618732308578
aren't;0.03163975360712582
in;0.021006976544705513
the;0.020048450845261693
Al's;0.027024715325159984
knowledge;0.02164536921382504
base,;0.023407246223672334
it;0.021550858396633957
won't;0.032551137133897866
be;0.020052906079232862
able;0.020902658035738625
to;0.019153427090904805
help;0.01947806968632956
you.;0.018929699179400638
