text;attention
"A“nillion""";0.21311509822013835
is;0.054386886470951655
not;0.04870856884177836
a;0.048787592755110604
standard;0.05035196507950181
or;0.04569481228026153
recognized;0.04746566923231602
numerical;0.05004235332898606
term,;0.060393726522334094
can;0.04845712376060849
you;0.04777495207759729
specify;0.04951663527932758
what;0.04880606329591285
you;0.04746114736616237
mean;0.046425694113850564
by;0.04554273231770731
this?;0.04706897905745526
