text;attention
The;0.011157586813559647
main;0.0049179857733136385
difference;0.009191997383962177
between;0.006898554227505509
ChatGPT;0.16726969671922953
and;0.011175008592559398
Instructional;0.03935628386217048
GPT;0.04077159796942702
is;0.012767359560801363
that;0.008972268463140044
ChatGPT;0.06106463451034355
is;0.006230297007687889
better;0.008031649225697293
suited;0.007975841019743806
for;0.007111136848162844
conversational;0.019530664501696285
applications,;0.042959335296975376
while;0.007599496272403857
Instructional;0.04349977188646954
GPT;0.01348442843329124
is;0.005716591408608605
better;0.005321873117562312
suited;0.0051204296779656195
for;0.005860648261945163
providing;0.00679045289619091
explanations;0.018216124517896205
and;0.006052989368934713
descriptions.;0.021683690534661657
ChatGPT;0.017207588626632273
is;0.0065686737778057344
able;0.009192988562699615
to;0.008175969806588967
generate;0.009205207626392643
more;0.007921871948605231
natural-sounding;0.018006252931475064
responses;0.00811717487400924
than;0.007107880254681401
Instructional;0.010899411173512173
GPT,;0.018223706911165916
and;0.005811809849375385
can;0.006010505048478088
provide;0.005977700372003309
more;0.005812826480955511
context-sensitive;0.01633976347216145
and;0.005151436726932888
personalized;0.007284141412776989
responses.;0.01274872805627766
Additionally,;0.010469395689933837
ChatGPT;0.009948564129198574
is;0.004862683183659646
more;0.0051658498003343085
efficient;0.008264883835644329
and;0.005398775502980574
faster;0.007048607138066632
than;0.00582451760177026
Instructional;0.005923477647305103
GPT,;0.008508823417161577
and;0.004860274353006556
is;0.004657499350903305
able;0.004789741227551604
to;0.004752415327635607
generate;0.005319544524791263
text;0.005829067803705758
more;0.004680219734515463
quickly.;0.0072758328019797945
On;0.004469564783981862
the;0.0044130584458180674
other;0.0042431928683637635
hand,;0.006842251910958104
Instructional;0.006871265408402652
GPT;0.005058800338556442
is;0.004599559812764601
more;0.004650083187602064
accurate;0.006977697937011557
and;0.004807767552197983
detailed,;0.007171318341415646
and;0.004360326074948172
is;0.004186252969255448
better;0.0043884613146898425
at;0.004823030122233491
providing;0.004720924279023096
factually;0.004823834688113467
accurate;0.004218026503813945
information.;0.004302378326270212
