text;attention
Have;0.015197858337315979
you;0.014566997719265692
been;0.014143295711182197
in;0.013779893576881974
an;0.014791520467987169
accident;0.028753237833978252
or;0.01635330561774026
suffered;0.017820931522056292
any;0.015059061064557476
other;0.014439236261979967
trauma?;0.04405598823259271
Have;0.01372805579067195
you;0.013840945372704002
undergone;0.01870652929704999
surgery;0.024288021504340326
or;0.015527248150705672
other;0.01418675968219667
therapy;0.02274136020375938
(for;0.01760136017710295
example;0.013977470510345825
chemotherapy);0.022830315660813345
recently?;0.02606287953783846
Are;0.01400706951984318
you;0.014396180948698404
taking;0.016091901745391466
any;0.013489535679219145
medications?;0.03228096816391645
Do;0.016063937055198492
you;0.014173101839714531
regularly;0.015119386072532541
use;0.016009133812157496
or;0.013043720065256182
take;0.013098025113525806
supplements;0.02087499236315384
such;0.015743537262956013
as;0.014542924266285437
vitamins;0.01386484846922882
or;0.012903506407733864
herbal;0.012518820341642572
remedies?;0.02021910330700626
Have;0.012565216543861016
you;0.012865850511513342
noticed;0.016988990630960602
any;0.013406099153426311
changes;0.014731950405893679
in;0.013042068637016336
your;0.012981747032041566
urine;0.020582486923191416
including;0.01594166473857146
frequency,;0.019900039677371518
colour;0.01442539726282034
and;0.01315940018020304
smell?;0.016658987105361563
Have;0.01263082464093484
you;0.012398990871505379
noticed;0.013633871804613831
blood;0.013476673372338552
in;0.01287213304820355
your;0.012027630463590901
bowel;0.012103373850897875
movements?;0.012713638479156141
