text;attention
The;0.012310565278771998
main;0.011648960981652407
difference;0.01521460167832484
between;0.01227098033278956
ChatGPT;0.04682642137446361
and;0.012300441626443453
Instructional;0.02086101685256181
GPT;0.012785562141097943
is;0.012236104187174954
that;0.011921128493705567
ChatGPT;0.01676658268584907
is;0.010687434101277857
better;0.011353731219342354
suited;0.01142194295552394
for;0.010891360577468753
conversational;0.014186768460233666
applications,;0.014237181641498809
while;0.012145696762872162
Instructional;0.01373285171480766
GPT;0.011227615458888259
is;0.010103668665986817
better;0.00992263081638524
suited;0.010087778880401584
for;0.009905270698388556
providing;0.010903179711033075
explanations;0.013380513247100875
and;0.010104148350049127
descriptions.;0.013882143500672985
ChatGPT;0.014905447949686533
is;0.010265446918464193
able;0.010781632018538607
to;0.009933988573543344
generate;0.01168191433649054
more;0.010933637050896748
natural-sounding;0.01798382010632099
responses;0.010734183644782893
than;0.01207040462059578
Instructional;0.011835731839832093
GPT,;0.01180646638869725
and;0.010352627674848763
can;0.010387516238866744
provide;0.010595353584952604
more;0.010666255859405642
context-sensitive;0.018874368854338016
and;0.010082324054207004
personalized;0.011607720782321217
responses.;0.01155423624871766
Additionally,;0.01426678063613046
ChatGPT;0.013021854684252687
is;0.010163192951865008
more;0.010144603262167446
efficient;0.011417419078978013
and;0.010174074300304927
faster;0.010957411788475195
than;0.011193376454308021
Instructional;0.011366655751622629
GPT,;0.010964799920732998
and;0.009902819217613119
is;0.009748619956802276
able;0.009802143310554606
to;0.00950483400689858
generate;0.010448724448549466
text;0.01066887995702322
more;0.009841656547013237
quickly.;0.011367802233395447
On;0.01030223211088952
the;0.009531402377868339
other;0.01012551419359295
hand,;0.012413149765882469
Instructional;0.01158644925567252
GPT;0.010236003748264898
is;0.009866301590009709
more;0.009882002357362224
accurate;0.01080218941449277
and;0.009833455879861414
detailed,;0.010998567711639252
and;0.009702902826427455
is;0.009604044749091946
better;0.009813888135460788
at;0.009753774694523225
providing;0.009921223375114446
factually;0.01141167377920447
accurate;0.009541349805535334
information.;0.0093488665821456
