text;attention
Harry;0.5159352010711371
potter;0.48406479892886284
