text;attention
Can;0.0868411834855431
you;0.07378913657073677
write;0.0722029198279596
a;0.06779952620337117
formal;0.07375189562606356
letter;0.08429141254115866
to;0.07287685013169548
introduce;0.08700146280432501
Jeff;0.07729382690036765
Bezos;0.09801621221007624
to;0.07409414975301731
a;0.06317071163863117
customer?;0.06887071230705437
