text;attention
The;0.009053136873960501
best;0.011822788523976405
way;0.010200190879595034
to;0.009800851750768256
learn;0.012045266994786186
Spanish;0.011185129755900816
without;0.010901630905187506
classes;0.012704900680500527
is;0.013347264765875702
to;0.010582329052218332
practice;0.013818599947698155
it.;0.03690712637202241
You;0.01501739545765754
can;0.011044115487769172
try;0.010097086746587923
to;0.009754671928533964
speak;0.013253419555074579
with;0.011885602722663542
your;0.013364946628009881
Spanish;0.010420840135907838
friends,;0.03762351459607544
move;0.01366616354203358
to;0.011100112737374507
Spain,;0.02618021888046939
or;0.012865895560239378
talk;0.010137652739985136
with;0.011318470065804326
people;0.01160298689939948
online;0.01279843612069961
in;0.012859104444098747
Spanish.;0.03838641689187346
Apps;0.019337274336904613
like;0.011561144449550916
Duolingo;0.02973940001897928
are;0.015438757984143122
helpful;0.014020106276118095
for;0.011882247329702337
some;0.010700563265224968
people;0.0101680758187604
who;0.014187713965131462
want;0.010936198425159074
to;0.009643609381119085
learn;0.011457007781122262
a;0.011442307068161172
new;0.010957596694762725
language.;0.04301306205477541
It;0.010448745693938952
is;0.012172828882330934
a;0.010135355033135826
philosophical;0.011765604706943104
point;0.010518176464606418
whether;0.012206256855504853
any;0.01165246970182563
of;0.009899216144062618
this;0.012714592901937428
can;0.010160588830860226
be;0.009919439718140327
considered;0.011671001588677947
to;0.009390977843044076
be;0.010238614977889847
without;0.010617025664659625
classes.;0.03986480242703814
What;0.011600109542280189
is;0.010284061582055536
your;0.01128249451718477
definition;0.012187374829154132
of;0.011156225674333607
a;0.011598961149829735
class?;0.03828374277820385
