text;attention
While;0.002516649565434383
it's;0.003519225074421003
hard;0.0008515786396910603
for;0.0007345624372063483
me;0.0009216802745701734
to;0.0007905209828340746
know;0.001122858153208643
what;0.0008396656323867223
population;0.0013972575549340914
you're;0.001476253559054097
looking;0.0008830413821698161
for,;0.003715837523847166
I;0.0008293210555687379
can;0.0006966133348000815
guess;0.001031721112177957
that;0.0008648184912228848
you're;0.0012462389274183374
looking;0.0008133777573481946
for;0.0008591363006943001
the;0.0007767690611619891
human;0.0010406832839245082
population?;0.004822625591755116
That;0.0009032188184304354
number;0.0013742929325099254
is;0.0008935224498405009
difficult;0.0008426865189182381
to;0.0007164340711730725
measure;0.0011915841468804597
accurately,;0.002059578621315084
but;0.001104927994163599
some;0.000779294511022411
sources;0.0008456737388237654
claim;0.0010451916528442602
that;0.000936887352416745
the;0.0007551474186942185
Earth;0.0009215833168795796
reached;0.001013343928702603
an;0.0006825989000696038
estimated;0.0008809481642365728
population;0.001107010764762551
of;0.0008237666717301942
8;0.0008361993898512468
billion;0.0012426857822416134
around;0.001037060441227239
November;0.0009019251237102649
15th;0.0012797774395357574
of;0.0007242414245576815
2022.;0.9257749368343005
The;0.001213749739937722
human;0.000783615958894785
population;0.000756428225072473
may;0.00081672730968092
decline;0.001212971194499583
and;0.0008275944869004519
reach;0.0008260537913422647
that;0.0007280941302820999
number;0.0007929479459260202
again,;0.0009146591127903804
but;0.0008720209039823238
I;0.000768113828171891
don't;0.000830009654814486
have;0.0006823460423348959
any;0.000695062863501518
information;0.0007147173223532651
to;0.0007019612956505172
provide;0.0007342485011907708
you;0.0006752968892099858
with;0.0006920887510110209
a;0.0006598910714761621
projection.;0.0006764468763090107
