text;attention
While;0.036897351152261545
Single;0.031200973868577325
Ladies;0.029572992040903287
by;0.023787043340652066
Beyonce;0.02546683527868081
was;0.02907203733883592
a;0.018877702565333172
very;0.018962326306626497
popular;0.022082386652733713
song,;0.04042548600058645
it;0.019659603114544226
would;0.020190469044573483
not;0.021722323220710358
be;0.018626320338075163
deemed;0.02362048614375448
culturally;0.029902253677579538
significant;0.030606216657943452
on;0.021774348974250034
the;0.017690128097066243
same;0.019170657381542396
level;0.021622848063450134
of;0.018951718838497566
the;0.021583508442501776
Renaissance,;0.07065188342591817
which;0.023138164037879803
was;0.020012048232398355
an;0.02309759563341294
artistic;0.029372030018742064
and;0.019578820173873985
cultural;0.022456759221261547
resurgence;0.02556436411691277
creating;0.02246950829440339
timeless;0.021385650514076184
works;0.021933777840161612
of;0.018833136621824655
art,;0.022631664547661693
music,;0.02108863098743278
science,;0.021292367946592713
literature,;0.01908683230358547
and;0.017409843666183603
politics.;0.018530905877998636
