text;attention
The;0.8287258310837475
lyrics;0.007466918565291773
you;0.0035050600264108795
are;0.003158187392377452
referring;0.004127891177710208
to;0.0045211244086457835
are;0.003971092082811971
from;0.0046532440004255545
the;0.003505557390655738
song;0.004168968099610547
"""Here";0.005576079312204431
Comes;0.004196916081698978
The;0.0032091153912345307
"Sun""";0.029145198132050604
by;0.004085087892462645
The;0.0034196200410489875
Beatles.;0.011429554000627215
The;0.0031878612477200603
song;0.0040435278079586755
was;0.0035716200536620116
written;0.004166401244397231
by;0.003692577507682216
George;0.0032157235783237164
Harrison;0.003783129698740123
and;0.003355215134572141
was;0.003279730591718479
released;0.0037030823586609784
in;0.003238749488963228
1969;0.006134549389626875
on;0.003346075128585323
The;0.003282055562450282
Beatles';0.0035561987260515696
album;0.003270816636187544
"""Abbey";0.0033948882749255073
"Road.""";0.002963389935081418
;0.003020753418251486
;0.0029282091374266904
