text;attention
LuaJIT;0.21978310093948963
is;0.07820079468238551
a;0.06625137674752345
tracing;0.08791749029274382
just;0.06663777359180602
in;0.062323867154539546
time;0.06377367236437631
compiler;0.06414165572539235
for;0.06051673296160611
the;0.057010729105543126
Lua;0.06107454459136934
programming;0.055829621395135746
language.;0.056538640448089025
