text;attention
LuaJIT;0.10483161747072277
is;0.08026542601342537
a;0.07528737651204036
tracing;0.07981410757426097
just;0.07290468016621456
in;0.0716704184024574
time;0.07513530329500166
compiler;0.07568240583456227
for;0.07241693495782414
the;0.07166946964870526
Lua;0.07417081064294324
programming;0.07206587292122094
language.;0.074085576560621
