text;attention
in;0.07864984362879596
the;0.04175679350403344
simplest;0.03524340077445191
way,;0.04911239093752307
ocean;0.0801004330049805
is;0.04697633548688367
a;0.03395342772080188
very;0.02838323377431734
large;0.0319343385940931
body;0.03235108580777856
of;0.029814599123526537
water,;0.048089593320027005
sea;0.0521007088331304
always;0.03169203258131968
smaller;0.04061112873436391
than;0.03128355434078951
ocean;0.033126000795860804
and;0.036112954529045865
sometimes;0.030906530171317708
associated;0.03136186800441781
with;0.03127747572209554
some;0.02808493028226389
land;0.03604125714689677
although;0.02839167570577474
not;0.026710815433499697
necessarily;0.025933592042010747
