text;attention
This;0.04410662812904985
will;0.03671949508999865
list;0.047978725839915984
the;0.04130930595845944
files;0.05704837701967873
and;0.0425388510511611
directories;0.05728921888992401
in;0.04452073625490174
the;0.03927346194291549
current;0.04092878166296123
working;0.038373167383672656
directory.;0.07791203866205765
The;0.0404739357071528
output;0.04209832688874027
will;0.0364019527529865
be;0.04028610169838585
a;0.038439572996529614
list;0.038709229980286426
of;0.039433956145873056
file;0.04481861791488585
and;0.03664036247810301
directory;0.0361397238881796
names.;0.038559431664180514
