text;attention
Computer;0.03574908263803482
programming;0.04531113687907731
is;0.03647859012318537
all;0.025945430875788128
about;0.03134901237958307
efficiency,;0.058502575522022135
and;0.03408659276890822
even;0.025268072379430507
small;0.03094408935916201
improvements;0.033561291628049904
in;0.02833252408593618
efficiency;0.03269645079312018
can;0.026955442209568033
make;0.026555795420905446
big;0.026330519413182926
differences;0.026527281078908043
at;0.02518679670778174
scale.;0.05125498367871678
And;0.028720048611341177
yes,;0.035387267922127756
counting;0.030210850595568533
from;0.029815169837204412
zero;0.03471467354323595
is;0.029536003518502687
slightly;0.03031857321343618
more;0.02491463894166696
efficient;0.02764477695053019
than;0.03239077841386452
starting;0.027082274937538123
at;0.03200848986340158
1.;0.036220785710221096
