text;attention
39;0.10707324858785049
years,;0.17553351838647935
8;0.13411357656832706
months,;0.14500287719227486
and;0.10903652277075543
28;0.11377291898908026
days;0.0991562206470167
old.;0.11631111685821578
