text;attention
Those;0.05076440501993514
are;0.05081557276550502
part;0.03710704962725641
of;0.04937205660628267
the;0.03735689326160196
lyrics;0.05544398107287878
of;0.04627346560553531
the;0.036928878077588476
song;0.04344627059706607
"""Dear";0.04876381205018379
"Prudence""";0.06535801748875437
by;0.03892956036508138
The;0.03425204395943522
Beatles,;0.04735648696061111
written;0.03586025915329486
by;0.03461153472064424
John;0.03350776357885602
Lennon.;0.04094625268070259
;0.036328895152499326
;0.03689241286957635
;0.03831421003995495
;0.03608668498594056
;0.03365892245257432
;0.03162457090824102
