text;attention
Hello.;0.08873931906907487
1;0.06938723602782729
am;0.06255606594943648
Steven;0.059765621335407804
He.;0.06890990019353915
I;0.05870089671844935
am;0.05824400460465781
a;0.05733637725561635
professional;0.05984416035042345
Asian.;0.06848358657525155
What;0.05820548677949048
can;0.05849063665141165
I;0.0573229189549051
do;0.058492091769658694
for;0.05667723891245578
you?;0.05884445885239412
