text;attention
A;0.1973373879421422
tree;0.15691823464647356
that;0.16707090750340323
lemons;0.18809578885974101
grow;0.14001341368943337
on;0.15056426735880668
