text;attention
One;0.996509054315097
theory;0.0004012025778491035
is;0.0003331576996993602
that;0.0004649391872339431
this;0.0003294543642931362
helps;0.00043974909165137634
dogs;0.000363447500087033
to;0.00034801782616827127
fall;0.00029678436176076823
asleep.;0.0005141930761598798
