text;attention
1.Confidence;0.1065532122378968
Showing;0.014797503773416607
confidence;0.019348395339141268
will;0.01640474959191281
help;0.012703938165776986
inspire;0.010741985270447082
trust;0.012050721750511872
in;0.00836840876691038
your;0.009919534271185521
abilities.;0.03722894823723016
2.Patience;0.11577854188071827
Mentoring;0.03452225879321023
can;0.019244868884557266
be;0.008408647682075505
frustrating;0.014464019281301175
at;0.007765447462756705
times,;0.014191312611142863
but;0.010839505266256018
patience;0.013439250897087963
is;0.008563198699815146
essential;0.009677050069285166
to;0.008343991233309263
ensuring;0.009245044456001267
a;0.007898985605036905
positive;0.007921270581708254
outcome.;0.017906112778872215
3.Subject;0.026022152514208904
matter;0.014037589989925044
knowledge;0.014757968114924566
Knowing;0.015508299698691679
what;0.009444650138146106
you;0.008500367459199494
are;0.0076488248250667825
talking;0.010147013236639687
about;0.011264907129653038
is;0.009252219122924748
essential,;0.015608740791944678
depending;0.00965004209912077
on;0.008684480444830502
what;0.009121122284974704
subject;0.0107200802326249
you;0.009356097799239778
are;0.007880011936046203
mentoring;0.01579681283929721
someone;0.010348898674504543
in;0.008595162692327869
this;0.00782800001921224
can;0.00950042555143522
very.;0.01042590881227457
4.Determination;0.027854381933349014
Never;0.009480233766662734
give;0.0078539811503579
up.;0.012325447379703999
5.Creativity;0.02296580582485584
Sometimes;0.010377839676321172
you;0.008413111251214375
must;0.009503824625698251
apply;0.008576649529823337
creative;0.009654646133683298
problem;0.008447518927935957
solving;0.009651427537251248
in;0.00806811408001679
order;0.007585150086746459
to;0.007559499625493414
overcome;0.0075964661339849564
difficulties.;0.007659222342124368
