text;attention
Did;0.17099789888714736
you;0.1473919620242832
mean;0.15740311970276927
puss;0.21311413381094657
in;0.16062990217385442
boots;0.15046298340099917
