text;attention
These;0.024013327429318394
are;0.021294561557005483
two;0.02249106689565778
separate;0.020501615784613944
words.;0.08630168965567701
"""Casual""";0.15515332274877294
means;0.05122070818150165
"""informal"",";0.14386514015580412
while;0.02966041698293804
"""causal""";0.12057009602485212
means;0.04070656814888922
"""related";0.052627051998540786
to;0.017903151816391023
a;0.023241614231101406
cause”.;0.19044966838893596
