text;attention
select;0.07325275402906109
top;0.06183041940503964
5;0.05434304623901675
id,;0.1123923826578378
distance,;0.1302735011514992
pace,;0.13472197893214097
route;0.06988331924783522
from;0.0528203425355925
runs;0.05811253698258146
order;0.06355611120095618
by;0.06164229480329871
distance;0.06767300287004181
desc;0.05949830994509874
