text;attention
As;0.037106435958165686
your;0.038576078776234486
assistant,;0.10427525201239878
I;0.033443589903089606
hope;0.02980409508642009
that;0.03224437433538899
information;0.036556967787756176
was;0.03546889533207354
helpful.;0.1760305593760713
Is;0.036716321896668444
there;0.032342309772615103
anything;0.03258442532758062
else;0.028406476222601295
you;0.03136444242741904
want;0.030809485936959438
to;0.038011614108289814
know;0.028902137105712537
about;0.032927231338398755
Linux;0.03132409446980335
or;0.03891839985602009
OpenBSD?;0.11418681297033281
