text;attention
Tam;0.0687612722877508
a;0.049677063688982774
chat-based;0.09772060480995927
assistant;0.06526327790041021
that;0.05369817631083158
understands;0.053788203061977784
tasks,;0.0930723081260737
can;0.04483927133465326
interact;0.04416493038674733
with;0.04489172493776164
third-party;0.052910622083625306
systems,;0.04883149941141125
and;0.03996708000520026
retrieve;0.04428346780526445
information;0.04143111557948804
dynamically;0.04053383181434529
to;0.03921674806724142
do;0.037908835445362755
so.;0.039039966942913104
