text;attention
This;0.022932047368048884
question;0.020875394971333002
is;0.01794890098158604
dependable;0.023267778265722218
of;0.021749770540514832
the;0.019083790680292534
person,;0.02692208522997746
but;0.023061163967117153
in;0.018390272742379452
most;0.01907533679231706
normal;0.020739603989758063
humans;0.023993879102956812
the;0.021435152752861973
endorphins;0.03485186580668693
are;0.020337352421120024
a;0.01944582300019774
7/10;0.06744812394483855
pain;0.027743885230533075
relief;0.02593006055976628
drug,;0.03264400487864088
as;0.01976446824278274
the;0.0186375269229708
Morphine;0.02671718291191177
is;0.019680367336206355
an;0.018057680219474508
8.5/10;0.040697655623457826
for;0.01874924367294052
its;0.019366998376292105
nature;0.018974229835731198
of;0.018463377940889578
relaxing;0.020414251562142917
all;0.020080758254404828
the;0.01743581728621659
nervous;0.017795632322948274
system;0.019235323109846707
and;0.01822821189106494
being;0.017824574821926602
used;0.018324748984128895
mostly;0.018291934193024374
on;0.018235241317225023
accidents;0.01875467571383888
and;0.017935692410289326
hard;0.01682698417752304
pain;0.016846487371356647
situations;0.016784642274756546
