text;attention
Taste;0.27348499160517126
of;0.008556546284821416
chocolate;0.028591978551262946
is;0.008547496867750234
a;0.0077986495818297115
matter;0.008062707901596062
of;0.00713776695362685
personal;0.007195244575156296
preference,;0.014708164129015202
and;0.007040401103216082
what;0.0066298076631160115
one;0.006987540557398475
person;0.007721813941875615
considers;0.011376816032306546
to;0.00895314422133426
be;0.006295520796086071
a;0.006164083693729729
minty;0.011893920056058807
aftertaste;0.015255892372729367
may;0.007027872039626287
not;0.00645352677372472
be;0.0061713247103125125
noticeable;0.00745608862152957
to;0.006148520337347777
someone;0.006360315777802129
else.;0.01944465958379554
If;0.0069942605188209805
you;0.006830151082999355
enjoy;0.007180115388218576
the;0.006357874245785418
taste;0.007268062696805972
of;0.006316453936610549
Tony's;0.04699829179708791
chocolate;0.011022312759093126
and;0.006953486011625845
find;0.006639513006018414
that;0.006395727897948973
it;0.006291328766092269
doesn't;0.010047399525176135
have;0.0064564141978924496
a;0.006240267833595247
minty;0.009314515679839411
aftertaste,;0.015514861890353733
then;0.006977352424030245
it;0.006405860846271344
may;0.006186741863106021
simply;0.0065906889441536
be;0.006175329736651464
a;0.006045148322616864
matter;0.006630386608532093
of;0.006089227467312227
personal;0.006251154803684122
taste.;0.012264474290738644
Some;0.006413718725368155
possible;0.0066847730369495924
causes;0.007348844578478109
for;0.006318346129248657
the;0.006283548316652391
minty;0.009867531721431714
aftertaste;0.009009444362406017
in;0.0066449360467632146
some;0.006359199318678586
chocolate;0.008419126348325787
brands;0.0068690928506916285
can;0.00625757630742532
include:;0.007481688085385106
*;0.006985642662594787
Use;0.006387766462603433
of;0.006491542236241646
natural;0.006335543283054748
or;0.006012563035304981
artificial;0.006173748605559142
mint;0.006379385963854976
flavoring;0.006517453508007386
*;0.006336125517477894
Quality;0.006516451355449345
of;0.00611759167572762
ingredients;0.008422963660443593
used;0.006042294504938443
*;0.006117427728067916
Processing;0.006195327097318817
methods;0.006162085088554609
*;0.006050252569665522
Storage;0.0064739539571610156
conditions;0.006401426503390473
and;0.005971438294447118
age;0.006110623425582804
of;0.005990445999363586
the;0.005937216911840966
product;0.0060107068522644485
