text;attention
The;0.012708653590398347
main;0.012388169692657828
difference;0.012839258513810268
between;0.011666714138369139
ChatGPT;0.017416022809884458
and;0.011939427201096801
Instructional;0.016724253801811615
GPT;0.019683749532398587
is;0.012459572697471357
that;0.011804455523066292
ChatGPT;0.016909309074877782
is;0.011336109337395789
better;0.012463734079935613
suited;0.013673507084818152
for;0.011141956377353412
conversational;0.012738301715613553
applications,;0.013431572947753847
while;0.011611220265920787
Instructional;0.013956816729018502
GPT;0.01264460751310522
is;0.01107443726965937
better;0.011334976524022556
suited;0.014204540690558744
for;0.010943046426483981
providing;0.011079329312398526
explanations;0.013093638859580257
and;0.01105305310678839
descriptions.;0.015583345432259345
ChatGPT;0.014289686480249971
is;0.011113925437089415
able;0.011883495735666603
to;0.01103250560143675
generate;0.011240368264831088
more;0.011071364161842985
natural-sounding;0.013668947487351554
responses;0.011283763812377078
than;0.011185740358176755
Instructional;0.013238609253045208
GPT,;0.013704132832029417
and;0.011082555694605697
can;0.011025559954400141
provide;0.010879681132075492
more;0.010811027780327777
context-sensitive;0.01305279880803065
and;0.010786097469167795
personalized;0.011493273067481786
responses.;0.012549772471922575
Additionally,;0.01207387253850551
ChatGPT;0.012567908800853067
is;0.010830251988881497
more;0.010791673468756384
efficient;0.0111638165474272
and;0.01088201688179392
faster;0.011106556934785192
than;0.010895986954570853
Instructional;0.01212491858716628
GPT,;0.01232315845183369
and;0.010855483601239826
is;0.010783084630750268
able;0.010921920163296777
to;0.010716581938259388
generate;0.010731263160146479
text;0.010813898585410407
more;0.010693576723453406
quickly.;0.01170268948867467
On;0.0108744278116881
the;0.010794739918752327
other;0.010915706210666287
hand,;0.011208301035658227
Instructional;0.011407783739100277
GPT;0.011049789189459437
is;0.010664948321462295
more;0.010620871227244338
accurate;0.010776459681414472
and;0.010661339538535696
detailed,;0.010971062907686256
and;0.010624160942859933
is;0.010588808519838254
better;0.010617009948351235
at;0.010597670138564871
providing;0.010561246902919435
factually;0.010709244352798061
accurate;0.010521232894821379
information.;0.01055945122175688
