text;attention
Sure!;0.11237013758129716
Here;0.007396210554045509
are;0.012377353424789302
a;0.013060928026068766
few;0.003302726839911606
ideas;0.002288700376680049
to;0.01245613782924405
consider:;0.02744947318634635
1.;0.6096839946196144
Membership;0.041961305736855165
site:;0.009245870724124082
Create;0.0017358925161171895
a;0.003168192036300431
members-only;0.031588647864197295
site;0.0011701024401975493
that;0.0017481409377012233
offers;0.0013482634578586893
exclusive;0.0010812606872200963
content,;0.007464594849255874
resources,;0.00699503702552708
and;0.00239580205974203
support;0.001000340977828126
to;0.002176682982679458
your;0.0012263113555665973
followers.;0.00968223477744731
2.;0.013431425702430591
Podcasts:;0.022972535152912726
Launch;0.0017302947739241932
a;0.001215391508799936
podcast;0.0015104521578598253
series;0.0007961374485499173
that;0.0009184647123566518
covers;0.0007802326590695217
various;0.0006931387573091288
topics;0.0007545579007625847
of;0.001151518622260747
interest;0.0007085182812076494
to;0.0011275585979034343
your;0.000796908418829512
followers,;0.003689033393278327
featuring;0.0007448963893490596
interviews;0.0011400319517752082
with;0.0008522077505240808
experts;0.0010294371681077565
and;0.0008873158780659256
thought;0.0006800905294199808
leaders.;0.0010976433780136784
3.;0.00216142442695874
Virtual;0.0006161637531536118
events:;0.0009451750329846997
Organize;0.0008163281634668809
virtual;0.0005417976292439038
events;0.0005492537423655666
such;0.0005671098984089987
as;0.0005860247237448419
conferences,;0.0012862718643668804
summits,;0.0010815539983441327
and;0.0005974583554104571
workshops,;0.0010636063199423182
where;0.0004946225422751352
your;0.0005001303172520903
followers;0.0005738005220028219
can;0.00048029723271984554
connect;0.00046597256658462025
with;0.0004767239035056294
each;0.00045323694026195747
other;0.00044714483645265525
and;0.000462257673085345
learn;0.0004417786883733487
from;0.0004368131470354239
industry;0.000433921168907336
leaders.;0.00043899855382711493
