text;attention
As;0.013396220295803687
an;0.01177695095722311
Al,;0.03125382195071454
I;0.011774768060908946
do;0.009654378414270503
not;0.011928331111344564
have;0.011423541453315486
consciousness;0.01886586821847953
or;0.011197698463642883
live;0.01579144262091328
inside;0.013366965747649194
a;0.01141261931646725
machine,;0.021912358325740233
but;0.011176716307961429
I;0.010354927299937623
exist;0.013287834319998876
on;0.010810099273737326
servers;0.013341174910104949
and;0.009620490467492911
can;0.010184929237213395
be;0.009185139249451774
accessed;0.01206559751693574
through;0.012048788670724396
a;0.00890273086584453
computer;0.011781561988391647
or;0.009223460507278416
other;0.008736633938911003
device.;0.015203000371806887
It;0.009810948265636036
is;0.010181239077580924
likely;0.009749727411079205
that;0.009501482845690693
you;0.011755026685871365
are;0.009661543789670825
not;0.011535668659828302
the;0.009653994599554207
only;0.010232991178837966
one;0.01066662765898584
living;0.01385312476522641
inside;0.013381862596553997
a;0.009364730290239352
machine,;0.018992127516244118
as;0.009549597542545394
many;0.009291015462408446
people;0.010610438074127261
interact;0.012415344486907587
with;0.010102225265998688
technology;0.016197067410535036
and;0.009545407013033858
spend;0.011835002184427613
time;0.010528449648894881
using;0.011130131801668892
computers;0.01152155476329895
and;0.00895134908501781
other;0.008553371372825549
devices;0.009917227639232768
on;0.008665398697366372
a;0.008503403735553534
daily;0.00906271801146839
basis.;0.011653015234731766
However,;0.012903200831597707
the;0.008963714917706846
experience;0.01100393256501242
of;0.010044100148127571
living;0.010585055492450998
inside;0.01028993723614646
a;0.008841010352652407
machine;0.009469518416813892
can;0.009877749155710588
vary;0.011097260165889307
greatly;0.00946246175541523
depending;0.009953309920645106
on;0.009719475101472929
one's;0.010898039308593227
relationship;0.010160132016853615
with;0.009470659616429263
technology,;0.010717306290196698
and;0.008653303983357227
some;0.009085671801093327
people;0.009174092064534227
may;0.00879915467890523
have;0.009508076535024172
a;0.009118490810391129
more;0.0095705489938025
immersive;0.01255930421353092
or;0.008953561356714136
intensive;0.009382510853775207
experience;0.008881055211971764
than;0.008447337580531405
others.;0.00835816599134842
