text;attention
I;0.02692074655711793
would;0.02047911560334253
recommend;0.022604790877164015
you;0.01986030689923357
The;0.021756058927432795
Witcher;0.05719958200801173
books;0.02027308783058233
series;0.019292878951350675
from;0.01735724706639648
Andrzej;0.035767442852130724
Sapkowski,;0.08263156156802413
which;0.017659039068296245
has;0.01633559999562854
medieval;0.01752279603567948
like;0.016457701941326758
fantasy;0.024629082900285242
world,;0.021967982049732607
in;0.015610699687616102
a;0.014612458202797784
post-apocalyptic;0.05123149530675227
world;0.015421729779357879
that;0.014907913949999508
occurred;0.014893757584400492
after;0.014564286239130579
a;0.013821368586423754
fictional;0.016998316227271135
event;0.014371992150386224
of;0.013714948537650646
clash;0.016348150163613188
of;0.013682896287191213
spheres,;0.021629084322394323
that;0.013805760909983238
resulted;0.0135394925016433
monsters;0.015918962246451777
from;0.013286475200981149
other;0.013065281513749343
realms;0.014736564471174336
to;0.01287308422736951
come;0.012989499119340856
to;0.012702469753594596
the;0.012526786906782165
main;0.012748276228509742
world,;0.0147810287314941
the;0.01274880728426528
characterisations;0.0154653169621792
are;0.01237407984348489
particularly;0.012339811179366066
strong;0.012542790090252831
and;0.012284866780046422
it;0.012328935482548433
has;0.012120464069311322
detailed;0.0119696931939903
lore.;0.012327435146760247
