text;attention
If;0.010477449538063753
we;0.007211332017669411
assume;0.009516651535347306
that;0.00699997481792403
Pluto;0.07056442024056088
is;0.008242283989610839
a;0.007089143235572945
planet,;0.1291810691370906
there;0.0071345756077226185
would;0.006625923658752754
be;0.007775554253703767
nine;0.012210426901608527
planets;0.022652321173109186
in;0.007110796430291483
the;0.007292730785115225
solar;0.01148404773678361
system.;0.029176528562091835
Before;0.008566962360796099
2006,;0.0962824803190463
Pluto;0.03645626728637093
was;0.006574413213395753
considered;0.006890033487973482
the;0.00667724584321092
ninth;0.007909323475757566
planet;0.008474197968991425
in;0.005917204004913588
our;0.006398957599638317
solar;0.0067484075457545775
system.;0.012600909370467171
However,;0.014187250260642862
the;0.006674970297397454
International;0.009803352725495573
Astronomical;0.014349403748606939
Union;0.013134892830345647
(IAU);0.013251708720995547
redefined;0.009151858049668667
the;0.006398709308111406
definition;0.006186776774895399
of;0.005586256839940407
a;0.005714729792897264
planet;0.010119033334501424
in;0.006217600752830542
August;0.006615026673805733
2006;0.014794853253659193
and;0.0069308362083343
reclassified;0.009862547953744543
Pluto;0.011389535591579758
as;0.00621992817244564
a;0.00637858384300088
"""dwarf";0.009030655127377895
"planet,""";0.009890564436001871
leaving;0.006231216953409947
eight;0.006974819165391958
planets;0.00750455838515988
in;0.006040059120917959
our;0.005485227014476725
solar;0.005540079457985713
system.;0.008990301572503367
However,;0.011371891883289758
there;0.005681009919335527
is;0.005574352284239787
still;0.005766604014072726
some;0.005964644842488428
debate;0.007257685243332426
among;0.0074157146088398886
astronomers;0.006889017032241545
and;0.00593294053355156
the;0.005419631073393225
public;0.005735939288646654
about;0.006143709183049947
whether;0.006551305439909938
Pluto;0.009057554868534271
should;0.005932584526412159
be;0.0054516368042370885
considered;0.005708334573534412
a;0.005388482939409458
planet,;0.006529954000673151
so;0.006281458227381078
some;0.005746502763650994
people;0.00595030077686665
may;0.00568265946572834
still;0.005568142451344793
consider;0.005770363605889837
it;0.005754062228516763
the;0.005856733004116463
ninth;0.005452394989300013
planet.;0.005267420964553825
