text;attention
Profile;0.9613983011426603
guided;7.833881093363071e-12
optimization;1.1964780980872273e-11
works;7.2084045809394695e-12
by;9.586448555373796e-12
running;5.518879833293513e-12
the;4.9927063490908004e-12
program;7.440103650968684e-12
and;5.580122894932456e-12
seeing;5.257961845195675e-12
which;6.0411024153859875e-12
parts;5.815772321749814e-12
of;4.948319899310603e-12
the;4.715737894943456e-12
program;6.8817089093275535e-12
take;6.200319989961569e-12
long;6.731496392243347e-12
and;4.92483303503137e-12
improving;7.020296671335983e-12
those;5.3252406360710604e-12
parts.;0.03860169851211572
This;7.900960876989947e-12
works;5.39374413615493e-12
because;7.67992307877875e-12
it;5.085585968746537e-12
makes;5.473265278528836e-12
it;5.0098114341301515e-12
so;5.1095269191448285e-12
you;5.503396002032375e-12
only;5.565168595829025e-12
optimize;7.331026332803996e-12
the;5.416154687449534e-12
slow;5.819274337524864e-12
parts;5.4637718502123755e-12
of;4.926620595457693e-12
the;4.556723011905205e-12
program;5.152263217628585e-12
which;5.1454489056887556e-12
is;4.851099694671586e-12
were;5.2417658595072854e-12
you;4.8656069391658724e-12
will;4.986042140271726e-12
actually;5.263519149528192e-12
notice;6.101788986810085e-12
the;5.3672483849083204e-12
speed;5.306262049191668e-12
ups;5.862027110758064e-12
in;4.720976618148035e-12
the;4.479026866667957e-12
program.;6.724704615797249e-12
Improving;5.556219134667348e-12
the;4.864532487988575e-12
fast;5.311611579395013e-12
parts;4.694870242980433e-12
of;4.428276099801782e-12
a;4.471103781832661e-12
program;4.44716643009175e-12
does;4.757339695670123e-12
not;4.6459246400696494e-12
make;4.682565284132507e-12
it;4.348431309810821e-12
much;4.3248938154941425e-12
faster.;4.400049872262008e-12
