text;attention
As;0.01415889507823921
of;0.010011655578131542
today,;0.01350875503948129
Amazon;0.012714557670944055
recommends;0.019316379369165238
using;0.013454193492845365
the;0.012253489225155203
open;0.00888665882022306
source;0.01446016144362745
“epub’;0.07877885664931479
format.;0.03647689205711447
To;0.010607119322851065
convert;0.018185503133818108
your;0.009201053844356195
e-;0.013773379386670568
book;0.010071920912983756
to;0.009653622205883824
the;0.007968385736893811
epub;0.017430674698635414
format;0.010303760391415897
in;0.008187152898164582
python,;0.03167955948113649
you;0.008672350162941544
can;0.008715317852442806
use;0.00906292122806373
the;0.009031799214838824
‘ebooklib’;0.034437954735026886
python;0.007943363983052674
library.;0.016416050575062718
Still;0.009463215198126766
to;0.009010363342698781
have;0.008623542883897642
a;0.007594990806223823
properly;0.009258957067886165
formatted;0.017964581013334646
e-book,;0.019982788474510647
you;0.007364213015382319
should;0.00951261585557432
go;0.008111629248023795
over;0.009702173352575035
the;0.008421211398777852
formatting;0.011166847865456263
to;0.008670860549493451
have;0.008200283822958856
the;0.00819436823653102
text;0.011854658522258761
paragraphs,;0.01583137380536678
headings;0.00853717650291609
and;0.008618413886737751
images;0.013995472954986637
properly;0.008477108540271863
aligned.;0.016110587282238045
To;0.007883764718166021
achieve;0.007365214528055476
this;0.008652790064044404
you;0.007543921178104725
can;0.007815812264834401
use;0.007807232249842308
additional;0.008334791821549146
‘HTML’;0.013056088421639621
tags;0.008074346671450664
for;0.007298525035260652
example.;0.010153507465387833
In;0.007481229935134013
any;0.0070918075114026055
case;0.010328692219575242
you;0.007249260214936552
should;0.008323077625726896
check;0.00880755949999131
the;0.0073195247460854694
output;0.010178726924319337
if;0.00857796680504087
all;0.008413042346068267
the;0.00735616454477031
formatting;0.008896472366876858
meets;0.007790760417858079
your;0.0073065258476704585
expectations;0.007544887431309522
before;0.009203742344876184
you;0.007945065430383733
publish;0.007908620181381092
and;0.008378590564860003
reformat;0.008178991393010118
if;0.007615991642437337
it;0.006726528212607631
doesn't.;0.007360959560634948
