text;attention
I;0.011142360764949595
would;0.008355302928918657
recommend;0.011052202383197618
ensuring;0.012863761071138515
that;0.010117778111182148
the;0.012828803911443244
entry;0.011454370337233878
is;0.01018447998032456
clean;0.011228826386373786
using;0.011681747570349031
a;0.00979054347350084
healthy;0.01079954797317234
anal;0.015589813499154458
douching;0.031539571605297474
tool-;0.03264810392618185
clean;0.009703998546159215
until;0.011891777208287857
the;0.010351001987439367
evacuated;0.01074730690418582
water;0.009246977159525216
runs;0.007975380166559994
clear;0.010959762588905977
in;0.008422119773869618
the;0.00883456827969354
toilet,;0.015063341718152394
and;0.009584428488147965
shower;0.009516505035232088
well.;0.050410819126214736
Ensure;0.010975997807612587
that;0.009123892093802302
you;0.009255317255524281
use;0.010014596075397751
plenty;0.010259007491473397
of;0.00843629831444178
lubrication;0.015713108159377973
during;0.011441883804515822
anal;0.012962659248854128
sex;0.011764973133348159
to;0.009039618105975658
avoid;0.012445849640744891
injury,;0.013326575901761516
and;0.009117748381662618
use;0.009147851039956221
adequate;0.009336132050218424
protection,;0.014404193883663981
such;0.021319693311113296
as;0.008846595150298498
a;0.008282747517519227
condom;0.008531155620919526
if;0.009210704813072925
you;0.008237015597042287
are;0.008195273757667427
unsure;0.008935958076514452
that;0.008594630652383821
your;0.00871001596360766
partner;0.008088757203240964
is;0.008208835056299487
free;0.007936784114009159
of;0.008233567171513759
sexually;0.007892517925476924
transmitted;0.008348576958740857
infections.;0.027572312903174474
Relaxation;0.012077940711175296
of;0.008781349409786273
the;0.008871314029291593
sphincter;0.01217640686236317
during;0.00919650625516011
sex;0.008750516764840255
is;0.008243262172239915
key-;0.014755187348476993
ensure;0.00866864449632129
that;0.007925319291840198
you;0.008303960363775844
feel;0.008839677858657316
safe;0.009171268559554914
and;0.008019447134146271
supposrted;0.012235732230658698
by;0.007652898836792882
your;0.00777552435052941
partner.;0.010749779543412096
Understand;0.007763896103168724
that;0.008649729582449969
anal;0.008465157929599789
sex;0.007879931718622711
is;0.008004388990473729
healthy;0.008284072811518344
and;0.007408629344647007
natural.;0.009479755851232369
Enjoy;0.007836704491514678
yourself!;0.008136951872032127
