text;attention
Saturday;0.03673908947413647
is;0.02715355889250456
a;0.02483247035708313
good;0.02777977666069216
day;0.027958077081260812
for;0.025455657231521312
camping;0.03531575297044325
since;0.029950831154787368
most;0.026292148334931053
jobs;0.026710941011335025
have;0.024529547253420707
weekends;0.028944644953168473
off;0.026284440340291544
allowing;0.025142190170164436
a;0.02352009599475232
good;0.023839648153801525
opportunity;0.024726589866412754
to;0.022973223636036925
camp.;0.029971067526231968
It;0.024175397740822644
also;0.023660916515166212
allows;0.023415385121267496
you;0.02376341216309663
to;0.022813994926689077
camp;0.023460594020950007
on;0.023084159526975203
Saturday;0.024009013971971742
sleep;0.023523008461546424
and;0.02299654010387158
use;0.022815519165918917
Sunday;0.023080497969983616
to;0.022700022280991966
pack;0.022843041821186356
up;0.02253835773697298
and;0.022270540390600273
return;0.0223233702344332
home;0.022290084755730504
from;0.022076749245570685
your;0.021941636670343843
trip.;0.022098006112934703
