text;attention
The;0.07181316928752156
three;0.07072349298715676
largest;0.07576640919385913
countries;0.07451494454296495
in;0.06489057654486484
Europe;0.08005108832230413
by;0.06662108556893935
area;0.07623967760093782
are;0.07126567132717232
Russia,;0.11310939179172244
Ukraine,;0.09400771840383229
and;0.0673637891988422
France.;0.07363298522988236
