text;attention
Sure,;0.12589451556551626
let's;0.132852955612137
play!;0.18623395592785572
Here's;0.15562155804975655
my;0.08083188651762427
response:;0.21714763380506183
2;0.10141749452204844
