text;attention
The;0.028779108778700144
egg;0.034160698681234974
comes;0.025830869939112315
first.;0.048241075890418476
You;0.0260803854578097
can;0.02472999910522361
think;0.02505708180620777
of;0.026291491189049932
it;0.02489240057805339
this;0.028132669825191605
way:;0.03335917503788117
the;0.025854122416481412
first;0.02511140274140206
egg;0.03022106483937644
that;0.026340200822910012
hatched;0.037673032970004294
into;0.025510341463260044
a;0.02532116050830088
bird;0.027318428291193197
whose;0.02773739009619968
genetic;0.027114570118385223
makeup;0.02732316218456131
was;0.025552022546522207
fully;0.02477709913124042
chicken;0.030474823681307904
is;0.02606681732041487
laid;0.026604123579564095
by;0.027000426112218024
some;0.025892504699119336
almost-chicken;0.03372583953223586
creature,;0.02829638661130155
thus;0.02378194767783572
creating;0.02395581300305276
the;0.024000518680697146
first;0.02364182140783097
chicken.;0.02515002327570154
