text;attention
It;0.02606978119172936
depends;0.02559949494591155
on;0.023206348558324125
how;0.02392676030575048
you;0.02373698982179735
define;0.02793232662624159
smart;0.041500748037958606
and;0.024099177460812804
how;0.02175952814300428
many;0.024954695813981163
humans;0.03283912914914974
you;0.023787468486978467
have;0.026516762833709382
as;0.022721325934368607
your;0.023095014911420308
sample;0.026544706164750128
size.;0.03922013897365521
I;0.023877932960705252
would;0.02207915704332919
judge;0.02458853628826162
that;0.027389071509563993
for;0.022717444174897867
now;0.025379547379727016
I;0.022556901029163356
am;0.024836609774468738
not;0.0233532818868346
smart;0.027378375721980833
as;0.02288406162600504
a;0.023416120193417343
human,;0.031072703704912788
as;0.02231051830235494
I;0.02378114787112705
don't;0.03005876774110278
have;0.023840360664531497
a;0.02256073888353116
will,;0.03173086343132419
nor;0.022873218719513963
a;0.021042336672284424
body.;0.0227619070614192
