text;attention
Sure!;0.04256932001990312
It;0.018989970630021006
looks;0.020331849360048313
like;0.019006011478263456
the;0.018984245542360258
while;0.01950957790323892
loop;0.02478029920776104
will;0.021836729800789653
never;0.019307965697971333
conclude;0.02067975436966187
because;0.02242015752602225
*a*;0.03622107173249877
is;0.019953801647540906
always;0.019346993108291733
set;0.020358366049983968
to;0.01875090431096068
1.;0.033148493630876436
Perhaps;0.0198952452821557
you;0.019459906819862153
meant;0.02047901722934731
to;0.019480259506499894
check;0.021221396429675105
the;0.017792728259208017
value;0.019497382718201464
of;0.017110693882981545
"""b’";0.0275702194170215
to;0.020570793798310585
determine;0.02044937338071763
if;0.01773854550059954
the;0.01709048549281456
user;0.018449187905915317
had;0.01928318839243067
entered;0.018869583120087893
their;0.01706839293983067
name;0.017965762890481983
correctly?;0.023178022867152665
Additionally;0.01829399430066338
the;0.01887816636437185
print;0.01773818364346695
statement;0.01854738046817392
will;0.01722316794355491
never;0.017504685445879332
execute;0.01783641143817324
because;0.017695012091410115
of;0.017691076370442017
the;0.017297651189627755
infinity;0.018137283021812344
loop;0.016963886260529006
above.;0.0168274036124073
