text;attention
Objective:;0.039575041129278093
To;0.02210137457443095
obtain;0.021255287569955924
a;0.021934006275893612
challenging;0.025929178760444073
position;0.024238872689846286
as;0.019905378027181193
a;0.019554594609062014
Computer;0.021009695513686585
Engineering;0.02362284585867517
professional;0.02502926909470702
in;0.0218485828951777
a;0.01986390966516316
dynamic;0.019477948640606157
organization,;0.03328448222772826
where;0.02078089650693641
I;0.02125603316184221
can;0.02276093448475159
utilize;0.02348573626035796
my;0.019800846357946256
technical;0.01980717277040686
skills,;0.023857768890041552
creative;0.021614234622250917
problem-solving;0.05837273711485539
abilities,;0.022476550924316423
and;0.01853255423058465
teamwork;0.0208829094779756
expertise;0.022332685943790478
to;0.019687802244643525
contribute;0.02030167347481658
to;0.018316378889452728
the;0.018125525689394534
growth;0.01970169034205222
and;0.017977074663592614
success;0.01916432135554948
of;0.018314333217048645
the;0.017843940219262125
company;0.019130688121484687
while;0.020035263030829153
continuously;0.02077849183048809
learning;0.019711639571728085
and;0.01788957467815774
developing;0.018059791359646207
my;0.01762039596914152
skills.;0.0227498870648197
