text;attention
Here;0.01108680390336846
is;0.009874725256418613
an;0.009599493434380293
example;0.010763067001218447
of;0.008880187269795729
Rust;0.017041660235826577
code;0.014003685797785104
that;0.014327782216421083
takes;0.010176293951041495
ownership;0.01466998028806659
of;0.010142070387677305
an;0.010383109620130197
array;0.013418093576811776
of;0.01006710969586527
integers;0.012083037948536528
and;0.010470884118122924
sorts;0.01402879305818481
them;0.00905369557717329
in;0.009332443044358702
ascending;0.009260293446650462
order;0.00853580491281458
using;0.00969066508961781
the;0.008752122425163092
sort();0.0168511160617896
method;0.00962235753068854
from;0.008692050630451057
the;0.00895827489106643
sort;0.008611864725491927
crate:;0.022128221981060105
use;0.018916424931974953
"std::cmp::Ordering;";0.1815193322513063
use;0.00982186478125322
std::sort::{self,;0.041223620700977154
"Sort};";0.01821550025458683
fn;0.014616071456322597
sort_array(mut;0.02363891776956498
arr:;0.017181666901156894
Vec<i32>);0.04731057355322251
->;0.00979635249609702
Vec<i32>;0.03606723210871736
{;0.01329310260257981
"arr.sort();";0.015218784211804759
arr;0.008713673661978526
};0.015147855701027698
fn;0.009188624691173066
main();0.014132915033715485
{;0.012825262109218694
let;0.009783846750418084
mut;0.008961557445461168
arr;0.008869459013914557
=;0.008806503106348111
vec![3,;0.024246223712911023
2,;0.012552920181427757
"1];";0.012655084575488064
arr;0.008898765271550963
=;0.008094669750932907
"sort_array(arr);";0.012452756308467094
"println!(""Sorted";0.014523026335858858
array:;0.008710367036677078
"{:?}"",";0.0077940449712762035
"arr);";0.008287605667487841
};0.00802970657912554
