text;attention
Here;0.011521148122720953
is;0.010118869518484518
the;0.010591686853927747
modified;0.019408932910150403
version:;0.03646455078627409
Place;0.027872712769187406
the;0.009782867198257179
patties;0.011895486549389576
on;0.010073598704353
the;0.01009501878581808
hot;0.009519354457441521
grill;0.013737665099641071
or;0.012768018203040236
griddle;0.020686512711195416
and;0.012866947204768522
cook;0.00984469955514601
for;0.010457211204584664
about;0.010103142881755857
3-;0.014006848518457536
4;0.020852908772302763
minutes;0.010343004187967896
per;0.008965055847996103
side;0.010035431996854223
for;0.010568525324550247
medium-rare,;0.027882510600699392
or;0.009773687905876557
longer;0.009489749517254896
if;0.009476497085983556
you;0.008970124873806056
prefer;0.009142518052160955
your;0.008797819402946687
burgers;0.008910955590263116
more;0.008539903911660766
well-done.;0.02507107310689236
If;0.012602246082782138
using;0.009961031928984985
a;0.00941408681726183
grill,;0.018350181916890106
use;0.010904171088945733
the;0.0096259100691316
spatula;0.012882015646817431
or;0.009822055891834392
tongs;0.010030969905318148
to;0.009933778470026968
gently;0.009353518875327527
press;0.010115050003830476
down;0.008725934445932077
on;0.008587882306861442
the;0.008602264406180317
patties;0.008992477284738858
to;0.009425868373815408
help;0.00848065102276671
them;0.008263534973548843
cook;0.008246876396989608
evenly.;0.011645511032249365
If;0.009871458705263066
using;0.009047620807826912
a;0.008502083314143401
griddle,;0.013766209756605717
use;0.008773035676627211
the;0.008886370097686112
meat;0.009173914818421008
thermometer;0.009827454108409859
to;0.009160074623946537
check;0.00870011414679427
the;0.008826854752700857
internal;0.00866946125090762
temperature;0.009152145061695345
of;0.008615490369721573
the;0.00909119651735854
patties:;0.012066088433857548
63°C;0.061313550540595715
for;0.011959586213525912
medium-rare,;0.02824867369594981
71°C;0.018449631412840665
for;0.008837786759374962
medium,;0.010114939522282745
and;0.008964435946229936
77°C;0.01036475394260421
for;0.008181569685947375
well-done.;0.008834444686639749
