text;attention
Hello.;0.26517099859406346
1;0.09730106444125403
am;0.05325814407427699
Steven;0.04777114247604818
He.;0.06153994131910981
I;0.04891389010400237
am;0.04177348179084202
a;0.04128381919507656
professional;0.04274242092907859
Asian.;0.050664812802899126
What;0.045059338450138826
can;0.04150654683230139
I;0.04124498782075878
do;0.040770962275201904
for;0.04009001762895787
you?;0.04090843126599019
