text;attention
As;0.18519204285446603
many;0.16630980536329423
as;0.16412206044715982
you;0.1698594195583217
can;0.15791655813300837
imagine;0.1566001136437499
