text;attention
You;0.11053430620032913
should;0.11218257611623157
use;0.11412820661030351
ProtonMail;0.11824885207156657
for;0.11247160509830681
your;0.10878585587741597
more;0.10840691989662446
sensitive;0.10831462962692047
communications.;0.10692704850230153
