text;attention
Given;0.01230559895948044
the;0.010609194204853623
above;0.010445239653807248
information,;0.013978037472315234
I;0.010803938849671329
would;0.009958561734939456
approach;0.011558160192596242
the;0.011004743157590114
problem;0.011906456321936796
as;0.00986106387690643
below:;0.015495011474617463
1.;0.016638429426227182
Figure;0.00973908495210457
out;0.012532954908221643
the;0.011166577807989906
conversion;0.010842826552832589
rate;0.012323560821035322
between;0.011530110458658158
the;0.011147090678090702
rate;0.011260973407152665
of;0.010779903392302198
volume;0.013955464486305153
of;0.010592142497638873
the;0.0107208747197471
gas;0.019303298474346482
in;0.01049861387542678
m3/h;0.027304125132052135
and;0.012702637981105838
the;0.009954108532596572
energy;0.01534884578430542
it;0.01054230856257907
produces;0.014913471673769997
in;0.010346760054712311
kWh,;0.023254064717653688
2.;0.030970364494499025
Using;0.010374400917018866
your;0.012510500879928372
total;0.012114903899912158
volume;0.011170005071966688
of;0.009567063445275591
gas;0.012204291734205602
consumed,;0.01863488119838824
convert;0.010756997391184292
it;0.009919156675055916
into;0.010129888077534763
total;0.0103959938503234
energy;0.01186758933192133
consumed.;0.01738927740315238
3.;0.023684919709475102
Add;0.010657767180322079
the;0.009941414584365446
energy;0.010049496305431367
tariff;0.017729519285571087
to;0.011504418177196692
your;0.011241765786629512
total;0.010816431581047127
energy;0.010077769260342657
consumed;0.010345086579843713
in;0.009754477455307482
kWh.;0.013826201897481244
4.;0.019053916144046938
Convert;0.010287349212777701
the;0.009283495276778141
total;0.009524420524015809
energy;0.009697291032344197
consumed;0.009334396428652266
to;0.01007100545072668
total;0.009503918999169825
cost;0.011169251762564857
in;0.009688385632142344
your;0.009791714249358551
local;0.0117536207879469
currency,;0.013351749901501108
using;0.009753360917153793
the;0.009484079098511074
current;0.009680636305216487
energy;0.009537728461951521
price;0.00962382083040615
set;0.009023802599290974
by;0.009029968721391708
your;0.009020916699458092
provider.;0.009376353995646009
