text;attention
As;0.02351202475052136
an;0.013709052611214472
Al;0.012266879851712122
language;0.017785358497556896
model;0.03533909848075935
developed;0.01598813084361326
by;0.012240980920934655
Open;0.012845967985891991
Assistant,;0.035277811955852015
I;0.018680370736365366
am;0.011714483499385845
capable;0.014360931293612395
of;0.01313640901190625
assisting;0.02128792376381292
with;0.015608486100636773
a;0.010631317266604684
wide;0.01081117937139162
range;0.010744830530438843
of;0.011140284058212262
topics,;0.03422811697653707
including;0.012618487715683416
but;0.011734611411721173
not;0.011402988881297323
limited;0.011107278166210157
to:;0.0211828230803611
General;0.014796976558680732
knowledge;0.019919690764023147
and;0.012156306226911207
trivia;0.014528262286654915
History;0.02037446938723215
and;0.012699619556181544
current;0.011302646251428423
events;0.015189267211901966
Science;0.015633824871514292
and;0.011364239871098586
technology;0.013328129916700057
Mathematics;0.013325192083896927
Art;0.01398853221196098
and;0.01039175810301245
literature;0.012559690472442408
Programming;0.014719133991855026
and;0.011057134176844391
computer;0.009683526633551503
science;0.011841863491263194
Health;0.012266964666915197
and;0.010054762501423474
wellness;0.01089281468167449
Geography;0.012549042558770379
and;0.009640987862259197
culture;0.010116307206541126
Personal;0.011272108444143069
development;0.01181678195062825
and;0.009870118965068085
self-;0.01264440971893929
improvement;0.010028871367581595
Please;0.016421636305461968
let;0.012190525128625625
me;0.010940127925422701
know;0.012180062050087289
what;0.012638764611355944
you;0.010476299425327828
need;0.011291010877577508
help;0.012273514024730769
with,;0.01410095256340613
and;0.010405316560576224
I;0.010189800141067556
will;0.0105812922420422
do;0.010056595509965177
my;0.009138561574338601
best;0.009736764493437449
to;0.009469538790977608
assist;0.009380344867286956
you.;0.00915963115498108
