text;attention
To;0.9918054834134029
add;1.6456809016047698e-13
your;1.855941542242617e-13
forked;4.911876981222906e-13
repository;5.281490660442558e-13
as;2.8831684152915246e-13
a;1.9956929029677802e-13
remote,;1.5916527462476538e-12
you;1.6184114818937401e-13
can;1.5506381868840517e-13
use;1.4800781314468004e-13
the;1.399605213295096e-13
“git;1.4378909021281458e-12
remote;3.355762515731053e-13
add’;7.962985859837967e-12
command.;0.00819451656305271
The;2.776467083356108e-13
syntax;1.4745358205757482e-13
for;1.3743890424066436e-13
this;1.3332991358201492e-13
command;1.477808308998159e-13
is;1.346761332786504e-13
‘git;2.7073823811120393e-13
remote;2.290914512153666e-13
add;2.0713503985378588e-13
<name>;3.9821384640923383e-13
<url>’.;1.2057429942267545e-12
So,;1.5137359776065214e-13
in;1.2887254640192985e-13
your;1.4521272603176973e-13
case,;2.1372970841507108e-13
you;1.2910639200098325e-13
would;1.2734032202090383e-13
use;1.366618760672698e-13
“git;2.0988340068272153e-13
remote;1.6080663724864388e-13
add;1.7036999733496963e-13
origin;2.1764825138352201e-13
<url-of-your-forked-repo>’.;2.9746318782302244e-12
This;1.2578460498538842e-13
will;1.292602576828287e-13
add;1.420785589935535e-13
your;1.3600005864590066e-13
forked;1.5816260313909342e-13
repository;1.3381708739089045e-13
as;1.288315304011063e-13
a;1.2295242145083467e-13
remote;1.409074241137184e-13
to;1.2128225309112228e-13
your;1.1862123660980771e-13
local;1.226137762677472e-13
repository.;1.1837681959528804e-13
