text;attention
Your;0.09199812552971871
question;0.010864241042747805
could;0.007708723936098276
be;0.006151733160158734
formulated;0.010387196959183671
in;0.006002322775565232
the;0.005006477878217306
following;0.005880704805614902
form:;0.012379341184590295
X;0.009624416518177012
=;0.01316107936495799
4;0.010630978438237786
Y;0.011185281394573218
=;0.009227244882469237
3*X;0.04171137862679021
Z=Y+X;0.11474007623592544
Since;0.015569008166013842
X;0.0075982256455451305
is;0.005742083169047765
known,;0.01818867278491376
we;0.006118659483504244
can;0.005998814471449024
fill;0.007162786355467768
it;0.00674357833344971
in:;0.014227052353869497
Y=3*4;0.12949202388083003
=;0.007246724428043775
12;0.0132242620207715
Z=4+Y;0.22284821997662202
Now;0.015073736351376274
that;0.008419986715131582
Y;0.008245912288255488
is;0.0056792617680624415
known,;0.013904483156764237
we;0.005056276804846317
can;0.005141899896800496
fill;0.005717953195318692
it;0.0054754790091308715
in:;0.009215786156536636
Z=;0.01299662857840553
4+12;0.027897147550692895
=;0.005822639423711642
16;0.009638448707171265
The;0.006410076048200741
value;0.00633590526231954
of;0.005463278775743045
Z;0.005525831447202448
is;0.005922624658653869
16;0.0052372104031222074
