text;attention
Our;0.01594672435194476
sun;0.01883806401020871
has;0.016318914222277898
a;0.014905077324039003
diameter;0.0193665200551732
of;0.015760444786262793
1,392,680;0.05285038339643918
km,;0.02718628275189643
a;0.015213195272260456
radius;0.01659577390312364
of;0.014508797527067503
696,340;0.020637282390191004
km,;0.016056691443892098
and;0.016193439066952454
a;0.01423173419342947
mass;0.01939896322236015
of;0.015184993473339995
1.9891x10%30;0.07862002539715429
kg.;0.02457602744068527
This;0.014750422521804257
is;0.014500026002800188
equivalent;0.017988931022293597
to;0.016732813503786925
a;0.014126415918641104
radius;0.01669190577663529
of;0.015264431520598207
432,690;0.02156140318601569
mi,;0.024444208498331513
a;0.014094229407459597
diameter;0.014558640684001515
of;0.014396620685263106
865,380;0.016740163430434607
mi,;0.014759061480191512
and;0.014486423393008012
a;0.013260803710793181
mass;0.01366929863115436
of;0.01359333995530422
4.384x1030;0.019229411024932315
lb.;0.016790927742335787
Keep;0.014405714539983117
in;0.013573252896835196
mind;0.015581987051303916
that;0.014789292686341972
these;0.014634153735056644
measurements;0.015237244988320724
are;0.014517543422533854
close;0.014466452002308337
approximations,;0.018721523172457094
and;0.013862739598472526
may;0.014506796104681507
be;0.013378452323248989
off;0.014780719176742651
by;0.013873993913221349
a;0.013057033303909678
few;0.013116563639087461
units.;0.013467725121011707
