text;attention
Our;0.005680748644158105
sun;0.007123331466257467
has;0.005725592699253253
a;0.005245530541256559
diameter;0.007124521248972766
of;0.005637889092295813
1,392,680;0.06835954043826134
km,;0.01874913550125379
a;0.00520193016098996
radius;0.0053694262235493995
of;0.004517555227834467
696,340;0.00947184123233227
km,;0.007042985931269626
and;0.004994663367097965
a;0.004858349050839214
mass;0.005477636156224425
of;0.005474379708341157
1.9891x10%30;0.6145587019529257
kg.;0.026233636106261112
This;0.005167346597525233
is;0.004291785462915405
equivalent;0.005522786756217108
to;0.004265591952185646
a;0.0042553753842781965
radius;0.004815203639068706
of;0.004252874466787945
432,690;0.010131108567493833
mi,;0.011414947587296373
a;0.004414345575426373
diameter;0.004376653253284291
of;0.004492078048842785
865,380;0.006252036616043393
mi,;0.004954516607711497
and;0.004037693558119575
a;0.0037086223331105916
mass;0.0038235417221618388
of;0.0038561694644462037
4.384x1030;0.012987062991311735
lb.;0.007123133613028227
Keep;0.004538403545799487
in;0.004532117870468419
mind;0.004225467614349963
that;0.004259028481661413
these;0.004233277494081115
measurements;0.004153631399466246
are;0.0038890744726860975
close;0.0042019356591474
approximations,;0.00514180047046906
and;0.0037503876410967933
may;0.003876733975244241
be;0.0035437382387305534
off;0.003861845710572058
by;0.00375296818612978
a;0.0035071275278885246
few;0.003767385336995367
units.;0.003774807428583792
