text;attention
The;0.01401228940228394
species;0.013047927646632781
name;0.01667981306961325
for;0.013426088321952979
"""rocket""";0.037027829901832204
is;0.013534358404036774
"""Eruca";0.02322952816291181
"vesicaria"",";0.029043500621053632
and;0.014081727996515164
it's;0.024940273377755444
also;0.012353076034410588
sometimes;0.012732872874947043
called;0.013315143443862075
"""eruca"".";0.024912865761477176
However,;0.016463908851442402
other;0.013167208297079095
countries;0.016800826824346825
have;0.01225267419163331
different;0.0131955789122823
names;0.012503961098988645
for;0.012298516424809624
it:;0.01684314166432018
*;0.017792655678267294
Arugula;0.025132068199371825
-;0.014468830620060165
America;0.014048511467476483
*;0.017278501249950416
Garden;0.013906170098220476
Rocket;0.014132317326045536
or;0.013172956052854222
Rocket;0.012790734086462306
-;0.014798012587561273
Britain,;0.020073188912064933
Australia,;0.01580595653714042
South;0.011571548423910949
Africa,;0.014206908728946697
Ireland,;0.01326098013742105
New;0.011266910510674029
Zealand;0.011505131021804492
Other;0.01380186979299064
names;0.012342366031916161
include;0.013860823648290367
"""ruchetta"",";0.021622988544713662
"""rucola"",";0.015614377543577298
"""rucoli"",";0.01485141470978707
"""rugula"",";0.01351425167191331
"""colewoort"",";0.016076025285008694
and;0.011341778615207807
"""roquette"".";0.018171842222707416
The;0.012506046046882466
word;0.013412803226766513
transferred;0.013134015342096794
from;0.012509038700832606
Latin;0.014396425539493996
to;0.012198469683850183
Italian;0.014426737391799515
to;0.01221149664484288
English,;0.015449273530340674
which;0.011695244722046123
might;0.011805894875249044
explain;0.01176088840712114
the;0.011871225138503184
variants;0.012846018769069732
with;0.012409699373066681
similar;0.012359878379960849
pronunciation.;0.012734613239545367
