text;attention
As;0.1627665176159111
many;0.15699960986243916
as;0.1778586345751769
you;0.14378823669841878
can;0.14113497362598226
imagine;0.21745202762207183
