text;attention
Narcolepsy;0.013400349604814807
is;0.008909307940113548
where;0.006642925095792489
you;0.005675063481313613
always;0.004946098610437483
feel;0.00453184736239674
tired;0.004364237324313673
during;0.005108747191885022
the;0.018748590531871546
day.;0.16725882781263143
It;0.005178215966471567
is;0.009325264957931706
chronic;0.004272787884477887
in;0.007370592271621438
nature;0.0049555093518992045
and;0.0101706077409107
can;0.005657894726263625
often;0.004723385684000785
be;0.005105240193344831
very;0.00450856711057277
overwhelming;0.004121907340038433
to;0.010976992754310706
people;0.006018582403075981
who;0.006203955776716035
experience;0.004667671836822506
it.;0.12693372418363494
I'm;0.025520242792073492
not;0.00489332790231208
sure;0.00410447767066084
if;0.005643903910624979
you;0.004917001102851645
have;0.004659704448369484
it;0.004621538277769104
or;0.004982334366640595
not,;0.02940067039274271
as;0.005942600201315157
am;0.0045819599978179915
not;0.005388341292458317
able;0.004570773526144082
to;0.011453921614991078
read;0.005124424737588171
minds;0.004738853895000957
yet.;0.11445089112722072
If;0.0058247548298260635
you;0.005110926694885549
are;0.0064447926171731455
concerned;0.004412447168669351
about;0.005216363509873641
the;0.026696119354600784
condition,;0.0389868949064186
consider;0.00474634154386345
speaking;0.0045174436421828515
to;0.010450192621490004
a;0.01081374853936811
medical;0.005281848301069218
professional;0.004801567503696792
in;0.007429220593347058
your;0.00539763496992315
area;0.004538308284043534
for;0.006611127138020036
more;0.0044530552323456965
details.;0.13349535015495806
