text;attention
In;0.11362530868883246
much;0.07885231995905902
more;0.07278214764962074
than;0.08169706721580311
you;0.07681311759895786
could;0.06904236740947976
think;0.07305433114003922
of,;0.09153557986786333
do;0.06935036657731147
you;0.06900825530761771
want;0.06749017028194508
to;0.06634369770057642
try?;0.07040527060289373
