text;attention
For;0.003975349604699391
this;0.003779057182338512
question,;0.005375734328454698
let's;0.004363105074849247
assume;0.004086781401213738
the;0.0038155855892313814
earth;0.004810045309828198
is;0.004146795060050035
a;0.003971795414785409
perfect;0.003875800068747277
sphere;0.005066628846077928
of;0.005098685695012827
6371\*10%3;0.096344722879381
meters;0.005991419730011682
in;0.0038534810075714627
radius;0.004633357470060291
(6371;0.006309820936286464
km),;0.005388112876625128
and;0.003594811679399355
a;0.0035996602301743776
typical;0.003815378977737931
passenger;0.003787009180993195
sedan;0.005008686209399796
has;0.0043702173011712225
the;0.0036217359914736064
average;0.0037234901679541184
ground;0.0036120893321897334
clearance;0.005066370647263389
of;0.004179076278356194
150\*10*-3;0.03880324501461086
meters;0.003971119705205366
(15;0.004510060910419475
cm).;0.00592133989431497
Using;0.0038399186960067374
the;0.0037676616887586858
arc;0.004357269433817529
chord;0.004915100369497612
length;0.0037157795159587937
equation;0.004192777096595688
in;0.0035116855189378246
Julia;0.004368156697582894
code:;0.007766600288034234
~**julia;0.01130323675567311
earthRadius;0.006692337029535321
=;0.00412083231092506
6371e3;0.009299822072583695
carClearance;0.00869578077702264
=;0.0037900096678645423
150e-3;0.010260911849154244
wheelDistance;0.006049702630935676
=;0.004426513680094761
2*sqrt(2*earthRadius*carClearance-carClearance‘2);0.504151147541017
~~~;0.006504844627279262
we;0.0034730443822977904
get;0.004371766420961649
the;0.003944392146766076
result;0.0038870717425375204
of;0.003951099132047003
~2765;0.005258352462427761
meters;0.003894367934688199
as;0.0035610969626259513
the;0.003713767658885267
distance;0.003942210161666099
between;0.004201788488480594
the;0.003701849329990596
front;0.004093511270109917
and;0.003398983385010354
back;0.003413457837967153
wheels,;0.005064610791591633
which;0.0033877708523233616
would;0.0034147394566235597
be;0.003334610854723824
the;0.003544617300787099
absolute;0.0034492436152570535
minimum;0.0037807704793619617
distance;0.0035622262476485557
of;0.003559572162949637
the;0.0034141419321085825
length;0.003224346551704609
of;0.003194882586384976
this;0.00332611112406475
hypothetical;0.0032310552884335436
car.;0.0035038831964115235
