text;attention
Yes,;0.0387160283016849
you;0.007553126521839613
can;0.010796168428240917
simplify;0.011057370937225832
the;0.00753189082821795
Python;0.012144574354582379
condition;0.020091416326363114
by;0.04175928445121707
using;0.009172265440383983
the;0.007810255096808085
in;0.026759095389172646
operator;0.014533981065095559
to;0.01104368754718011
check;0.010722572158125498
if;0.011336430154826351
the;0.01072632442017035
value;0.008568461319021468
of;0.008088196035123275
a[1];0.07170894380950867
is;0.009290049407630986
either;0.01175970270239521
"""3""";0.026570071242437453
or;0.014313966891949593
"""4"",";0.024965721849428444
Here's;0.04603503337695134
the;0.007737217417676556
simplified;0.014036864566298412
code:;0.015073033273320716
css;0.011571683420324793
elif;0.06345882292309268
a[1];0.05617861103669147
in;0.01173738937231676
"[""3"",";0.02139697506465215
"""4""]:";0.03156245415015181
This;0.012854948513050956
code;0.008737442670646852
checks;0.009940593562874835
if;0.009746128974369017
the;0.008522023982917574
value;0.00760872178718782
of;0.0073655625596713145
a[1];0.0174791574340431
is;0.007350333952906347
in;0.008696581076864168
the;0.007391458674105837
list;0.0093186966910881
"[""3"",";0.009784449129773599
"""4""].";0.012032232168823785
If;0.011423369500790887
a[1];0.010095656455107876
is;0.007468892208042655
"""3""";0.008627592129829265
or;0.007248015152991136
"""4"",";0.008614222306280372
the;0.00777535149133654
condition;0.008985090935631278
is;0.0069105415841812816
True;0.007978703820675644
and;0.007638940736087424
the;0.007275181652525918
code;0.0073861518787142685
inside;0.0076118800417728835
the;0.0069141952822583995
elif;0.008101627951110758
block;0.0069251953689447145
will;0.006903600072070619
be;0.006643826965791798
executed.;0.00683596400742692
