text;attention
The;0.03212298461871999
winner;0.03648483681025338
of;0.028215225463692695
the;0.02761552082376699
Super;0.029868324210248907
Bowl;0.06804985102904716
in;0.02949269700834032
1987,;0.08604277496400542
also;0.025242836411408502
known;0.02403379426884253
as;0.027081730104148955
Super;0.025322528249496427
Bowl;0.037189333912336024
XXI,;0.08892646160345498
was;0.029140264099209456
the;0.026852322234968796
New;0.024932557944680463
York;0.026041422894402862
Giants.;0.0494527958964807
They;0.026695706608011082
defeated;0.03423323012836877
the;0.0263029939632276
Denver;0.026193909247172357
Broncos;0.02732071954988712
with;0.02693114622725149
a;0.02409082173007641
score;0.02532707441318681
of;0.024779266783381063
39-20.;0.03601686880193248
