text;attention
1,;0.016057139873752745
ProtonMail;0.022546444591372075
provides;0.016556367896735653
strong;0.014717993156865353
end-to-end;0.018902131611736955
encryption,;0.024624126571206047
making;0.013329396358506405
it;0.012890685201988734
so;0.013300652612179439
that;0.013988956070356013
only;0.014436692636740795
you;0.014984902945680712
and;0.013695360667725786
the;0.012435833124179393
recipient;0.014493189775170574
can;0.012855657174970671
read;0.013377755933249592
your;0.012601962030040659
emails.;0.017656925318182505
While;0.014280740803717122
Gmail;0.017376948412002904
also;0.013735768794560343
offers;0.013700853475000115
basic;0.013640990175717254
encryption,;0.018336200254977703
it;0.013114451057675908
only;0.013280714470715467
works;0.013958895287287875
when;0.013779668738939549
the;0.01253250165417659
recipient;0.013700608078529191
uses;0.013713919728878737
the;0.012170730170070426
same;0.013035511830805627
type;0.012443881352842802
of;0.012229564585653746
encryption.;0.01518364317162901
Protonmail;0.01800959100904336
is;0.014059013926576967
also;0.012994087700215845
neutral;0.014831972803871335
(protected;0.015947026894854464
by;0.012974377398215163
strict;0.013206420959623147
Swiss;0.013785518276526635
privacy;0.013260113642360587
laws),;0.01437909858571004
has;0.013588488312654145
greater;0.013606272590812298
respect;0.013678541812142522
of;0.013248165755315663
your;0.013069430723285298
privacy;0.013530913149425792
and;0.013385973625805056
Protonmail;0.015090505012540471
is;0.013250544401295347
independent;0.013349330403986599
of;0.012979099746332176
the;0.012217908534575045
wider;0.013079085693139017
business;0.012998233625010309
model;0.01285282329473237
of;0.012170592429439664
Alphabet;0.013333236303448643
Inc.;0.013480654077628784
and;0.012470642169325774
their;0.012383504693781543
interest;0.012568723785510964
in;0.012160881610905191
data;0.012192650816548403
collection.;0.012198810641540702
