text;attention
Although;2.8007526892924924e-08
there;2.3854270508974435e-08
are;2.3500438426888134e-08
many;2.3955670860785328e-08
different;2.4278873126348557e-08
formatting;3.2708592195692656e-08
styles;2.8697198274658502e-08
to;2.348414512196021e-08
choose;2.401231812144521e-08
from,;2.814390952706766e-08
preference;2.731317661905768e-08
is;2.3447748867835367e-08
typically;2.5220525856446033e-08
the;2.4273108973083136e-08
confounding;2.9654693865131002e-08
factor;2.574516627452861e-08
for;2.3623471306821966e-08
what;2.3647467470689985e-08
any;2.4250698961741682e-08
one;2.4265042108345794e-08
person;2.4070905063255028e-08
or;2.3899492352365957e-08
team;2.416347577545929e-08
chooses.;0.9999985244255798
The;2.334898625351765e-08
most;2.3273209380655514e-08
commonly;2.5415304865118855e-08
used;2.581521878079244e-08
formatting;2.8005171498639485e-08
style;2.4687114742630136e-08
for;2.4248901063927343e-08
C++;2.5943244505382338e-08
programming;2.359640139637524e-08
is;2.4340088307774225e-08
ANSI;2.8357327108063327e-08
or;2.3242911704581477e-08
Allman.;2.881011126435236e-08
Teams;2.58607203152843e-08
at;2.3476772671945962e-08
Google;2.553918892947261e-08
have;2.3618215219474203e-08
their;2.246961667629443e-08
own;2.4102850233077685e-08
formatting;2.8311612998038902e-08
guidelines,;5.544953104257812e-08
and;2.4073127574621127e-08
there;2.278770817667662e-08
are;2.315150554810047e-08
many;2.375723262831307e-08
public;2.4196049824022377e-08
Style;2.5286448282328052e-08
Guides;2.784342755901873e-08
out;2.4255648340887813e-08
there;2.3816667838248607e-08
that;2.274937226675333e-08
you;2.285960572416975e-08
can;2.2945391625132348e-08
try;2.2950356140232738e-08
out.;2.2771463148829844e-08
