text;attention
Although;0.01977415686311795
there;0.014571550235382466
are;0.015006754015388929
many;0.015579166997450844
different;0.015782082031718655
formatting;0.029178094048428128
styles;0.03271298777466456
to;0.016752840973008366
choose;0.01619739747354966
from,;0.0236050723399022
preference;0.01942131705358427
is;0.017948324206353675
typically;0.015941191609260556
the;0.015836435794705946
confounding;0.017154719824096953
factor;0.016005652070277453
for;0.016586744957547937
what;0.01648272279231015
any;0.015606421732583123
one;0.015141341195551286
person;0.015385488805376058
or;0.015311392759804235
team;0.016115837968055054
chooses.;0.02357058875116188
The;0.017223755886158914
most;0.014927155352324258
commonly;0.014921629052850603
used;0.017009895727797326
formatting;0.017197597579151312
style;0.01735929718554946
for;0.016193884376620733
C++;0.020608272170173844
programming;0.015340580217233894
is;0.016046096872970147
ANSI;0.017243821993194106
or;0.01519632303619089
Allman.;0.02355560762025757
Teams;0.018253699771682338
at;0.014792396794642167
Google;0.01629179780631909
have;0.015779908727770773
their;0.014619016550641678
own;0.016573309498241973
formatting;0.016735506182486728
guidelines,;0.019810236122380493
and;0.01519405062557833
there;0.014418462490405959
are;0.015053295996574212
many;0.01481173961331158
public;0.015301334089922606
Style;0.01471391418402894
Guides;0.01746334782876929
out;0.014388853478841829
there;0.015392142270347176
that;0.014913057381682913
you;0.014078758179855709
can;0.014351782761581087
try;0.01427338467181376
out.;0.01429780562936806
