text;attention
I;0.023827823174411122
would;0.02362381569863954
choose;0.02832825786921621
bar-headed;0.037067696545776775
goose.;0.06541975687797107
As;0.025930505261540653
a;0.025673432993053556
langugae;0.04167118349523101
model;0.025576194631140095
I;0.023483451489951644
can;0.02327312487693784
only;0.022420186350615757
exist;0.026222550275219268
inside;0.02718703033408046
servers;0.02847343823926552
and;0.023543871833428497
learn;0.026868667068570464
about;0.03145365719420965
the;0.023194743803311477
world;0.02445246058589534
from;0.0242753855428472
selected;0.024638807769753652
information.;0.035859045843799224
I;0.021907611071579423
would;0.02341658413293863
like;0.02336994253900584
to;0.022032439323203735
see;0.02608630984699683
it;0.022546009746518984
with;0.02374408153910668
my;0.023526752594459445
own;0.022166379870108263
eyes;0.025160796929738993
from;0.028300247762196182
the;0.02209710024063726
high-up;0.027333609793591947
sky.;0.025847046855051646
