text;attention
Could;0.05821268130484299
you;0.06158987113147237
please;0.056637819448535805
refine;0.06634783690925057
your;0.05220664295215503
task;0.05464944766964519
regarding;0.05540253564696632
the;0.05253817001871955
question;0.054366815890747315
to;0.052724199233254436
which;0.061478635411042336
regard;0.056317070793804144
the;0.05214483609171001
expression;0.05665072520894563
"""best""";0.05863912629775025
should;0.050853997076130614
be;0.049276601240261106
interpreted?;0.049962987674766327
