text;attention
Placenta;0.03122502709312928
previa;0.05249477835339196
is;0.016278688231231013
a;0.011411571800036284
condition;0.011433974492302195
of;0.010912618801067154
pregnancy;0.0126011063828971
in;0.010305349906609645
which;0.014300057930188214
the;0.010663853326695817
placenta;0.015167035673722368
grows;0.01100710456891503
in;0.010234570888464446
the;0.009869240104311472
lowest;0.010443697587403515
part;0.00974278830632762
of;0.009779055554131331
the;0.00922112982527774
uterus;0.013456753261417102
and;0.010574962784485087
covers;0.012149473834572823
all;0.010145480335050649
or;0.009459348327157634
part;0.009889150892496642
of;0.009830737654874928
the;0.009227841298212401
opening;0.009964773781797876
to;0.009836192528847872
the;0.009053701738646745
cervix;0.012523106070595768
Several;0.023717456946208637
nursing;0.013921720275092413
interventions;0.020219888271138842
can;0.012501440142518364
be;0.009708408038722555
implemented;0.011671128515881996
to;0.011635205412493374
help;0.011407589685282533
prevent;0.012321993548376377
and;0.009941584464936098
manage;0.01105471820574732
placenta;0.012174385634609299
previa,;0.020758105446922172
such;0.011486196116291668
as;0.011804910923982625
blood;0.010373921505140528
transfusions,;0.01809830209538751
external;0.010945376522116143
monitoring;0.011531820245359283
of;0.0111223487857922
the;0.009286381149400516
baby’s;0.014249928530033831
heart;0.009657773936628892
tones,;0.012395827097442313
and;0.010549128864491294
administering;0.011026338680367658
medications;0.010255552010766913
to;0.009872994163513773
reduce;0.010207549746532488
the;0.009106989713896858
risk;0.009192501325638966
of;0.009413752204553963
preterm;0.00977737821404196
labour.;0.01246609001323875
Additionally,;0.013548975950845399
nurses;0.012709507964319352
must;0.011540533979360543
be;0.009193420500305291
aware;0.01091398335268908
of;0.00999280793416009
any;0.01018703265682694
signs;0.00948769615900911
of;0.009369627529736725
bleeding;0.00998079931155481
and;0.010192370383286516
be;0.009471680289701329
ready;0.010268071447953466
to;0.010169476959859139
take;0.008944334967319553
action;0.009423680198203313
if;0.009533183201989983
they;0.008909879796322231
occur.;0.009105079649751187
