text;attention
Both;0.021619539154649984
"""casual""";0.06035966355787265
and;0.009369892670988592
"""causal""";0.22637096351637923
are;0.012982731080800699
English;0.010950366528624142
adjectives.;0.04052127799209988
The;0.0105802970857171
word;0.009824867529192476
"""casual""";0.047124471575062714
means;0.010487175751241895
relaxed;0.011422697359308787
or;0.009021008748738452
informal,;0.013309634342141765
as;0.008437407384960642
in;0.00880889287135237
"""The";0.01009340237134976
partygoers;0.013078662548777759
came;0.008471466660963312
in;0.008576142958647693
casual;0.010121998622030113
"attire.""";0.013360975873761472
On;0.010353448141574646
the;0.00835991006766416
other;0.010763705892585832
hand,;0.01202578526660452
the;0.008244507476621291
word;0.008413250365708697
"""causal""";0.04369219063432115
means;0.009984267600208246
involving;0.011122602201608905
or;0.00895746577748034
constituting;0.05223092296143494
a;0.00824932686180533
cause.;0.026631430071948414
This;0.008794436050113416
word;0.009186241810044569
is;0.00839091687193073
often;0.008403332837669097
found;0.008557444482954956
in;0.0085357963828721
the;0.008129678071366548
subject;0.008677791247751039
of;0.008614040131142241
statistics,;0.014973331334114541
as;0.008257158166137533
in;0.008290829257653103
"""We";0.01028556668309965
could;0.008316390088659652
not;0.008488835210346324
prove;0.008959451062063216
a;0.008317344109321629
causal;0.010290438351585754
relationship;0.009199760309569538
from;0.008491796433622504
strong;0.008095489337291711
correlation;0.008376514841979621
alone.”;0.008445067424482488
