text;attention
Good;0.06978691008478365
morning!;0.0988847758916844
You;0.06479490427414875
can;0.06403967628334412
address;0.06606835813855759
me;0.06747639012044733
as;0.06806711643086572
"""Assistant"".";0.11032780544127382
How;0.07066912423536517
can;0.06431602446708135
I;0.06454965553744736
assist;0.06328148683728568
you;0.06255251266191399
today?;0.06518525959580108
