text;attention
The;0.2761763773386532
three;0.027227538969370274
largest;0.029557797488084393
countries;0.03305423950542086
in;0.02513885489697421
Europe;0.0347076359713189
by;0.028889957978303127
area;0.03178328325404195
are;0.030751600906066892
Russia,;0.11819001415793676
Ukraine,;0.07932367531913967
and;0.027415947855422427
France.;0.2577830763592672
