text;attention
Hello!;0.28197620515555866
Can;0.18640293179102654
I;0.16996614128924822
help;0.17905564590141476
you?;0.18259907586275195
