text;attention
It;0.7219315657600809
is;0.03267976948803024
similar;0.03378372641403485
to,;0.036451541722213744
"""Wow,";0.06539481326979128
"really!?""";0.04812552641193106
and;0.02879206513634093
"""Seriously?""";0.03284099179757705
