text;attention
Hi;0.180186996632573
there,;0.19186583451257147
how;0.16253414002306865
are;0.1557613558666895
you;0.15436798416031902
doing?;0.1552836888047783
