text;attention
As;0.00010488936685975612
a;6.738025747964354e-05
Large;7.765996508978465e-05
Language;7.725982362232097e-05
Model,;0.00030735094436640394
J;6.811455739670032e-05
do;8.432815823203484e-05
not;8.554753175870441e-05
have;6.69054431163663e-05
the;5.700522813964929e-05
ability;7.4571993258007e-05
to;6.255894759123244e-05
think;0.00010620520435471268
in;6.495870547023091e-05
the;5.477610708501285e-05
same;6.021495310428642e-05
way;7.783828821829761e-05
that;6.154064861854722e-05
a;5.687491628942838e-05
human;6.848962075945332e-05
would.;0.9963979575115156
I;9.817863452145913e-05
am;7.107810679442678e-05
a;6.188399050828796e-05
program;6.863581470805355e-05
which;6.56913570403722e-05
can;5.7004485730346093e-05
provide;6.469395954034239e-05
you;6.850841212037922e-05
with;5.8269067053590776e-05
an;5.527230443747617e-05
output;9.028888399335845e-05
based;6.198391154738183e-05
on;6.178349402566994e-05
an;5.4143416337259806e-05
input;7.220741921739465e-05
you;5.461211704230993e-05
provide.;7.719369242045739e-05
Therefore,;7.694510717130288e-05
the;5.777845352955309e-05
relevant;6.0717913120799e-05
question;6.524390030570438e-05
is,;7.442174486733167e-05
how;5.7110143419818726e-05
do;5.294274217897962e-05
you;5.352378641341755e-05
wish;5.688298169309389e-05
to;5.7277677164159646e-05
interact;5.5991619738087725e-05
with;5.1939058214694694e-05
me?;5.536763281882058e-05
