text;attention
Sure!;0.14771138827814045
How;0.11344248636093957
about;0.12579898093363642
the;0.11326017363592433
number;0.11498723516757878
47?;0.16184422049721942
Good;0.10669296023756057
luck!;0.11626255488900054
