text;attention
A;0.025703670046082695
VPN;0.08473665502131703
can;0.012469650650232696
make;0.009555284104129287
it;0.00828741285795223
harder;0.018096649613991298
for;0.009543919161429833
your;0.009494313497523686
ISP;0.08450798566517444
(Internet;0.02136262632419897
Service;0.008204489780437382
Provider);0.020913702064972544
to;0.00891778028278904
determine;0.009878159362358668
who;0.010376218218446115
you;0.008763171679910305
connect;0.009974575720291767
to;0.010899822958799132
over;0.007869643759159904
the;0.007298326239060743
internet,;0.014153067966212542
or;0.007895006672608559
to;0.007690454214345633
censor;0.016192672897055633
certain;0.007710726455992195
internet;0.007804889062873969
services.;0.01836579000738958
However,;0.014381456892324215
this;0.007733584221922157
doesn't;0.01621047501095834
prevent;0.009712793696663016
the;0.007835189130569223
VPN;0.024583555980996444
itself;0.009594936318715419
from;0.00792660240718358
logging;0.010927347566483912
what;0.007909812367509582
sites;0.009105514897570296
you;0.0074644088625251195
access.;0.014991074585854278
Basically,;0.019510339206733743
a;0.007869404186672499
VPN;0.021505754053991813
acts;0.00887220771109282
as;0.007584923575624889
an;0.007420817172001338
additional;0.00812242946559014
relay;0.01394160562030895
in;0.008354279583216726
your;0.007788223024119022
internet;0.008133161339191371
connection.;0.014283451825724174
In;0.007431426047510929
order;0.008108199675446912
to;0.007255805930732902
achieve;0.007644793681247625
greater;0.007921346943823276
anonymity,;0.014333784592243631
you;0.00755081970719027
would;0.007559005290378807
have;0.006931909552371392
to;0.0076217728917226365
use;0.007475888160531566
a;0.007566501343675192
network;0.010620963132930785
(like;0.00968509265443066
Tor;0.01327262163576293
or;0.007785774214711223
12P);0.013102000587913484
where;0.008420905918266355
no;0.0075756146318892775
single;0.007660915003436752
relay;0.009037145619928274
knows;0.008513441251732945
the;0.007411845702465114
entire;0.007819845495520002
source;0.007840022110390032
and;0.007046960722154707
destination;0.007423251797547458
of;0.007134451542099267
the;0.006881273448686147
data.;0.006936607724980573
