text;attention
Hello!;0.2686889253013664
Can;0.18972408817161354
I;0.17506543744457068
help;0.1796707911262141
you?;0.18685075795623535
