text;attention
Hello!;0.2539653268922808
Can;0.1824715035216043
I;0.179156583794578
help;0.183345757769058
you?;0.20106082802247888
