text;attention
to;0.13187194217689135
scare;0.10207190892295862
off;0.11948945534479781
ther;0.20362774269078726
birds;0.10992563546555208
for;0.12769421881572288
the;0.11365308439291699
food;0.09166601219037289
