text;attention
A;0.027151552045981693
hard;0.022899659561277222
boiled;0.026652828718769016
egg;0.04953346934217379
will;0.03325522389137448
spin;0.0779432233565253
nicely;0.03321404216625201
and;0.027552076623026545
a;0.026433431522270415
raw;0.03913557521825824
egg;0.03432156980460633
will;0.027151680705796398
wobble.;0.16285451608381943
The;0.027207673956127436
raw;0.02726795124489284
egg;0.02456053318279444
is;0.02273269108212902
full;0.02445949455257495
of;0.02453957730311889
fluid;0.02653059691379908
which;0.025060558331333388
Moves;0.024179579418676725
around;0.024933483979575777
as;0.022558886024850913
it;0.02115601221797231
spins;0.027545457582081007
making;0.023453130579262096
the;0.021936514211160347
egg;0.021664534458200543
wobble.;0.02211447592131938
