text;attention
A;0.032027075421312
hard;0.029937291257849143
boiled;0.03625074462092821
egg;0.042756057274763115
will;0.033889718542404405
spin;0.04373706565614833
nicely;0.031749777636091686
and;0.03031722336122488
a;0.031095623502958022
raw;0.032129630766547644
egg;0.03583753804499047
will;0.03132298130081676
wobble.;0.07129233618338394
The;0.03225728983229113
raw;0.028910126850981953
egg;0.03186760769057908
is;0.030531702473143678
full;0.03008567074811634
of;0.030100038972813464
fluid;0.03216039057784204
which;0.03198230530238291
Moves;0.034289717926589545
around;0.031128115578676206
as;0.02900023323409396
it;0.02862247849767331
spins;0.029128702008740202
making;0.029264327331227805
the;0.028811304738876255
egg;0.028601927545646205
wobble.;0.03091499712090712
