text;attention
It;0.02217339105579768
depends.;0.04055067956477342
ChatGPT;0.04082726451376468
is,;0.035870402426649066
as;0.02094499421311251
of;0.022296339269856434
February;0.020056873828426282
2023,;0.0355087323533399
more;0.019964118511865466
widely;0.01988123432276194
used;0.020835689835355786
and;0.020449311015221024
produces;0.02275254109254877
higher;0.019713500170458403
quality;0.020351426079037668
output.;0.024798278980047193
However,;0.025482269484006066
Open;0.02289559359354973
Assistant;0.024221008507966175
is;0.02667787230866595
a;0.02073887248454186
fully;0.021939253754621305
open;0.02241014296306098
source;0.026798015998505387
chatbot,;0.028420321700556785
which;0.020656666729078083
means;0.024773623357508493
the;0.021946376216635196
code,;0.024151717470920268
dataset,;0.025631269912569865
and;0.01984794038113244
weights;0.021785967554796802
will;0.02094784548392259
be;0.0189969927146505
available;0.0205294541188365
to;0.02021294298108602
the;0.018422503786012893
public;0.01986420926348197
to;0.020288209867023038
build;0.018936340516944865
upon;0.019450008811376467
and;0.01842386042885725
extend.;0.01857594237667633
