text;attention
The;0.12002657486267539
1067456th;0.2342409990543108
prime;0.10517212442216975
number;0.10886514819587303
is;0.10172475433717512
18677067.;0.3299703991277959
