text;attention
I;0.05824781983845126
could;0.051916296802415385
not;0.04698761581671372
become;0.04759865540153654
an;0.040988554847267086
animal;0.04570943929866317
because;0.042637348260319737
I’m;0.12071631672511836
an;0.03345378975431068
AI.;0.08533915782600415
However,;0.048213291513550124
I;0.03161583443685813
can;0.030049201705530534
pretend;0.03996415143495227
to;0.028468358690153208
be;0.029094435841867463
an;0.02769497780739062
animal;0.0290155483680871
of;0.027609873631840327
your;0.027171412841335885
choice;0.027668663753556047
if;0.026969001164403705
you;0.026109583134825986
wish.;0.02676067110484854
