text;attention
The;0.016490029771551454
age;0.013164494572323113
of;0.011673006406822213
the;0.010550816005809392
Earth;0.021662816736264964
is;0.013452620949382947
estimated;0.021088512398926527
to;0.01123018751995492
be;0.01154156324717202
approximately;0.014118162933089661
4.54;0.02321280702250499
billion;0.011985800375412298
years.;0.02352462314978823
This;0.011698041807084147
estimate;0.01839646851690039
is;0.01151655915003181
based;0.012896220926388936
on;0.01275941507987195
scientific;0.012543126145691733
measurements;0.016704594013480557
and;0.011843638993858775
analysis;0.012441254718898051
of;0.011525057670788872
rocks;0.013181787775564884
and;0.01139710362852534
meteorites,;0.020633851668574857
as;0.010355576047224993
well;0.011418209419224364
as;0.010832926910428541
calculations;0.01205068945191813
involving;0.01307843920360875
radioactive;0.01224010917954657
decay;0.01135146933413892
rates;0.0108715915476387
and;0.010582334621516622
other;0.010804202917482752
geological;0.012823620072356505
and;0.01074846463900929
astronomical;0.011563418148062478
data.;0.02161323965268177
The;0.011696647897828368
study;0.012891267769601724
of;0.012075411115928771
the;0.010443732911475944
Earth's;0.024747346597450738
history;0.014482788681911883
and;0.011157617165690477
the;0.0105220434374874
processes;0.012579330998089631
that;0.01069729610950212
have;0.010382356221823869
shaped;0.01366106038234059
our;0.011206856085130114
planet;0.01304980667362142
is;0.010928283342319415
known;0.011167904011765453
as;0.010935002237992736
geology,;0.01418867345892082
and;0.011275477900852324
it;0.010664647952228814
is;0.010376138775839741
an;0.01065406918261414
important;0.014702513872874587
field;0.011861734469043685
of;0.010595415202242924
scientific;0.011201003931982942
inquiry;0.01226441981208672
that;0.010786167209594966
helps;0.01118386876071767
us;0.01090648432761582
understand;0.01164078275823357
the;0.010333608993055514
origins;0.011325812089358447
and;0.01064838509908469
evolution;0.010743293927817022
of;0.010161438218489893
our;0.010032709906008262
world.;0.010261750181875251
