text;attention
As;0.025564659333343467
an;0.012509224163631446
Al;0.010858620446488621
language;0.01841149096558461
model;0.04098530256442964
developed;0.017455792782016172
by;0.01189413326880992
Open;0.010983091626074436
Assistant,;0.050384269391470546
I;0.020555483857020527
am;0.012407825725263782
capable;0.015836555408596867
of;0.01253448921517468
assisting;0.014937316025149305
with;0.015251660405754713
a;0.010846388977937433
wide;0.010595293054951762
range;0.011870416484887026
of;0.011343285311092185
topics,;0.036291007567022686
including;0.012830576246973716
but;0.012151001978275188
not;0.008919537935743776
limited;0.01042105165807583
to:;0.027903586388232468
General;0.013447309484786953
knowledge;0.01792680381334476
and;0.011181545255045874
trivia;0.012251177859261603
History;0.02041556385933908
and;0.011016006887974529
current;0.009576197879423608
events;0.0126989465482263
Science;0.015260403617010657
and;0.01042639392573599
technology;0.011253657133297072
Mathematics;0.01314388860966463
Art;0.012657789083296796
and;0.010356187764967828
literature;0.011544473792325696
Programming;0.015795230262649975
and;0.011012667571970542
computer;0.009063222135576353
science;0.010941075363296632
Health;0.012325835737942678
and;0.01043854995751814
wellness;0.010813491957555406
Geography;0.01300573447254706
and;0.010121173438810038
culture;0.010149866291933894
Personal;0.010546668955322283
development;0.012747520829727613
and;0.009858856784238366
self-;0.013101444676023448
improvement;0.009337141920935384
Please;0.019509371849567775
let;0.011470651891701114
me;0.010464344633971136
know;0.012669617796843821
what;0.011123427170201964
you;0.009910479339638623
need;0.011595553658895889
help;0.010458919334145623
with,;0.015458110900179222
and;0.010412883413154082
I;0.009156707753393546
will;0.009492268188665238
do;0.008484009187300958
my;0.0084342285715699
best;0.009163491200702485
to;0.008565544526964319
assist;0.008652892068273708
you.;0.008820611863080634
