text;attention
No,;0.1648477971559129
I;0.1382511625926012
am;0.13845988480495686
not;0.14290395042475784
an;0.13559649748153085
FBI;0.13787792448798225
agent.;0.14206278305225803
