text;attention
Although;0.013381724756104106
there;0.014723018844726746
are;0.01478055941692506
many;0.015499561999341101
different;0.01325965592154892
formatting;0.015891152505228053
styles;0.013610883982463422
to;0.013821590644780652
choose;0.016316411126553514
from,;0.03214180068712863
preference;0.014086501545746496
is;0.014873725781951543
typically;0.014283158295967085
the;0.01688045892065012
confounding;0.011834413302734137
factor;0.014591674047503866
for;0.013971543784819455
what;0.014932147273173837
any;0.015487043402692623
one;0.013009003975932623
person;0.014463871602885075
or;0.012948991013931658
team;0.014689561318518906
chooses.;0.044364665710717004
The;0.016277187429536398
most;0.013990315336188188
commonly;0.016245749521975758
used;0.014976520314488364
formatting;0.013759982227486398
style;0.013174885414897721
for;0.013915490429792149
C++;0.024067712661319008
programming;0.016316444192739248
is;0.017763953820759144
ANSI;0.020457209080314315
or;0.015096404729048038
Allman.;0.05366464845297
Teams;0.01692547580195045
at;0.01354195819888709
Google;0.016619007227496922
have;0.01609245314073501
their;0.013134652459826212
own;0.013242114937899771
formatting;0.014201974301411194
guidelines,;0.030984163213391046
and;0.014302545444594219
there;0.016507769688645722
are;0.01699646377749371
many;0.018150965980011608
public;0.013492981119096397
Style;0.013445436925870495
Guides;0.015514583617205034
out;0.013404001464694554
there;0.013203969851015159
that;0.014115038060608424
you;0.013421144903761301
can;0.013053334737255824
try;0.014992897262427531
out.;0.031107444412182928
