text;attention
The;0.013047101214784664
clue;0.013804320560094544
"""Aircraft";0.02209505136528111
whirling,;0.017566263888738633
cheer;0.011399429465781884
"pilot!""";0.015094987137777615
is;0.013156752929059826
a;0.012824850861915281
cryptic;0.01402791720496125
way;0.013197567637247564
of;0.012273862408713225
describing;0.013703075608182251
a;0.010974606447865595
helicopter,;0.020950141834736178
which;0.012860250644860323
is;0.01120303650246093
a;0.012031891856965505
type;0.011280990008168547
of;0.0115032800172582
aircraft;0.012057718529042633
that;0.012170994903726182
rotates;0.01476702172269884
its;0.01202417987558665
blades;0.013626402213234192
in;0.012040638608468218
a;0.010754847761670919
whirling;0.012229370090589277
motion.;0.013765241477599586
The;0.011744994054150817
word;0.013212989993596753
"""cheer""";0.023516348497703825
is;0.012747507788297231
a;0.012138823081396388
homophone;0.020320299574524154
(a;0.0156892847998521
word;0.011690251273660478
that;0.011840382198297342
sounds;0.012145191817610184
the;0.01071746595140392
same;0.011465117504595869
as;0.011135712913730654
another;0.011142535763415935
word);0.011752652452013079
for;0.013336261453740362
"""hear"",";0.017836373513227113
which;0.011592160501189774
is;0.010578353120349179
a;0.010618222640562962
reference;0.011765852351657361
to;0.011406249026004109
the;0.010504307298256448
sound;0.010875284331905932
that;0.011094003134960895
a;0.010395049536376582
helicopter;0.011592157046457245
makes.;0.012855569527686921
Putting;0.012626867023992992
it;0.010622688735613072
together,;0.014203333006637913
"""hear""";0.01734221870026919
+;0.013419668055920297
"""pilot""";0.014952400396468406
=;0.011911227823546639
"""helicopter"".";0.014331973545406964
So,;0.01272929210261288
"""Aircraft";0.0141419447490748
whirling,;0.013294597931930776
cheer;0.010673721711561602
"pilot!""";0.011640170662292766
is;0.011367991863788557
a;0.010616249060616253
cryptic;0.01133552050967614
way;0.010439547500691072
of;0.01024120719557637
describing;0.010569965973324756
the;0.010256207654145226
word;0.010418788201351052
"""helicopter"".";0.010723223671408997
