text;attention
If;0.04363838741885566
you;0.016658047933985735
are;0.012947088728185228
unable;0.014502316542381825
to;0.012654944682989645
see;0.014883887833736847
either;0.013121269299338907
distant;0.018586606727096246
or;0.022169916013875624
close;0.020239223704779395
objects;0.026550294030729008
clearly;0.029255212203968557
even;0.021089688095345723
when;0.013832365727442593
trying;0.01221099795646612
to;0.011639394674990087
focus;0.018250506153358867
on;0.011824372176015778
them,;0.030701487623814194
you;0.01965375694022622
might;0.014252855144988528
need;0.01503981917599979
glasses.;0.1935543998646814
You;0.018194796238524318
should;0.015182523941354156
visit;0.013856493519282463
a;0.01401844112146022
doctor;0.01926049832987438
to;0.014694594622442502
get;0.012753685323159618
a;0.013299524737068922
proper;0.012230196688396902
diagnosis;0.014394519384125885
and;0.012590058501962606
also;0.012776378964999058
help;0.011743616173307957
with;0.011739950193950051
the;0.011850686286264919
choice;0.012384258244616373
of;0.011944063075595647
the;0.011499957082489696
glasses.;0.016373905684473288
There;0.011879503063251536
are;0.012490976786352989
different;0.012512830053145569
types;0.012579700695642968
of;0.012584740793677341
glasses;0.012018883857062672
for;0.01185780831685949
different;0.011560546684772733
levels;0.011360869384246736
of;0.01130198957834363
vision.;0.011807164020043587
