text;attention
In;0.00981989258828558
Portugal,;0.023903901637168382
the;0.0029530243205878326
average;0.005205566233419277
rent;0.0059200678799578845
is;0.004269661096728008
€706;0.7448169641316233
per;0.0043450949517261596
month.;0.021246235099187376
This;0.0036038406717529025
is;0.002861687242730604
a;0.0027498384019546216
very;0.0034179058935920417
affordable;0.006232075084106041
price;0.002609718158571282
compared;0.002987090030698402
to;0.0019756751255597623
other;0.0020182716887374155
countries;0.0024543479586395358
in;0.002012755740534366
Europe,;0.006132674819049765
such;0.0027435373281538195
as;0.0019225300138453103
the;0.0020188765794048004
United;0.0023655120813558033
Kingdom,;0.003353344584033446
where;0.002110275711004056
the;0.0017259117326920497
average;0.0019174109816147461
rent;0.001999254559440247
is;0.001833950491403967
€1,540;0.030951840012436695
per;0.0018517586542159716
month.;0.004643799539116601
Living;0.002420113115100961
in;0.0018670010314885063
Portugal;0.002300886987298464
is;0.001864098442183365
also;0.0018808157974495178
very;0.0017255884351617611
affordable;0.0029271107997838526
in;0.0016719043690781787
terms;0.0018564790402171723
of;0.0015571375847542872
the;0.001585961747616799
cost;0.0018422572807694614
of;0.0015191650523363835
living.;0.003185712042377702
The;0.0017317989513521777
median;0.0019218666995459857
income;0.0018439180925371233
in;0.001676313551738326
Portugal;0.0017274730120785966
is;0.001656415405775126
only;0.0018165125818835454
€1,012;0.007247003147777167
per;0.0015265083849959477
month,;0.002134797015288609
and;0.001551976516342
many;0.0015403580710302827
basic;0.0016014683480965193
necessities,;0.002262873296348344
such;0.0015541477155284992
as;0.0014105950339687134
food,;0.0016784745544575848
clothes,;0.001650033824172967
and;0.0013801751026293152
transportation,;0.0018295643005969307
are;0.0013539741952200155
much;0.0013708922498188994
cheaper;0.0016871776089142094
than;0.0013437338551028509
in;0.0013277910980254225
other;0.0013069673416536262
European;0.0013119857634923133
countries.;0.001376681532684472
