text;attention
I'm;0.8474498314749699
doing;0.014851900330586254
swell,;0.041788547961629244
thanks;0.020233631741290302
for;0.015470457329448673
asking!;0.018206315777741816
How;0.014131510287981762
about;0.014229633889726392
you?;0.013638171206625705
