text;attention
Although;0.02010466768295643
there;0.015576574955208625
are;0.01557486463749167
many;0.016889627312080283
different;0.016897780027590903
formatting;0.02635465594714518
styles;0.024100117346725635
to;0.0164651259054921
choose;0.016791393381499514
from,;0.021025151692603345
preference;0.020132140212535867
is;0.01815749695309827
typically;0.017215423214502912
the;0.016369498057073224
confounding;0.017186681393589212
factor;0.016861445626087736
for;0.016263901259979452
what;0.0171337044841736
any;0.01575356920760219
one;0.015717616384300387
person;0.01573925735139398
or;0.01594572850022314
team;0.017322596762816715
chooses.;0.023299230277204944
The;0.01635657979160799
most;0.01558243356078451
commonly;0.015461484470274614
used;0.018079530258784268
formatting;0.016165847627828214
style;0.017775739781595558
for;0.016378944563792092
C++;0.017118496934239467
programming;0.015029657460595624
is;0.015978465731903452
ANSI;0.017299366743190294
or;0.01521571280935477
Allman.;0.02290147889542059
Teams;0.019243068386620484
at;0.015452924014860021
Google;0.017385308595314793
have;0.016186001949026217
their;0.015271765271006682
own;0.017324474995279903
formatting;0.015776391342786328
guidelines,;0.019709080280462112
and;0.015294316047273325
there;0.014531690934506387
are;0.015162235838031815
many;0.014917649099532705
public;0.015433208289141142
Style;0.014802014276929659
Guides;0.01838240260798938
out;0.01457597870261808
there;0.015638914110445903
that;0.01502926945603277
you;0.014316224052629578
can;0.014556722840171234
try;0.014464840946888687
out.;0.014323530759705903
