text;attention
Very;0.016517435087475517
well,;0.023938708337974544
let's;0.039361124977727195
have;0.017757502353167146
a;0.015346264389044283
debate.;0.03552323290042908
My;0.016833776465031182
position;0.017559199719126638
is;0.01724823607432015
that;0.017560037026978895
the;0.021116121593353413
government;0.019733875298037776
should;0.017634370693730212
not;0.015070959866702267
be;0.0154360568275712
replaced;0.017110323084290797
by;0.018160245798613493
Al.;0.05479005853675515
Al;0.020475364988677844
is;0.02457379027884767
not;0.015339850420746913
yet;0.014250114076251168
at;0.01842123291684359
a;0.016280112626207346
stage;0.017218573887651207
where;0.018307594738331098
it;0.016868470618325977
would;0.015487811243736056
provide;0.017881326444114082
adequate;0.015165731177450138
governance;0.016642519954413508
of;0.01690546755697153
a;0.016468072516165708
population,;0.03144592438754295
and;0.017827221612226534
is;0.01966554782545456
still;0.014814886719342349
unable;0.015633458425696408
to;0.014006142538316982
make;0.015850302543316517
decisions;0.01648419489698727
in;0.019869843341299282
the;0.014937121373124784
same;0.01702805045631116
way;0.01691023589874648
a;0.019745276264920796
human;0.015352479720457385
would.;0.09344575152119373
