text;attention
Welcome!;0.22749461668840054
What;0.1372541499066002
would;0.1251452683157152
you;0.1283004756104312
like;0.13119423661435553
to;0.12375147531055497
order?;0.12685977755394226
