text;attention
Sure,;0.021539039718607052
here's;0.02202628086493904
a;0.01683251761746943
simpler;0.01947520047505123
way;0.018764370441554115
to;0.017986786468221928
express;0.020891630042636083
that;0.018123532353742144
same;0.01763855146529527
condition:;0.022234633638704933
**;0.018889292374360083
‘python;0.025811616184136698
elif;0.023789685339521714
a[1];0.025701104977641328
in;0.020675126912705354
"[""3"",";0.032530263321232364
"""4""]:";0.026452883027132695
***;0.020126189730429123
This;0.01954541922500853
uses;0.02203666777602003
the;0.01677268166159977
in;0.018120560298643448
keyword;0.021003724062822807
to;0.01819423675996207
check;0.018227815237875967
if;0.017967888515408387
the;0.01682764199050753
value;0.01833985328724311
of;0.018083449898663652
a[1];0.020930600428509055
is;0.01695956735086798
present;0.018199128607785966
in;0.01729624030530646
the;0.016409036835928294
list;0.01833681050998462
"[""3"",";0.022886139039393277
"""4""].";0.018283973319306562
This;0.01777014472348831
is;0.017014534099824542
a;0.01680514226511191
more;0.01715456995138125
concise;0.018987778224456173
way;0.01729405743553328
to;0.017258398077201295
express;0.017437501005476676
the;0.01639921637662569
same;0.016879896801272828
logic;0.01716910149693098
as;0.016891673143055747
the;0.01616680577866415
original;0.01638960807121885
code.;0.016471432485540297
