text;attention
You;0.11790793765439139
should;0.10063662540026233
use;0.10240102345048493
ProtonMail;0.17996413849154239
for;0.11257162463378999
your;0.09590581209715235
more;0.09364583484407553
sensitive;0.09804906804973522
communications.;0.09891793537856589
