text;attention
Yes,;0.005050704610460187
you;0.0034188647406850283
could;0.0038886909995111026
use;0.003814939528014725
duct;0.0038744393974076423
tape;0.003656048074387173
to;0.003898076116899905
seal;0.003629143337246686
the;0.0038045085141144718
puncture.;0.9649645846812731
