text;attention
No,;0.6290138962957571
I;0.07855075798781008
am;0.06297460174597777
not;0.05811367938422642
an;0.053796016259707674
FBI;0.059573946088298003
agent.;0.05797710223822295
