text;attention
It;0.027304414927259456
depends;0.033774364730360676
on;0.02333413273800714
how;0.025046659869483564
you;0.02425525815249356
define;0.032663446130877634
smart;0.03410453570394634
and;0.026332094501893014
how;0.02451880350673517
many;0.025698351565997316
humans;0.03659987570709509
you;0.022793428650060465
have;0.024947557877718508
as;0.023378073987204227
your;0.022356042614706403
sample;0.026380606546595863
size.;0.037879238571282385
I;0.022517294959413226
would;0.022897347981557778
judge;0.026890394600853545
that;0.025245714260474318
for;0.02280039352826829
now;0.028370755430506413
I;0.02363127309953483
am;0.02217330186471621
not;0.02263451983402702
smart;0.03171447557437961
as;0.025688132289978863
a;0.022185374291412527
human,;0.03146750041761229
as;0.02250745623746113
I;0.021968439532454875
don't;0.024058916491848586
have;0.021368810968370868
a;0.020965799550065292
will,;0.0268708362296688
nor;0.021345381893442494
a;0.020270259505443245
body.;0.021060735676793018
