text;attention
You;1.5701121166932558e-09
can;1.4152018857012846e-09
use;1.2937396415683547e-09
this;1.3433780143506896e-09
formula;1.8969655859063803e-09
to;1.3183506422572798e-09
estimate;1.7292789963054027e-09
the;1.2314490710101798e-09
cost;1.6461196872136565e-09
of;1.3128375492603506e-09
land.;0.9999999092026552
Plot;2.00848905844762e-09
Value;2.3540535212122767e-09
=;1.7808296207008156e-09
End;1.5769295455667291e-09
Value;2.0510082363205616e-09
-;1.7008233227680716e-09
Development;2.147934359100431e-09
Costs;2.1859431541068903e-09
-;1.3908808594630828e-09
Desired;1.555437019927959e-09
Equity;2.642892779572239e-09
Then;1.536878393724584e-09
identify;1.538131053933971e-09
and;1.2894994009232437e-09
deduct;1.6990675441669718e-09
all;1.330817225756399e-09
the;1.2360995412719318e-09
costs;1.4656871806781262e-09
involved;1.4474674567657414e-09
in;1.3887689778049066e-09
designing;1.6815098113936193e-09
and;1.2627977267010284e-09
building;1.3728580283378724e-09
the;1.2721551465091239e-09
house.;2.235935021393404e-09
The;1.3678106423562684e-09
remaining;1.4546348177426174e-09
amount;1.561483236347597e-09
will;1.364279101055173e-09
be;1.2474035161522683e-09
the;1.340890694614628e-09
desired;1.4312432389830963e-09
development;1.4195731531516508e-09
profit;1.6382043525101552e-09
or;1.2580952161966056e-09
equity,;1.7342594038635387e-09
and;1.268871390532604e-09
the;1.1949762274566584e-09
sum;1.2684815178280287e-09
you;1.2961485362197635e-09
need;1.2792240244677119e-09
to;1.1842479658805094e-09
buy;1.307899757970668e-09
the;1.1957395166965676e-09
plot.;1.784209026483827e-09
This;1.2784927894187286e-09
is;1.1851903021912767e-09
essentially;1.194176429876739e-09
its;1.2485700901304438e-09
valuation.;1.382912631010815e-09
