text;attention
Sure,;0.013098651895308613
here;0.009427407077653757
are;0.009550513082653648
5;0.011235346796528725
tips;0.009676186301207068
for;0.008024992229466111
going;0.008915994177541168
on;0.008492171938230311
holiday:;0.13029023632958578
1.;0.03988304118850669
Research;0.015619160885563832
the;0.01042352148460556
place;0.018956683031643266
you;0.00903699960464962
are;0.008211949307348235
going;0.012569204616237024
to,;0.012305730845907914
in;0.0067528390017238885
order;0.0079391428084371
to;0.007973767851204603
get;0.0068062394871831145
an;0.006420660580672428
idea;0.007698576151778995
of;0.007025526327590249
what's;0.007876041704142524
available;0.008462733448697324
2.;0.025946754803556963
Plan/book;0.01440472100329114
activities;0.01195754268025303
in;0.006945837853225315
advance;0.008229262476662115
to;0.007650340876191729
avoid;0.007387880577870773
missing;0.0069236434330669
out;0.0069751381124222075
3.;0.020902459831796557
Make;0.00783629354365683
sure;0.0077561679472325385
travel;0.010567576079190745
is;0.007377603751687244
appropriately;0.007012308767493521
organised;0.009340397556084696
(car;0.012585475030636542
fueled,;0.012218992578790316
passports;0.008453568596054804
ready;0.006766265663657722
etc.);0.0092696325520122
4.;0.02113522463457202
Decide;0.009096464704805338
how;0.007861343501615521
you;0.00727787938398272
want;0.006979298729989895
to;0.006610792380054179
handle;0.008119283406096644
meals,;0.01759282534941118
will;0.008609560657478622
you;0.009491144065991332
be;0.0077079248938255835
eating;0.008210675804329173
out;0.008487847792154479
or;0.008288253720801875
will;0.006984613783185476
you;0.006718153245507038
be;0.006706696622350818
purchasing;0.007984610741895402
and;0.0071470302128576555
making;0.007142681476261289
your;0.006215637654484909
own;0.00660561709652265
food?;0.008260812680394962
5.;0.019594064386944637
Check;0.008094071004015768
for;0.0075488588867627165
environmental;0.007958319570993114
conditions;0.011563465791383426
closer;0.007456841630847684
to;0.007685643654937129
the;0.00668560256338978
date;0.008240562079994077
in;0.007609429045441524
case;0.009345302252349058
there;0.007072501784457081
is;0.006619440279205955
anything;0.007371243904394668
that;0.006738162194182583
may;0.006790085506828917
get;0.006411529657924252
in;0.006374633785697054
the;0.006614581905014216
way;0.00695053932281889
of;0.0062615817597016345
your;0.006152721100990186
plans.;0.006445263524255405
