text;attention
MongoDB;0.04857339888208409
does;0.024503726336373106
not;0.01996525735940216
have;0.020535178420218604
many;0.020528979224566316
hard;0.01900900028467753
limits;0.033334187855165204
on;0.02126586822447966
the;0.019854170481057146
amount;0.02021829703213237
of;0.019321014619686563
collections;0.04286411114411191
you;0.019591392291883853
can;0.022096600625611855
have,;0.041010305915198914
and;0.019637607690765953
it;0.020140627585653263
depends;0.02113130953227615
on;0.0184468581353086
what;0.019150126118949593
kind;0.01821158864993777
of;0.01803465693463408
project;0.020430902607550965
you;0.018768018570600335
are;0.01737425337123456
working;0.017997633022207735
on.;0.023248931632022008
For;0.020152210996854176
your;0.020416685751149258
usecase,;0.02610912139002534
it;0.018559305963405215
may;0.017921845885964127
be;0.017314222704584756
best;0.018225666449007617
to;0.019125484960743906
have;0.01917520390378244
one;0.01888512757548103
collection;0.023472627008167837
with;0.02156409384258507
a;0.01802804935695851
field;0.01978706992035243
called;0.019800446196361843
"""category""";0.02230706364092967
as;0.018244776391543312
you;0.01754546872484329
considered.;0.018121526789470037
