text;attention
Tam;0.10888501566737245
very;0.07907332204093083
well,;0.2002331087667204
thank;0.07271174117566974
you.;0.13227195967591368
How;0.0678847396537757
can;0.06724799783432599
I;0.06687631067187579
help;0.06909372543639372
you;0.06209546338622683
today?;0.07362661569079493
