text;attention
Have;0.019098096652618225
you;0.013352702714516697
been;0.010688221871358754
in;0.009797148620325541
an;0.011496995782268881
accident;0.042835020756810505
or;0.02095197705810996
suffered;0.014199922833552923
any;0.01126135547756455
other;0.01420721204726859
trauma?;0.06962881213842403
Have;0.012787596083324262
you;0.012342094899701164
undergone;0.013668892604273966
surgery;0.03070013389442764
or;0.017627998115367548
other;0.012193334045162757
therapy;0.019446437787701127
(for;0.014006548754781734
example;0.010453893255221546
chemotherapy);0.022075406155595095
recently?;0.03767108077554612
Are;0.011745075689741952
you;0.01215558300020598
taking;0.013361861295268318
any;0.010835239405141696
medications?;0.06028960014691509
Do;0.014020331062082923
you;0.012953280623693733
regularly;0.013775790320204897
use;0.012636148440270776
or;0.012581845309374246
take;0.011541630172233475
supplements;0.02137239369091617
such;0.012216419851057472
as;0.011775749646983124
vitamins;0.01256510624928282
or;0.010641621598784219
herbal;0.009934795419076565
remedies?;0.020566891754021568
Have;0.011633915225475406
you;0.01137134614232171
noticed;0.013807922936727113
any;0.01132024853161128
changes;0.01189039732140197
in;0.010274919245764114
your;0.010601363435536365
urine;0.028613529131537457
including;0.016393843978082467
frequency,;0.021243069114130333
colour;0.012584191329189972
and;0.011154052115075579
smell?;0.015411824290741179
Have;0.009963048236814261
you;0.011013189721601974
noticed;0.010858832381130319
blood;0.014693308663059585
in;0.010844370774510429
your;0.009570644144874364
bowel;0.010925261314452176
movements?;0.010370475966785263
