text;attention
Star;0.0180549988416905
Wars;0.021255692824849362
is;0.01648819330615215
a;0.015363015657438313
film;0.01614855730989499
franchise;0.020263090517417228
mainly;0.01855846504123362
and;0.015695673928979418
has;0.015982761053286415
expanded;0.017795357680444254
into;0.015675082288314664
other;0.016781554140284226
mediums,;0.023689431513521767
Star;0.01842648315012811
trek;0.03569884871115409
is;0.01708182252113092
an;0.015520666858182992
episodic;0.023246515618272835
show;0.016149808405452725
which;0.015580735773036083
also;0.015202143578547187
has;0.014456854644282183
expanded;0.01527323411377519
into;0.014466918658199088
other;0.014251208633862141
media;0.015085700741938225
formats,;0.02277342831492091
Star;0.016444004749204006
Wars;0.01619841322611277
is;0.014552066209496372
set;0.015947743022035284
in;0.014411902799474087
a;0.014007265110578827
galaxy;0.019119431188000233
far;0.017341774251129385
away;0.01585109425642045
a;0.014474995339631253
long;0.015000657708716753
time;0.013835929154893819
ago;0.014490559138005064
whereas;0.017834952523235147
Star;0.015046097276410961
Trek;0.018179095616618096
is;0.015587077190353618
set;0.015176073825838307
mainly;0.014710752945708106
in;0.014520570332419807
our;0.01484737451835336
local;0.015074607843940381
galactic;0.015135051287497198
neighbourhood;0.01655120226003298
in;0.014145757204487523
the;0.014283279955536398
relatively;0.014576731368617042
near;0.015560500126470025
earth;0.014953002013092808
future;0.015176466638051481
(by;0.01668560995977124
sci-fi-;0.021055882536095732
standards);0.014257834597381907
