text;attention
The;0.033195240513855535
meaning;0.026773148689792647
of;0.024507362828012427
life;0.05795473025592066
is;0.02460716471945338
something;0.024204133815542015
that;0.02231735785189188
people;0.02328370605093527
have;0.02142221075965946
philosophized;0.03859444630784784
for;0.020589990382983266
thousands;0.020609776242815746
of;0.018804016631922882
years.;0.032275938705355174
Proposed;0.02748320924639987
answers;0.02904314088715137
vary;0.025997605994755008
between;0.022844334922229263
cultures;0.026782056353513207
and;0.020645165347897693
ideologies;0.023179013964252777
but;0.024336504624240182
there;0.019856365839330523
is;0.019423123338985524
no;0.020287208975640895
concrete;0.02068353683198075
answer.;0.028305163283880247
It;0.019262097697259693
is;0.018688719850915653
up;0.018642027212151486
to;0.020511019594461
you;0.02177747192155462
to;0.021524808063934534
figure;0.02046142417271807
that;0.021248543387428015
out;0.021914917643221735
and;0.020115301974517524
find;0.019251570105784103
meaning;0.021920629882083934
in;0.01922418498252347
your;0.018390782911884347
life.;0.019060847233316212
