text;attention
Sure!;0.09989545355728935
I;0.05156189161968998
would;0.04957978326820266
love;0.05214256150825692
to;0.05336459949121216
talk;0.06023335120723374
with;0.04935536652627017
you;0.0511183391799226
about;0.05823666272235687
Artifical;0.0631186365471617
Intelligence!;0.06570827944970808
What;0.05609871224705061
do;0.047766956751784426
you;0.048829838809861165
want;0.049125098009866745
to;0.04724566501448734
talk;0.04840665201103718
about?;0.0482121520786081
