text;attention
Sure!;0.10923770754846551
I;0.055010690733255804
would;0.046981243413759775
love;0.05236558558196099
to;0.05442019992663574
talk;0.05734921140469291
with;0.0466296201961951
you;0.051301421643505346
about;0.05873550170033077
Artifical;0.05792202606332977
Intelligence!;0.07299529738254003
What;0.05607514364038298
do;0.047306862282177745
you;0.048393304687044586
want;0.04793595708006074
to;0.04607758163012137
talk;0.04512200212334497
about?;0.04614064296219572
