text;attention
Send;0.021612373873602517
as;0.021998414505338758
many;0.021684879706904105
applications;0.03376919807401517
as;0.022887753548439017
you;0.01889348425787536
can,;0.042891720395606445
make;0.01854007547619772
sure;0.019776059338326348
to;0.020066081532459316
target;0.02286451637616288
several;0.023138088990272716
dream;0.019614889772840684
schools;0.03201286082570002
as;0.023308363625112804
well;0.019406368994210315
as;0.020068734506046938
having;0.019362663424464806
a;0.0170276084223123
wide;0.01663625482209989
range;0.021145074520721674
of;0.018050993522191205
backups;0.021742326731721114
at;0.01914970540488206
several;0.018313001398151757
tiers;0.019006736112658174
of;0.016125982649328713
preference.;0.034498438405806305
The;0.0190119597353209
more;0.018756848751384354
you;0.018633926680339478
apply;0.019430424367629016
to,;0.023968844303506598
the;0.017649685916925714
better.;0.021375208250194788
Don't;0.02048714759804752
worry;0.018179038709139176
about;0.019021995178985077
application;0.017891211603211332
fees,;0.027956273895380433
they'll;0.0197917978650371
all;0.016771306226475373
be;0.016303611897872522
worth;0.01715513694447866
it;0.017259611846465003
in;0.015801727233509606
the;0.015318908115254458
end.;0.01564268566739373
