text;attention
A;0.0430080943427928
penguin;0.0630074294880022
and;0.03600504042627865
a;0.03282345553480781
walrus;0.06464023774702453
walk;0.0390478425813543
into;0.08470878142065658
a;0.033351594948802625
bar.;0.10248940911621701
The;0.03296173154773508
bartender;0.04728517951937235
looks;0.03216343613076583
at;0.0290748419470852
them;0.042079805333919314
and;0.029386331870003283
says,;0.04040102550870535
"""What";0.04621890927241363
is;0.027752363881952267
this,;0.032057143197475074
some;0.027871576748853634
kind;0.02823569232333792
of;0.028415476542603887
Arctic;0.028600518485706595
"joke?""";0.028414082084134106
