text;attention
These;0.06893139529648666
are;0.03961895751219864
two;0.04162883161905134
separate;0.04652593909724008
words.;0.10445086893577189
"""Casual""";0.29265552503623493
means;0.03442337489908477
"""informal"",";0.09339860784333308
while;0.03255840631974895
"""causal""";0.08542484440658688
means;0.029297107301849815
"""related";0.03963231035448917
to;0.030603792418687062
a;0.029313344444319732
cause”.;0.03153669451491698
