text;attention
Here's;0.03465125197383095
a;0.011732172810787058
new;0.011789256504309764
threat;0.01794512627081967
with;0.01438711993174921
potential;0.012181135013354744
global;0.024802070519422553
effect;0.016604180214952118
on;0.012139871453033952
life.;0.035232203197636945
A;0.01441887658877155
supervolcanic;0.38925492030104014
eruption;0.05240234455829799
can;0.016500063458385148
cause;0.01510654469962469
the;0.01749462973368034
release;0.013195872076605207
of;0.011985577000620433
high;0.011422884895373261
volumes;0.011754514232707626
of;0.011585189671668909
volcanic;0.014632091907501183
ashes,;0.022911744465811117
resulting;0.011846867909268366
in;0.012805829877922103
overnight;0.015451496142226821
and;0.011589359676210038
long;0.011890284664903824
lasting;0.011711056435784096
climate;0.01754266988627409
effects;0.012030973325323073
that;0.011385709111681755
would;0.01171424007506477
threaten;0.012435352088292868
all;0.011424072371693466
aspects;0.010977958698055878
of;0.010875453294151863
life;0.011048123271412254
on;0.01055058993552931
earth.;0.010590321756220909
