text;attention
The;0.09297787160070198
current;0.04310549227970293
prime;0.04196106779019302
minister;0.04954058354162025
of;0.05776864489915999
Italy;0.050236445183259947
is;0.067215540329285
Giorgia;0.0764345917610226
Meloni.;0.5207597626150543
