text;attention
"""WHAT";0.029624389143849576
DO;0.015860418581617602
WE;0.017199243940495594
"WANT?!""";0.23910002176162345
"""TO";0.030711368377307712
KNOW;0.020992933087168396
WHAT;0.02026816194407568
WE;0.016188294040554913
ARE;0.01804311919198436
PROTESTING;0.03441425818535187
"ABOUT!""";0.041604834084230914
"""WHEN";0.03241803335552479
DO;0.018026587904798535
WE;0.016259075938248053
WANT;0.023387451329534466
"IT?!""";0.04643013982354303
"""HOPEFULLY";0.05639103557705869
SOMETIMES;0.031905464900189306
IN;0.01545277505142603
THE;0.014828470904054999
NEAR;0.014834154347697791
FUTURE!;0.025407853573312936
WE;0.017245743122218826
THINK;0.021931113694631115
ALL;0.01605322933901224
OF;0.014134040725727562
US;0.02251469375178607
COLLECTIVELY;0.020994970576704415
LEFT;0.01688359311648889
THE;0.01620132588207647
STOVE;0.016200264158002693
ON;0.016369528445070697
AT;0.014926646806352821
OUR;0.013470897661010103
"HOUSE!""";0.013725867677269575
