text;attention
in;0.03873154146129419
the;0.03695747375063331
simplest;0.03707752965212605
way,;0.04571822113414995
ocean;0.04187034289945162
is;0.043186428436313214
a;0.03852487495183944
very;0.03530491354752086
large;0.04019894500523944
body;0.040367707199645116
of;0.038273728375950465
water,;0.05078398588850544
sea;0.03791727683128464
always;0.036396151372658204
smaller;0.03726982858035658
than;0.040489642802077695
ocean;0.03773708461981382
and;0.03971632047050357
sometimes;0.037123332399138266
associated;0.03553657231321992
with;0.036430537359200106
some;0.034853141990193626
land;0.034805423619299426
although;0.03671867900853657
not;0.034859618655231246
necessarily;0.03315069767581716
