text;attention
in;0.030663197917028064
the;0.030276401277460466
simplest;0.030436041783546124
way,;0.03874237606734761
ocean;0.06741628622586125
is;0.042785000462010336
a;0.029277019421120775
very;0.027361984388637642
large;0.039738858097453214
body;0.040877265688546625
of;0.037318516959176845
water,;0.059003230153549836
sea;0.10469415837182722
always;0.03723331140132792
smaller;0.042220565286255
than;0.03247803435756668
ocean;0.03977663303553149
and;0.031045659701732984
sometimes;0.029035133801180717
associated;0.029558373307904617
with;0.0335218668619731
some;0.029120305039729538
land;0.03469315904998219
although;0.031122379341568005
not;0.026148127466032164
necessarily;0.02545611453564971
