text;attention
As;0.023064724592878647
of;0.03169234457284224
April;0.02368021416937283
8,;0.04165229220436532
2023,;0.1427274585739901
Tokyo;0.05749480498715728
has;0.021112311603259378
the;0.019575518422027625
largest;0.0217298207610835
population;0.036320002641188134
in;0.020135633386865366
the;0.01578690490689809
world.;0.0415688638123036
It;0.021539520705893565
had;0.022495277173535565
a;0.019167781486271317
population;0.021686414803232672
of;0.019809139733686726
approximately;0.01967725836442158
37;0.033447320280020315
million;0.029803181138721224
people;0.019190756985126574
in;0.018744702464239482
the;0.016535421992792145
Greater;0.022448171493679864
Tokyo;0.018617307537603364
Area;0.01813100098636398
and;0.019820903163795343
a;0.01777327106852462
growth;0.022228279988268727
rate;0.020816921883205115
of;0.018946052112916646
about;0.017739349363950368
0.2%;0.035012350205639385
which;0.016851731185217444
is;0.016371281292389444
low.;0.01660570995627253
