text;attention
1am;0.06485715083060457
sory,;0.047965725275769464
but;0.0289678306386784
I;0.023802394327757923
don't;0.07536227844938542
know;0.025005988577141678
the;0.018492372711995612
terms;0.019720088912322728
of;0.014909957530957718
service;0.01635201852384929
of;0.02207997771635161
the;0.021011090240493153
open;0.01660866332200676
assistant;0.017204699279586174
project.;0.0640610740730734
Could;0.03645087079280503
ypu;0.02428602775608029
send;0.027094706133054185
them;0.039047241551535466
rom;0.01901483926280974
se;0.019177762556362648
so;0.02898988275063589
that;0.02205272822259027
I'll;0.1081404529942338
be;0.015690356869053762
able;0.017041564391660394
to;0.01621038439531354
put;0.025255604606177335
them;0.023290702917666686
in;0.027187654936043516
laymen;0.02372810079246962
terms?;0.050939808661533935
