text;attention
First;0.010758259928174746
of;0.014662056591177978
all,;0.014030814189942741
a;0.009836721849984251
major;0.01015183295911811
difference;0.012475451290640364
is;0.01379921449890319
that;0.011179569331115195
Open;0.01687563299329911
Assistant;0.021761779306396226
is,;0.01599247063893182
as;0.009532919234393838
the;0.00904961986071953
name;0.009622805573266778
implies,;0.011320094886461837
open;0.021418144219131425
source.;0.07721003368706296
ChatGPT;0.10142198974835609
is;0.015710452864537917
closed;0.013210528836499758
source;0.01634235744854096
and;0.012212293391258733
might;0.0104546497504505
have;0.00946566844393396
more;0.009932373802615723
restrictions.;0.0236849260734198
Open;0.014268255579363023
Assistant;0.014941236220366961
has;0.011940949275923258
less;0.010857245820573047
rules;0.017716301228712227
and;0.011413140455668642
restrictions;0.01142653580557196
than;0.010995664030656004
ChatGPT,;0.030940396649570424
and;0.00982264821783672
can;0.01087273780029447
be;0.010136297662490959
implemented;0.01176753902800995
into;0.010251681556190238
a;0.009273601798290685
multitude;0.010507346008950204
of;0.009135052532068179
applications.;0.01288283742657236
Some;0.009697615735861895
examples;0.01023734754406491
of;0.009291690048758952
similar;0.011875903238300789
chatbots;0.014108269485497388
are;0.012195033037923252
ChatGPT,;0.03399682188005955
Bing;0.016915859680536646
Chat,;0.01583444891519715
YouChat,;0.01928585314422021
Replit;0.014314894223362826
Ghostwriter,;0.016381055923351436
Character.ai,;0.016982036623219347
and;0.009803217966070985
Jasper,;0.012405409702393918
but;0.009779147834771332
there;0.008913738627669995
are;0.0087947280620965
many;0.00876365376553658
more.;0.009161146065663562
