text;attention
Sure,;0.05401892578976803
I'd;0.03404019977568709
be;0.022746629392377867
happy;0.025121175768635023
to;0.024161059507037157
help!;0.05770113646404202
Can;0.023008196056111357
you;0.024235132983110332
tell;0.024791802865131465
me;0.026685861940043923
a;0.02234073417735586
bit;0.023714452930407175
about;0.029479651634970794
the;0.02381574672272827
type;0.02452759453460467
of;0.026057199653293277
project;0.03579781678625484
you're;0.028417499288374993
starting?;0.044445366204337575
What;0.02316755261813914
is;0.02180472047701897
the;0.02155098997458284
general;0.0247924959192153
goal;0.02581662250355538
or;0.02205949040552412
objective?;0.030593031465657578
Is;0.02229101295151896
there;0.022459764481843246
a;0.02176671121929502
particular;0.02398871042231639
industry;0.02892685007983007
or;0.02203211484699601
field;0.023519373836345777
that;0.02267498496562815
it's;0.02395502823824725
related;0.021795154135031372
to?;0.021699208984982562
