text;attention
***;0.03650682182387064
python;0.03925847237314046
def;0.03659328746377453
tribonacci(n):;0.08044641276676075
if;0.03587263508733352
n;0.03162818422472702
==;0.035160687326937334
0;0.03295722672835886
or;0.03232194570982657
n;0.030219876931799998
==;0.03284746101737692
1:;0.03498768385049474
return;0.037183903634800085
0;0.03145090276195856
ifn;0.036098983335820456
==;0.031988561923594123
2:;0.03441076635239815
return;0.03381763895854535
1;0.0305647705790199
return;0.03138141156478665
tribonacci(n-1);0.0745307840063184
+;0.03122164222134071
tribonacci(n-2);0.06182424437807034
+;0.02977358139244657
tribonacci(n-3);0.048929967145512746
***;0.028022146440986502
