text;attention
The;0.012462413119090318
37th;0.011710626179089408
largest;0.020544526541555336
city;0.017119402173666434
in;0.0115696775166743
Japan;0.03781051280344529
has;0.028136045064004283
36;0.02015156948387502
other;0.01666981058510662
Japanese;0.013102610305845598
cities;0.02647607268867844
that;0.017620846745675597
are;0.008631847967513874
both;0.008788734941651378
Japanese;0.012024760599953244
and;0.01262006217064955
contain;0.016483194191190362
an;0.007959507702899547
area;0.01186051046464473
that;0.010601172857011584
is;0.00755092872718602
geographically;0.010479939879619798
more;0.007391513408650437
comprehensive;0.013565897821026743
than;0.009684275109826303
the;0.007347579930589078
37th;0.01627598031910683
largest;0.013085843326374509
city.;0.04083006997994906
No;0.007542158351375904
other;0.008828773050298735
city;0.009414150695737335
in;0.007370156811963142
the;0.006959737673692275
world;0.01108373547805813
can;0.008892609384987317
boast;0.00942758299091561
this.;0.018258142707967617
When;0.007531201400801991
compared;0.009194108668639463
to;0.008769731400935198
the;0.006952176687374113
76th;0.013680343244549729
largest;0.008588461690015311
city;0.007807987486327652
in;0.007256267230659144
China;0.011711957355452407
we;0.013555013709650171
find;0.008723640865711162
they;0.008725022534116588
have;0.007638474614106885
a;0.0065211346862547
lot;0.006846771372239007
in;0.0069030514223842035
common.;0.013405688743184034
Each;0.008262741227258874
city;0.00893073855139663
contains;0.010037317772515292
a;0.006940983304456685
population;0.010483505693651621
of;0.007870295076937863
people.;0.022460911163210556
In;0.007573998275830517
both;0.00770488157950682
cases;0.009492604606644086
these;0.006877482184399629
populations;0.008028838686224319
are;0.0067285456301895375
primarily;0.007682829858123014
Asian.;0.013141581077836565
Each;0.007476660969521192
city;0.007272661094406356
contains;0.00792091469393474
both;0.007259168636561795
commercial;0.008597533979273951
buildings;0.010166619783611294
and;0.008986043192432428
homes;0.01049743632250233
where;0.00808355768601201
people;0.008059426769082542
dwell;0.008230782465808516
and;0.007624680913107751
the;0.0070410312613076185
population;0.007580390505294959
inhabitants;0.007417599133825248
in;0.00658804926134933
both;0.006628609611850257
cities;0.006496132547855719
communicate;0.006903462374226579
with;0.006182114510922896
one;0.006178925447765658
another.;0.006446931289217183
