text;attention
To;0.2656727735674549
make;0.23520365843323787
you;0.23386474564300155
suffer.;0.2652588223563057
