text;attention
Yes,;0.9946807269101765
adding;8.713209686222871e-16
a;7.659140801084779e-16
USB;9.390233827746536e-16
GPS;1.0472090531373056e-15
dongle;2.908771967337413e-15
to;8.411184396383612e-16
a;8.055898127966407e-16
Microsoft;8.329469762784005e-16
Surface;9.98988494285305e-16
tablet;1.3002590016443805e-15
should;1.082384568679753e-15
allow;1.0590599124555082e-15
Google;8.849114340943174e-16
Maps;1.0641894509777976e-15
to;9.223372301853423e-16
use;8.704332844885317e-16
your;8.730838838941859e-16
location;8.579634392406946e-16
for;8.031756427050489e-16
navigation;8.438995547924122e-16
purposes.;0.005319273089763039
However,;1.4080524814974278e-15
it's;9.453291255137268e-16
important;7.733599475191058e-16
to;7.989842774893593e-16
make;7.27556270656415e-16
sure;8.245928407080143e-16
that;7.743281509635045e-16
the;7.865227716813707e-16
GPS;9.31950091417953e-16
dongle;1.3640606604883236e-15
is;8.494399601633076e-16
compatible;8.932845089719125e-16
with;7.959523529625379e-16
the;7.34098730324221e-16
Microsoft;7.444878716171574e-16
Surface;8.022480410039009e-16
tablet;8.623997908860255e-16
and;7.774905944470505e-16
that;7.75516269427738e-16
you;7.399027204700609e-16
have;7.307466369560002e-16
an;7.348102471506994e-16
internet;7.323195299578178e-16
connection;7.703602848756762e-16
for;7.53555103531448e-16
Google;7.377053181486007e-16
Maps;7.510723611805175e-16
to;7.087045750632682e-16
function;7.0559658432554e-16
properly.;8.830722501014712e-16
Additionally,;9.146960881722434e-16
it's;7.11253939298322e-16
a;6.936994940556858e-16
good;6.747246124839938e-16
idea;6.761171086107651e-16
to;6.998896710501309e-16
verify;7.786963986648123e-16
that;7.846481754005091e-16
the;7.116171157301613e-16
GPS;7.582886516403922e-16
dongle;8.307841957249457e-16
is;6.737089704190479e-16
properly;6.690224603000107e-16
configured;6.937033807514949e-16
and;6.564890668084437e-16
working;6.754908540390129e-16
before;7.309699494708083e-16
using;6.501701164697781e-16
it;6.340992086100125e-16
for;6.463659101783917e-16
navigation.;6.24996241539731e-16
