text;attention
Write;0.08586396277060131
a;0.09012009680954473
python;0.09161633075638076
code;0.08363519140544827
to;0.09122801960153991
summarize;0.10664549341917291
meeting;0.1014819738748352
long;0.08217217143491187
transcript;0.09940079755282667
with;0.08404914250371597
openai;0.0837868198710224
