text;attention
Sure;0.020210055683345517
here;0.014186362357342016
are;0.013075633698112384
some;0.012799897530986683
headings;0.025305029374581383
about;0.012337892600507005
the;0.053573436234890866
big;0.011677357782923573
changes;0.012294520365243665
of;0.011663413602687363
weapons;0.02297286695740437
and;0.012356046684728922
arms;0.012272759784037463
in;0.01094250597828835
wwil:;0.0571712326866659
-;0.011050234994997417
The;0.01417690777427317
growth;0.011698393871581446
of;0.010366216629083795
weapon;0.016002184189017447
mass;0.01067343725165575
production;0.011157307371587084
in;0.01001256392659977
ww1.;0.056408680308378346
-The;0.023335947191721065
first;0.009163560612538894
tanks.;0.023648148833303552
-Advancements;0.03399554244985339
in;0.009180348124253598
automatic;0.010106098479112223
fire.;0.017020972354651713
-Systematic;0.019910197502399574
use;0.00921367799140374
of;0.008938443245623802
chemical;0.010727502610645251
weapons;0.011003324697261022
and;0.009579958289339632
their;0.009109620073380816
effects;0.009013216446360628
on;0.00867698945767533
the;0.016840511650977674
war.;0.014308294142288083
And;0.009028194212652827
some;0.00856332079149512
for;0.00868353436405135
ww2:;0.020482454410535453
-Advancements;0.02019610264912373
in;0.00822716476526438
aerial;0.01478601771728316
combat;0.0088794707694291
and;0.008415874979681716
planes.;0.011884180708320412
-The;0.012631562926727723
rise;0.00794708382793101
of;0.0077617169021334705
missiles.;0.012437395641532577
-The;0.01113578160974502
first;0.007278018653112938
nuclear;0.0076774045842520865
bombs.;0.009839094274277807
These;0.007993859431612134
are;0.007473188869461272
just;0.007189557255813608
some;0.007280186150721343
examples.;0.009152387178078977
I;0.007378083432822883
hope;0.00716936190234337
they;0.007170422820779129
help;0.007250424136292896
you;0.007090660008676164
with;0.007037426829288499
your;0.0068961069992457425
paper.;0.006906669405604276
