text;attention
The;0.11602678231435591
opposite;0.1055635848581292
of;0.09868506930850678
going;0.09769478312546556
down;0.09828302406325641
stairs;0.10145106873007846
is;0.09530177906647773
going;0.09415265254578821
up;0.09392057545173862
stairs.;0.09892068053620319
