text;attention
Harry;0.5005282375858896
potter;0.49947176241411045
