text;attention
These;0.06278382635671287
are;0.05447231378960147
two;0.05574246081364894
separate;0.054432612153928604
words.;0.07899975128623866
"""Casual""";0.12266642937103399
means;0.06027783957833802
"""informal"",";0.07239571602934962
while;0.05686124659371708
"""causal""";0.10307572214708288
means;0.054192258349245084
"""related";0.0641792410589589
to;0.05356807379422041
a;0.05182747906154598
cause”.;0.054525029616377445
