text;attention
These;0.062309067127820174
are;0.0674869793574615
two;0.043378533118571296
separate;0.03719291577686792
words.;0.12705637962492897
"""Casual""";0.15107437757815248
means;0.038366666252572575
"""informal"",";0.15610980456886592
while;0.03608675075384763
"""causal""";0.08709879267863573
means;0.03534358666523652
"""related";0.04847953341120558
to;0.0415057899471578
a;0.03575521891130751
cause”.;0.03275560422736849
