text;attention
Both;0.016831610480039245
of;0.014957795944942492
the;0.013822643903684958
terms;0.018942868448526162
"""birding""";0.03714426243545548
or;0.01515160376932399
"""birdwatching""";0.02048326194515529
can;0.014954988704498528
in;0.014798336751599335
most;0.013572124328246405
contexts;0.015584800956989874
be;0.013477475108869593
used;0.014030697139535118
to;0.013548092772474448
refer;0.01409374466780447
to;0.013513301818181125
the;0.01294320486514313
recreational;0.015526471675076663
observation;0.013559562420453536
of;0.013490776616398019
birds.;0.016956485118449417
Birdwatchers;0.016962271520699
enjoy;0.016616927596755225
observing;0.014517652755305125
and;0.01392798675680728
documenting;0.014534273910055578
appearing;0.01462140601265661
birds;0.013299032210911449
in;0.01300289310419733
some;0.012908408145441775
area,;0.01500111463906128
often;0.013600807004328837
but;0.014526647725026771
not;0.012731105157966629
exclusively;0.01312740664685523
using;0.013267476194005751
visual;0.013157387414524034
aid,;0.015011441999597218
such;0.01294723500347617
as;0.013150522094440616
binoculars;0.01536209154241762
or;0.012948036937016471
similar;0.012530765610922763
tools.;0.013979294330314715
Birdwatchers;0.013745347414402581
also;0.012981781897024534
rely;0.013057045104333372
on;0.012874054690388008
auditive;0.013885999071765121
sensory;0.01313597350229954
data.;0.014132061214498417
It;0.012965942345050208
can;0.012822176194460624
be;0.012623826900052242
considered;0.013711868219066406
a;0.012815353443886502
form;0.01262248683079978
of;0.013027564267311258
citizen;0.013208582829883925
science,;0.013959288984867094
where;0.013369183339796134
laypeople;0.014155959057617528
of;0.01332302737318991
the;0.012609641718368158
general;0.012498983397441916
public;0.012546894561484351
contribute;0.012909308857006606
to;0.012792577803021041
scientific;0.012516377863895714
endeavours.;0.012592398934458392
