text;attention
Intermittent;0.025085234009083433
fasting;0.1853768596663243
is;0.015013668831403912
to;0.012765277145417012
follow;0.014085359310073516
a;0.011516466100718315
schedule;0.016747545844964837
that;0.013261974599051976
cycle;0.012766046788430229
between;0.017615356993005076
fasting;0.019443514949693076
and;0.012665704448489074
non-fasting,;0.026922465857963252
for;0.010544130448912914
example,;0.0161043502562098
not;0.011017018835411814
eating;0.014345009934111102
for;0.012127526996722818
a;0.00996263205696647
period;0.011354278551340738
of;0.010128669332508874
time;0.012167066530012982
each;0.010726084032555304
day;0.012192161560640872
or;0.010726720658747189
week.;0.015430899359846196
Some;0.011501635793905831
popular;0.011835908305153553
methods;0.012122885697820105
are;0.012058064244239549
alternate-day;0.04460267743334754
fasting;0.021187705451483962
(eat;0.01903487966254557
normally;0.015344362132422521
one;0.010678079734894907
day;0.01220942185236403
and;0.012136320846688873
completely;0.010809970705247997
fast;0.011935147989697172
or;0.01140877672225126
reduce;0.010851245799819227
calorie;0.012592878455435764
intake;0.01160558257897423
the;0.010137494971612919
next;0.010539510882454818
day);0.01216698739132769
and;0.010819048052512253
daily;0.012391368857481735
time-restricted;0.025611737747136404
fasting;0.014883638443141747
(eat;0.014249895355805111
normally;0.011898538487006678
but;0.010934831683041274
only;0.010244399917746155
within;0.011092345014931785
a;0.009790333696910463
several-hour-long;0.01344016079469687
window;0.010459113671751393
each;0.009550054741606102
day).;0.009782973785939425
