text;attention
I;0.019124634833690937
would;0.013142535226458578
think;0.015370286997449781
the;0.015611809431937077
most;0.012596645166160941
important;0.015122523605802235
part;0.01382525992495904
is;0.016588554661195635
the;0.013465540361805344
quality;0.016435998526303338
of;0.013973145567973235
conversation;0.02729321188653835
data;0.037101574271186266
used;0.02260592419990657
for;0.013877966234198506
training;0.030073502324241583
as;0.021094158852582444
opposed;0.014767572578005738
to;0.012108672792823658
only;0.012570383044083845
quantity.;0.04092337733575101
"""Garbage";0.043556081250517
in,;0.03355036807852547
garbage;0.012847529909744826
"out""";0.037855531126161475
is;0.014532502428306287
a;0.013211520559660845
well-known;0.01655526583053528
statement;0.013029079229532819
for;0.012601915888615242
machine;0.0149126393972828
learning,;0.02377644560734358
and;0.01252460910668062
so;0.011840739718405963
to;0.013111287538384041
ensure;0.015823784830013995
that;0.013658965853768338
an;0.01253007374078653
AI;0.015394864230221923
chatbot;0.032571230291630046
performs;0.013270619923722598
well,;0.021380885202150812
it;0.012103645161215407
is;0.01101200612547273
critical;0.011695383815695704
that;0.012172541714858544
the;0.012009462079218696
dataset;0.015599778977697692
used;0.011913129849644785
to;0.01126832362625219
train;0.011790650504371052
it;0.01162039189086274
contains;0.013153548342126373
as;0.011381213696627136
much;0.012168353711523139
high-quality;0.012595134985159705
data;0.011651462630167133
as;0.010584759685403749
possible.;0.011070995638658713
