text;attention
Both;0.08018930030946013
dogs;0.07432567334671977
and;0.06890299665457617
seals;0.11475737549411967
bark.;0.18448361031472993
Although;0.06637409303368408
dogs;0.08876045363757999
are;0.0548635374313631
more;0.053648291774810834
commonly;0.05289518784867206
known;0.052415022001544305
to;0.051065029215419666
bark.;0.057319428937320144
