text;attention
I;0.060760845918925596
would;0.05384418090238944
suggest;0.05302397954629766
ensuring;0.05926960358201838
they;0.051963093624938575
are;0.05154414612148394
in;0.05159396996342824
the;0.05155139526945249
VPC;0.06500517641134744
and;0.056695581662870365
have;0.05258018459464012
exposed;0.054034494303291714
the;0.0530890845864103
correct;0.05362670830799998
port;0.053441046259269515
on;0.05221242667599069
both;0.0519893710712912
containers.;0.07377471119795444
