text;attention
you;0.05580331075563879
can;0.05044887526842181
use;0.054340134206543135
the;0.05173504041255188
°;0.05451884357656717
az;0.053044885502225046
keyvault;0.09392547905879106
secret;0.0686838707822835
list’’;0.06749763749523444
command;0.05268244682987503
to;0.05056945951644426
list;0.05107705501816785
secrets;0.052695103812756904
in;0.049508890108979124
a;0.050572435724737255
specified;0.04891332728762949
key;0.04721865065118617
vault;0.0467645539919671
