text;attention
"""Sheesh""";0.15004719619641205
is;0.014291182407415635
a;0.00931908151873444
slang;0.015519256666065323
expression;0.01633049229058339
used;0.011846009246268177
to;0.01219355552058054
express;0.01259956282086634
frustration,;0.024044880621294746
disbelief,;0.01570620439974761
or;0.009490498261757426
annoyance.;0.023769048002897513
It's;0.020334362314890615
typically;0.010914581534461927
used;0.010737209133664603
as;0.008697584710808464
an;0.008758651368139215
exclamation.;0.023109932890928282
For;0.008535701692538719
example,;0.01843529785109329
someone;0.010064884290336742
might;0.00986908319685007
say,;0.013745378112770514
"""Sheesh,";0.03283218185800136
that;0.01042659943335238
deadass;0.015274551518858146
is;0.010474642496571823
millennial;0.014250904279012766
"imo.""";0.02689534910694039
or;0.010168784467169543
"""Sheesh,";0.01694428147709321
this;0.009122020077130663
is;0.007948949753099175
retarded;0.009762200037680215
fr.;0.012776806917718181
No;0.007910939036449433
cap;0.009554221867802207
"ong.""";0.015513638650521466
It's;0.013043203811009818
commonly;0.00961499892026133
used;0.009644332064048477
by;0.010504602257677319
younger;0.010758110323913059
generations,;0.014026602951282678
especially;0.009150981248931553
Zoomers;0.023140481695611222
(people;0.01280464717398072
born;0.010795127500102572
in;0.008915327194602852
the;0.00847628129873559
late;0.008856154606581299
1990s;0.015622915041838291
and;0.008142546920899442
early;0.008168328045722421
2000s).;0.01619581690828405
The;0.008935784224664928
expression;0.008966822840442574
has;0.008401110491393273
been;0.008216432557583196
around;0.009304955209939203
for;0.008048540068759788
several;0.007912545167319937
decades;0.009417298491766545
and;0.008498269912050101
has;0.00784660217307276
become;0.008384364382441613
a;0.00792441063459244
part;0.007839057105921815
of;0.008411162951881816
popular;0.007695477282613476
culture.;0.008121002515567282
