text;attention
To;1.0
write;2.0796565694848927e-27
a;1.838396169329966e-27
good;1.9424206383188305e-27
book,;7.772951663379462e-27
a;1.6491857439315272e-27
person;1.761331856554568e-27
should;2.1500365470185334e-27
study;2.5427849950765117e-27
various;2.036148894471285e-27
subjects;2.6486113203991235e-27
such;4.92778464357215e-26
as:;6.17893313600671e-27
Storytelling;2.7144073220791108e-27
and;1.897125399168866e-27
plot;1.97963544339987e-27
development;2.0044238602568444e-27
Character;2.2032367151921575e-27
development;1.9374757273681775e-27
Dialogue;2.3036573656675862e-27
writing;2.114873389128943e-27
World-building;3.0665146565910948e-27
and;1.7756953765656605e-27
setting;1.7938905751693053e-27
description;2.180965943109216e-27
Point;1.877773694252376e-27
of;1.4619003178115337e-27
view;2.0167106301059193e-27
(POV);2.4927212276676506e-27
Show;2.078297203566695e-27
vs;1.5440585514060285e-27
Tell;1.7909470703531866e-27
technique;1.919292938815443e-27
Pacing;2.370919391351322e-27
and;1.611218868932018e-27
flow;1.6518752361901554e-27
Grammar;2.1245641349393294e-27
and;1.5558822592503943e-27
syntax;1.5610618756572811e-27
The;2.274206417985121e-27
writing;1.994588800124872e-27
process;2.256487152587149e-27
and;1.6361613274264184e-27
revision;1.891100662429943e-27
techniques;1.6510672541877824e-27
In;2.7093342491815397e-27
addition;1.721361516704013e-27
to;1.835213251998018e-27
studying;2.46166846905908e-27
these;1.784225363295278e-27
topics,;3.562626869593399e-27
a;1.5646984556702977e-27
person;1.665368455607928e-27
can;1.7501684724546174e-27
also;1.6394154334000426e-27
benefit;1.5665692924506017e-27
from;1.751864516143625e-27
reading;2.1690180611532315e-27
a;1.6442783245103957e-27
variety;2.5135180913569597e-27
of;1.836856491244301e-27
books;1.990866841675845e-27
in;1.756910677956734e-27
their;1.560014546382746e-27
chosen;1.63998602763292e-27
genre,;2.3455718434786382e-27
participating;1.6019681252779282e-27
in;1.665339545307636e-27
writing;1.858639549686968e-27
workshops;1.9179730022495378e-27
and;1.5646931396714772e-27
communities,;1.9525479664727303e-27
and;1.566439343454102e-27
seeking;1.5577441101332336e-27
feedback;1.841376390760703e-27
from;1.810374707710266e-27
other;1.5586307432830786e-27
writers;1.6066846727113984e-27
and;1.5310841566943931e-27
beta;1.4474952155809543e-27
readers.;2.4627390514148546e-27
