text;attention
Knitting;0.03318216378865971
uses;0.02911564962551531
a;0.026000483854484276
pair;0.02361301551762447
of;0.02417974368611589
long;0.022693316789149005
needles;0.028024895244149035
to;0.026410135751146174
form;0.024604050869739637
the;0.02295098700395501
loops,;0.03286600163905908
moving;0.024012922803802992
a;0.02485916141503222
set;0.02186366902385592
of;0.021721355618004604
loops;0.0237414923232205
from;0.022861201968675426
one;0.022698331193519647
needle;0.022274100344295972
to;0.021295028077808427
"another;";0.03149746697464273
the;0.022395009881991612
stitches;0.02374044976881723
are;0.021839481290362974
held;0.021747840307057863
on;0.02172856631637287
the;0.021549548265072663
needle.;0.026013137344782403
Crochet;0.027730038009620872
uses;0.023073620261802624
a;0.022906927550840943
single;0.02122623262965075
hook;0.022513890716249232
to;0.022348310975844488
hook;0.02228351297562637
the;0.02148672669360557
loops;0.021694450434347087
together;0.02148541704877293
directly;0.021077456604765725
on;0.020542208532719614
the;0.020629853277064007
piece.;0.021522147602176214
