text;attention
Try;0.9970194573676582
out;4.3321426347830174e-14
different;4.395977375536426e-14
disciplines,;9.318994318006243e-14
such;9.705676843073509e-14
as;5.2316434761323806e-14
UI/UX;8.198418122405979e-14
design,;5.87490267626582e-14
cybersecurity,;5.3842397795440597e-14
machine;3.300991635326226e-14
learning;3.613637990162153e-14
and;3.758042696862951e-14
much;3.4107827174008635e-14
more,;4.715643640131056e-14
and;3.558505827371254e-14
see;3.5254033010151707e-14
which;3.813008538669307e-14
one;3.5450157514918505e-14
fits;3.4104627405840014e-14
you;3.392066452412884e-14
best.;0.0029805426299732325
There;4.0875802931554903e-14
are;3.2976853582993535e-14
many;3.3302543020047906e-14
free;4.076575716875626e-14
courses;5.20458136142234e-14
and;3.410745971396328e-14
material;3.8813848088418076e-14
online,;4.657971911145678e-14
such;4.6298240738691e-14
as;3.9238489064258084e-14
Harvard;3.7013225325351265e-14
University's;4.439863685593526e-14
CS50;6.181459810550602e-14
and;3.529076401598325e-14
the;3.250406420153585e-14
various;3.6627480434099936e-14
courses;3.623654270317868e-14
offered;3.196734376479682e-14
by;3.180653518190723e-14
freeCodeCamp,;5.313611949890036e-14
that;3.2578204029482136e-14
give;3.275040159417461e-14
you;3.10258928596432e-14
the;2.9720498869779925e-14
opportunity;3.307211287591078e-14
to;3.3236854228549195e-14
earn;3.3422141780168463e-14
a;3.0661045695426535e-14
real;3.302291454206875e-14
certificate;3.835213197760122e-14
and;3.317780298414707e-14
get;3.12639862862886e-14
a;2.94545009633095e-14
job;3.4851156129105693e-14
in;3.09115711637229e-14
the;2.9762619491187297e-14
IT;3.134393303929223e-14
industry;3.026683180485372e-14
more;2.935410213961257e-14
easily.;2.9391379688794883e-14
