text;attention
To;0.01474024106090577
use;0.01444196068348209
ChatGPT;0.027782378516172986
you;0.014101444129534948
can;0.013231486669957824
follow;0.012736342428332343
these;0.01276106075910946
steps:;0.017666525608899614
1.;0.019912842048416902
Go;0.013051186369316663
to;0.013964243050111081
the;0.01265031949025975
website;0.01668713016981336
for;0.012953175640645933
ChatGPT.;0.13373351932610175
2.;0.020433449799437904
Click;0.012892295755267045
Sign;0.012910341900063653
Up.;0.02072313345264112
3.;0.015322650028950375
Enter;0.012599581814765665
your;0.012497945248449589
Email;0.014697329545913532
Address.;0.015191673181623637
4.;0.01671734664253543
Confirm;0.013564990362265727
your;0.012511476780929698
account;0.014058549694274012
by;0.012570207575316614
clicking;0.012563979656803559
the;0.012416120722961688
prompt;0.013504773889187789
in;0.012744287461691414
the;0.012498009732102687
email;0.0136245867792664
you;0.012747231561650427
are;0.012613211454288639
sent.;0.016262502272735926
5.;0.017271149056894784
Enter;0.012565026669650831
a;0.012677719118088309
phone;0.013245113511146185
number.;0.01534352037356517
6.;0.014290585914605726
Type;0.01302995005837891
the;0.012617926064761292
code;0.013844672954816504
that;0.012985823765620009
is;0.012577182126504249
sent;0.013028769319409855
to;0.01255934787439499
your;0.012518258346295111
phone;0.013309724820641015
into;0.012603256938861307
the;0.012463275980114255
prompt.;0.01488760849798372
7.;0.015184033354060543
Enter;0.012515415082212199
a;0.012496999169505987
prompt;0.013162486715627685
for;0.012712845338031261
ChatGPT.;0.016029777684647074
