text;attention
The;0.12674612842407698
left;0.15447114218550595
hand;0.12567387895895854
is;0.13070055073295658
touching;0.12175233412134588
your;0.1377195978400017
nose.;0.20293636773715443
