text;attention
That;0.05873333848991608
has;0.05548978675280318
to;0.04908950479268593
do;0.05971919425840971
with;0.05466414422974176
oxidation,;0.08812965978171886
bacterial;0.06046014215003468
growth;0.05683744742244329
as;0.05612832737328932
well;0.05635652717582222
as;0.055957029921737796
the;0.05015936609919386
materials;0.05382658083510609
the;0.05422425018256348
container;0.049652921967584335
is;0.045958358682978616
made;0.04527653500525768
from,;0.04933688487871323
