text;attention
The;0.0519015057527365
capital;0.052661312023644075
of;0.04966334681453926
France;0.05025817024541351
is;0.05142625954499475
Paris,;0.05611095082928655
which;0.05050982820662197
is;0.048085245683049456
also;0.04910014571029362
colloquially;0.062333702070846715
known;0.04699110425320808
as;0.04826479863832935
the;0.04708654274448324
"""City";0.052623377282920464
of;0.048562101068097566
"Light""";0.049371004885734954
or;0.046810846285642416
"""City";0.04703665702959324
of;0.04560263726627113
"Love"".";0.04560046366429325
