text;attention
The;0.013302119918615027
age;0.016758896930047926
of;0.015106145559912755
the;0.011716706781759552
Earth;0.021060227537402155
is;0.013552165495483087
estimated;0.013349338745275724
to;0.011862018631504398
be;0.011553403300241936
approximately;0.012540188899267918
4.54;0.017433436815102336
billion;0.013457480800339656
years.;0.020790546453892167
This;0.01282511697271061
estimate;0.014236308759334163
is;0.011978878704238038
based;0.012341936372466342
on;0.012018055731551212
scientific;0.013006091227979862
measurements;0.013194627413794346
and;0.012632759995709238
analysis;0.012188366252198142
of;0.012018784084123985
rocks;0.013632314251770566
and;0.011625077892579197
meteorites,;0.014840040211159781
as;0.011386328617659357
well;0.011551305387483323
as;0.011720532554104981
calculations;0.012635687886872101
involving;0.012380142012024774
radioactive;0.013144732361540986
decay;0.012491552295817469
rates;0.011886996384231215
and;0.011702770196385978
other;0.011715865275954376
geological;0.01251330308222569
and;0.011359830651088258
astronomical;0.011589784573973843
data.;0.01354037654884595
The;0.012590285114566897
study;0.015011576596964858
of;0.015544145085159475
the;0.011911463439853167
Earth's;0.01682387493273164
history;0.013294997113259993
and;0.012252915523715985
the;0.012013712142524665
processes;0.013922360923944613
that;0.012107444672586854
have;0.01171891261688581
shaped;0.01261545070446861
our;0.011839520513485607
planet;0.012023307054398715
is;0.012522445332396662
known;0.011826243870374295
as;0.0123146705498447
geology,;0.016697410334855715
and;0.012023398606139126
it;0.012039863266524526
is;0.011577519694667656
an;0.011733832321857375
important;0.012732633580486534
field;0.012566213045744458
of;0.011698265220365626
scientific;0.0118188432488274
inquiry;0.011794198509538155
that;0.01165754572926668
helps;0.01169277053446816
us;0.011531978704768672
understand;0.011569480020584265
the;0.011240862730529974
origins;0.01240810247559611
and;0.011236122672466198
evolution;0.011639390062106323
of;0.01114286385166897
our;0.01097168958158378
world.;0.011253448054123481
