text;attention
There;0.272928393837872
are;0.014691942890005005
several;0.01168400379741727
ways;0.011913244516031238
you;0.012960997077624145
can;0.011046027918843205
output;0.014754727001158083
the;0.011151158770841016
content;0.011822270191191997
of;0.010801734168212224
a;0.010643606287840567
list;0.01244256195552772
in;0.010804006012733763
python.;0.0365418645528768
Assuming;0.01219967989888991
you;0.012230463986726389
want;0.01089573433719061
to;0.0102007101841155
output;0.011352383786341997
to;0.010158843930902252
the;0.010091400235600977
console;0.01190518653834274
you;0.01197161024239945
can;0.01080132687070565
use;0.010304032496948527
a;0.010085976177403618
simple;0.010195402576656108
for;0.010747358669836189
loop:;0.014864336766869001
for;0.011243827701748423
x;0.010885959349286312
in;0.010388355245949091
range(len(OutputList)):;0.023839832641313265
OO;0.013079764080231166
print;0.01103773476819182
OutputList;0.011205347375537881
[x];0.013551818821345284
Or;0.011618968440167857
you;0.01195659487212709
can;0.010229801112728212
use:;0.010931931568252938
print(*OutputList);0.01559111063241947
There;0.010910134380432028
are;0.010190146207241997
some;0.010141007343625665
other;0.010021904511158919
ways;0.010305194031242323
you;0.010486756704461865
can;0.010030690891800293
do;0.010003926768393831
this.;0.010965377139533392
You;0.010318593264337077
can;0.010003351970504273
also;0.009954693081088773
output;0.009979167190170973
the;0.009868895346616084
list;0.010006400072929605
to;0.009861024854266204
a;0.00982078935755813
file;0.00991941627302971
if;0.009855651814812008
you;0.009775907948768724
prefer.;0.009828938561625195
