text;attention
Yes,;0.9005818096522843
the;0.0016781369001075516
field;0.001456320591332784
of;0.000980338480899444
psychology;0.003918790047813165
that;0.0012016135087995934
deals;0.006448449499629244
with;0.0008703909143177459
how;0.001024701667634077
a;0.0010283227082949552
person;0.0009838219576296231
reacts;0.0016887959888558612
to;0.0008148739626151381
the;0.0007809794545589141
objects;0.0009641454141418699
and;0.0007823889090105075
spaces;0.0009700104462617119
around;0.0009165676491209335
them;0.001207094650427867
is;0.001105647342508152
called;0.000960567788790676
environmental;0.0012720257233350364
psychology.;0.015409431808833496
Environmental;0.0019430366086198429
psychology;0.0015620088377689785
examines;0.0016015672311852352
how;0.0007991386302388093
people;0.000831599582019051
perceive;0.0010446188074222445
and;0.0007697892111118066
interact;0.0008524755761158458
with;0.0007333886702341899
their;0.0007195753830364436
physical;0.0007767520360032667
environment,;0.0012321959837851316
including;0.0007735308005335802
their;0.0007070559100620189
homes,;0.0009269084671193193
workplaces,;0.002097901452975699
and;0.0007018166649304801
public;0.0007255010656721354
spaces.;0.001635123522421683
It;0.0008088905906540426
explores;0.0010018336561910658
how;0.0007212994801138665
environmental;0.0007633528105558174
factors;0.0007653019969600758
such;0.0008248255138371062
as;0.0007044277558529137
lighting,;0.0009618883285977465
temperature,;0.0008112344506277031
noise,;0.0007817116334300107
and;0.0006889009397561727
layout;0.0007289153548664135
can;0.0007137379764463605
affect;0.0007076131074421486
human;0.0007035588796470692
behavior,;0.0009318248691628896
mood,;0.0009837562093249316
and;0.0006866870960223596
well-being.;0.002406950653682846
Environmental;0.0009213618919224037
psychologists;0.0009575181945260427
may;0.0007141505359632832
also;0.0006919401535503297
study;0.0007044120843174717
topics;0.0007225840113407188
such;0.0007189413189389087
as;0.0006841325381492441
urban;0.000704005428630657
planning,;0.0007604145114745383
sustainability,;0.0008171801094229975
and;0.0006713299514591625
the;0.0006642978152198615
design;0.0006913983059231567
of;0.0006631275731149763
public;0.000666741978394287
spaces;0.0006881345392128855
to;0.0006743468445354208
promote;0.0006631657928884845
health;0.000662854535424223
and;0.0006561974728015107
well-being.;0.0007258436011594494
