text;attention
As;0.04196216597116356
an;0.026630925744412767
open;0.03159022654452204
world;0.03350212222489613
creative;0.050284730395938566
game,;0.03999712769419061
Minecraft;0.05581915142983171
does;0.02652581854143034
not;0.02854649979024409
establish;0.031319008992646453
a;0.03149974628870333
goal;0.06861134126897755
for;0.029986325627461657
the;0.03221023230106116
player.;0.047659505946018664
However,;0.03311668537967867
players;0.028336601005987762
often;0.028298624977186857
create;0.02707542822700049
goals;0.032200239918819346
for;0.025149962522628345
themselves.;0.03125483360937902
This;0.024348987975055657
may;0.024853453426130996
include;0.02841262557802441
survival;0.037757700555274123
challenges;0.027247595940159988
and;0.025287265788759703
construction;0.025808251526234578
projects.;0.024706814808181318
