text;attention
If;0.916135540317847
we;0.0005521685190343458
assume;0.000563490020239863
that;0.0004168392235321098
Pluto;0.003775723886213016
is;0.0004819434512627371
a;0.0004061674482740839
planet,;0.022703389909272117
there;0.0005164292257473469
would;0.00048114678968816984
be;0.000377715378314742
nine;0.0009407431750906329
planets;0.0009462799830107045
in;0.0004543500868491578
the;0.0003969693312830871
solar;0.0006451577006050636
system.;0.0023676306293244722
Before;0.0005705224132277209
2006,;0.012120729334760796
Pluto;0.0016503742393830009
was;0.00039934605321587883
considered;0.0004561446347405585
the;0.0003819723512724256
ninth;0.0010314758707279735
planet;0.0008983801253326235
in;0.00037786629454256404
our;0.00041686352319201956
solar;0.0004136305351505618
system.;0.0008977964316945253
However,;0.0009214234309292915
the;0.0003845895472060207
International;0.0004800131722912838
Astronomical;0.0006272784577017579
Union;0.001090336343884734
(IAU);0.0013567459468393612
redefined;0.0005569362583046482
the;0.0003402343756195818
definition;0.0004156929255632473
of;0.0003248155728407429
a;0.00036590313103747617
planet;0.0010524054401103995
in;0.00039798995442259376
August;0.0004088569308987349
2006;0.0017024890125639028
and;0.0003752653586786659
reclassified;0.0006023553199335541
Pluto;0.0005414135461100273
as;0.0003629853060968777
a;0.00035323485580301413
"""dwarf";0.0006269410966546437
"planet,""";0.0009425707299368361
leaving;0.0004137760581014414
eight;0.0005467903356193585
planets;0.0005085721248302946
in;0.00036710668013183645
our;0.00035305912129141265
solar;0.0003495229499779796
system.;0.0005874229812038194
However,;0.0005857660498269395
there;0.0003572799713894988
is;0.0003179666564286223
still;0.000337162600223717
some;0.0003284975525281489
debate;0.0004452047992661283
among;0.0003595987436063472
astronomers;0.00043346473063630715
and;0.0003107053366030634
the;0.000301539668587276
public;0.0003626530919711166
about;0.0003830325346762069
whether;0.00042599770791684576
Pluto;0.0005487690507135247
should;0.000351536469021222
be;0.00031932884788458786
considered;0.00036552975719708695
a;0.00031982097100173926
planet,;0.0006892957393188648
so;0.00035775329598211077
some;0.00031372236839319047
people;0.0003226952961900238
may;0.00034097973423117867
still;0.0003316508554058588
consider;0.00034057163947373207
it;0.0003120603158045247
the;0.0003189308300340866
ninth;0.0003652337227584871
planet.;0.0003197378155163429
