text;attention
A;0.08654238433832767
woodchuck,;0.07919468211481193
formally;0.017254657728837393
known;0.0135115831649439
as;0.013322188893355093
a;0.01159815716183272
Groundhog,;0.06475317130111406
does;0.012667807786686296
not;0.013488912187313169
chuck;0.013072023315269814
wood.;0.030420992264607753
They;0.012306867760197626
actually;0.013491882497022519
get;0.011202843130819595
that;0.011679129588430759
name;0.012474477971381055
from;0.018969058650130377
the;0.011255618634968372
Algonquin;0.016802575738178734
tribe;0.012482296851663197
of;0.011485645569909523
Native;0.010637744762681174
Americans,;0.015140948811545794
who;0.011591944694263676
originally;0.011118865118276249
called;0.011784322519046571
them;0.012138163718649514
“wuchak.”;0.024587997334286998
English;0.0126289882069528
settlers,;0.01876561437929318
in;0.010821937524565476
trying;0.0124388162258239
to;0.011221857495806422
use;0.010587176284233743
that;0.010267534000104666
word,;0.016901584669997194
likely;0.011778660425650792
came;0.010258944910880056
up;0.009544132349464824
with;0.011517892008694817
the;0.00975153254976632
name;0.010738023431404694
“woodchuck.”;0.022738767172153295
Depending;0.014860320790399874
on;0.010779672898650486
where;0.011262582584368665
you;0.010428185907282042
are;0.011133130043886271
in;0.011234242857568784
the;0.009832558147525003
country,;0.016281358510549994
woodchucks;0.01281540178554338
are;0.010932620551728079
also;0.011094018450888572
known;0.009845702425712569
as;0.012392092976421083
groundhogs,;0.018480089027623058
land;0.01029359077378824
beavers,;0.012537028583647736
and;0.010643158625971498
whistling;0.01073780566133937
pigs.;0.0094780341537616
