text;attention
Not;0.15870184687158592
that;0.019301021354459276
much;0.019518525598655672
I;0.019982672060901256
think.;0.0776631485277479
There's;0.030902621635055014
already;0.019441075419721048
the;0.016069907861621945
option;0.019223725535030618
to;0.017438818336812507
flag;0.02370099349101641
and;0.01731889361282326
label;0.022205367577950073
almost;0.016051279078760146
everything.;0.05378582531401191
Sometimes;0.01745238095320306
people;0.018036080280655384
don't;0.023091769003922024
like;0.017333866687436663
the;0.014214125468129992
truth,;0.04103213182929371
but;0.017827424685985697
that;0.014314383354764934
doesn't;0.01990545780856898
mean;0.018331745236905807
an;0.015334156698352096
answer;0.021728181755488695
should;0.01660148130404934
be;0.013984147718117072
altered;0.019922477995163362
to;0.01628325267070575
be;0.014146578139512573
more;0.01404369768023139
comfortable;0.01675074036261972
but;0.01594928977234482
false,;0.021141254937573246
or;0.014543925715629756
even;0.013750355515594686
a;0.01337959312460064
straight;0.013113650453612846
out;0.012847418588851824
lie.;0.013634709982532986
