text;attention
The;0.10480066080360663
first;0.09727214776035617
president;0.10695463277903068
of;0.10474766550751088
the;0.10258186629025315
United;0.09181202558673442
States;0.09400968554606252
was;0.09713962339657294
George;0.09252815698532287
Washington.;0.10815353534454976
