text;attention
Topologically,;0.03644303936644415
a;0.01290145154146481
connected;0.12684670086979594
space;0.016990293711596705
is;0.016180806414045498
one;0.012580524594458334
that;0.012935040300482368
cannot;0.015189684930662455
be;0.014079174123915288
represented;0.013650337365989907
as;0.01569756372274849
the;0.012391109077081004
union;0.01898776476839582
of;0.015446782601963287
two;0.016886266352040016
or;0.012906269564164697
more;0.013648092559920673
disjoint;0.02002383696862742
and;0.012619494756783109
non-empty;0.0140524494231795
spaces.;0.019761881069658867
In;0.012584148053650225
other;0.011359097199364858
words,;0.013909378200605695
a;0.011782887343069783
connected;0.017952308835041748
space;0.012128582155889387
is;0.011773407801405492
not;0.012233751257891117
made;0.011802362544386406
up;0.011696004311432095
of;0.012498212659475082
multiple;0.012510892947946032
separate;0.013168518823465036
spaces.;0.014439923321219286
Intuitively,;0.02240289666157958
it;0.011665525562364566
can;0.011476477891352576
be;0.011255441211457436
thought;0.011825478586426179
of;0.011754058582434371
as;0.01196987942572055
being;0.012340059758931491
"""in";0.012761226455729292
one;0.012017017399740478
"piece,""";0.01778291662334422
with;0.01166544195049346
the;0.011466653392049319
term;0.011863513514020764
referring;0.012149778049557138
to;0.011742563740298069
the;0.01144862161004667
fact;0.011533720210178662
that;0.01187088390987213
all;0.012113063954689687
the;0.011401716018401993
points;0.012240105323310813
within;0.01198001404887291
the;0.011271202930718828
space;0.011529865732091724
are;0.011426596220081265
connected;0.01175399097506786
to;0.011577379602078011
each;0.012224942826746235
other.;0.011430928294083128
