text;attention
Tam;0.08592662817021131
sorry;0.07963932803259637
but;0.06186713057049195
I;0.052814607648056344
cannot;0.0526206232398438
write;0.05433529511428747
sexually;0.0697131769690314
explicit;0.047854674241469206
stories.;0.10210651110391285
Is;0.05375227514617734
there;0.047406417623893526
anything;0.043104401398566604
else;0.047279229767600225
I;0.04102946317040816
can;0.039841807141140335
help;0.04172174018846016
you;0.039549900577433766
with?;0.03943678989641909
