text;attention
There;0.01643150252137386
are;0.012677951886553577
several;0.01431133045868659
ways;0.01539648529169215
you;0.013445945919983854
can;0.014427879545557956
output;0.02195799646926297
the;0.015260324887143517
content;0.014323426298012039
of;0.013414635875909492
a;0.012497056131808551
list;0.017524699794577846
in;0.016416233034997136
python.;0.05757484915431429
Assuming;0.016422913523920894
you;0.013400045982140105
want;0.013794485504236294
to;0.012262797587782601
output;0.014704074740525737
to;0.013398507564988133
the;0.011781923589560542
console;0.014277552335695802
you;0.014375552268297289
can;0.014253847622559213
use;0.013698095140520594
a;0.012537383639861293
simple;0.01257002605136006
for;0.015533682355990841
loop:;0.025073165570459653
for;0.014197997866318672
x;0.013528425087252192
in;0.01343730555868706
range(len(OutputList)):;0.07098317934668992
OO;0.015654589354340467
print;0.019954823016653665
OutputList;0.016167592504986703
[x];0.01628589009509128
Or;0.016167006126315026
you;0.014161744047839955
can;0.012546523665807779
use:;0.015276544032489247
print(*OutputList);0.02521452519570526
There;0.015540854022775268
are;0.011749724399642655
some;0.011702582902479528
other;0.012268289303120666
ways;0.013554352909639172
you;0.012525865965656595
can;0.012317361907416745
do;0.011704016062114376
this.;0.017458026445357145
You;0.01209022116349508
can;0.012127894274541348
also;0.01287857216014464
output;0.013431610981675121
the;0.012169417417066094
list;0.01169893618251374
to;0.011753595368390051
a;0.011244649994439042
file;0.011815277902484364
if;0.012164677427967318
you;0.011049152390250214
prefer.;0.011434404172880745
