text;attention
381;0.02806898733974134
meters,;0.0638968658482266
or;0.03174530583597523
1,250;0.05640043926297481
feet,;0.03626171210254414
is;0.027589076941669996
the;0.028079555843998093
height;0.02769308540680257
of;0.027849682909187927
the;0.026808901800849372
Empire;0.028287811949797678
State;0.0292477575119345
Building.;0.04765212311915931
If;0.028435354358072297
you;0.02564210302174176
also;0.024895869494598263
account;0.025959192861864065
for;0.027092377245797536
the;0.027788685303499143
antenna,;0.03533313206974505
it;0.02596655010044962
brings;0.02680712655376785
up;0.026696858877590553
the;0.02645689626958416
total;0.02852383561831871
height;0.02551983589116581
to;0.027464579213779792
443;0.03569032722585777
meters,;0.03279631568774047
or;0.026647596905007353
1,454;0.03952190371673708
feet;0.023180153711821097
