text;attention
The;0.11431207417544716
current;0.10855246837310728
prime;0.10591318888107601
minister;0.11544940689315156
of;0.10430827527947377
Italy;0.10508610260993256
is;0.10323122069489833
Giorgia;0.11890032513184443
Meloni.;0.12424693796106881
