text;attention
The;0.12860665293932388
current;0.10046622904733228
prime;0.09925288887485258
minister;0.11310960050296169
of;0.09885380438600895
Italy;0.11125688435924243
is;0.09822970693204978
Giorgia;0.13826550120500755
Meloni.;0.11195873175322095
