text;attention
I;0.1148241370265539
fine;0.1153616294272252
and;0.10347110680898888
how;0.10830708274757599
can;0.121590636361268
J;0.10576243722350404
assist;0.11487833417197817
you;0.10131544270910257
today?;0.11448919352380325
