text;attention
In;0.1343001108260369
what;0.08515543991091905
programming;0.08105237213122497
language;0.08018453955783623
would;0.07955991611204298
you;0.07921488968386355
like;0.07875735102574775
the;0.0765240234171985
script;0.07751922389534247
to;0.07580792080695319
be;0.07565287629779342
generated?;0.0762713363350411
