text;attention
A;0.1384543720837746
lot;0.14377278935698562
less;0.1501873011941251
than;0.14879705275848654
where;0.14864159401632013
you;0.13245210012575606
live.;0.1376947904645519
