text;attention
This;0.9698252923772678
function;0.000617317041828221
resizes;0.0030061991675235083
a;0.0002648789972049857
given;0.0002999516785549736
set;0.00040627106938766455
of;0.00024070419199575925
images;0.0010898130240799635
to;0.0004574050337564385
a;0.0002671192569411464
specified;0.0003243754561944642
size.;0.001239756312065355
The;0.0002707338352495313
function;0.000372928458976864
takes;0.0004208614257398037
in;0.0003193285889151476
a;0.00023213308922602857
list;0.0003500051152926579
of;0.00025519348504963427
images,;0.0005653907670660846
along;0.00022697244478084397
with;0.00023072735272754332
a;0.0002223102196911973
desired;0.0003017651209293116
x-axis;0.0007798400525620331
and;0.00021556872815838626
y-axis;0.0008221957437898674
resolutions;0.0005133348006732375
(resx;0.0006441669787039377
and;0.0002671735310519884
resy).;0.0003732713931251512
The;0.00023095784491310704
function;0.0002727206961088986
then;0.0003118874561809621
creates;0.00037129126141498503
a;0.0002341306176098647
new;0.0002545186428097371
array;0.00034894541375995195
of;0.00023938368450842194
the;0.00023040670423368808
specified;0.000229151109240079
size,;0.00033281460718176056
and;0.0002568305956497181
iterates;0.0003951883632857229
through;0.00028424267061460007
the;0.0002105199190054552
images;0.00027009416324532483
list;0.00026743060899736575
to;0.00024730297125703213
resize;0.0010060507981004907
each;0.00021834921949496976
one;0.0002485238568138373
using;0.00029814896514657424
the;0.00023463968990508632
scikit-image;0.0009007988900425413
library's;0.0003866263613577143
resize);0.000653744279502739
function.;0.00030894169539689737
The;0.00022114110606287745
anti-aliasing;0.0009197040163906935
parameter;0.00026082093620218976
is;0.0002117187705603842
set;0.0002445072791604842
to;0.0002063179864813976
false,;0.00024339164508810154
which;0.0001984937619554395
will;0.00020743944040428034
prevent;0.00025671838739331655
the;0.00021008216219354015
images;0.0002502443656414239
from;0.00019908996798383383
being;0.00019444670418593924
blurred.;0.00023514893351298243
The;0.00020980477313383678
resized;0.00023157663358865614
images;0.00020570544703152292
are;0.0002093789020663375
then;0.00020033030068792497
returned.;0.00021731265598782295
