text;attention
2023;0.1776757138106647
Applied;0.021961777743557453
Science;0.01845862413309844
Internship;0.04120179313784468
-;0.022323991619637936
Machine;0.01642417522378503
Learning,;0.027695190019541068
Deep;0.01438291577320317
Learning...;0.02138320890811067
Amazon;0.031111188126770717
2023;0.03402272585131815
Summer;0.01641146936162
Internship,;0.026860747707801468
Research;0.01464132082081324
Scientist,;0.017689340921919604
Audio;0.014938589758723673
Intelligence;0.015880968997248335
|;0.016242290782773297
Music...;0.02151819763245842
Anchor;0.01956375554676135
2023;0.03210672377370041
Data;0.015372248486287083
Engineering;0.015193514981744984
Intern;0.01593969757033369
-;0.014441299676914076
McKinsey;0.021700566350844563
Analytics/QuantumBlack;0.02033114534156699
McKinsey;0.01832273830867316
&;0.013731069966603766
Company;0.014901522115517969
This;0.01942998685168096
is;0.014543799330521707
is;0.014669850332380267
from;0.0150158539214777
the;0.013752981400012618
past;0.015215814624014433
24;0.01750978156202278
Hrs,;0.018626927559082178
would;0.014235439010280808
you;0.013936851651992193
like;0.01392452856455318
a;0.013735718111532198
longer;0.014383849176436694
timeframe;0.014442228207025199
search?;0.014147877247149226
