text;attention
Hello;0.09435161650077696
Anup,;0.10885246717442675
I;0.06880068190396246
am;0.06853429882199616
Open;0.07013183847201887
Assistant,;0.10631365472964652
but;0.07749350131946599
you;0.06406392673192927
can;0.06246226418551243
just;0.0608202004210292
call;0.06184763193128977
me;0.06580612197908144
Assistant.;0.09052179582886424
