text;attention
The;0.037589393895512156
winner;0.04427008143790206
of;0.02453597923265176
the;0.025959722807362567
Super;0.02295220818657322
Bowl;0.029194005601939344
in;0.0325073568169863
1987,;0.04081958463542979
also;0.028166358739102046
known;0.02376376575316111
as;0.022780889603781516
Super;0.019980224696253546
Bowl;0.03673264186511458
XXI,;0.0335276723320864
was;0.06286046165734334
the;0.032223183769011704
New;0.019462374310377933
York;0.01976745944762912
Giants.;0.06079648347706688
They;0.041440102843671535
defeated;0.0644344415190516
the;0.02434655442492786
Denver;0.02098260353610872
Broncos;0.023491213621976724
with;0.035371283166505854
a;0.022701179840331653
score;0.02900658002011524
of;0.021449904975407504
39-20.;0.09888628778661794
