text;attention
It's;0.5211247989682827
cannibalism.;0.47887520103171727
