text;attention
Can;0.07627181697999869
you;0.07713905561639028
write;0.07652654418888184
a;0.07497991563619391
formal;0.0736940940232588
letter;0.07949185858121022
to;0.07814376925433811
introduce;0.07688201807922658
Jeff;0.07696612131005176
Bezos;0.08427306018115889
to;0.0752535144948805
a;0.0721854095389469
customer?;0.07819282211546354
