text;attention
The;5.804977093490267e-05
best;6.0031039498270094e-05
way;5.625221198750762e-05
to;6.416804141744564e-05
choose;6.203867827714188e-05
a;6.500559950895186e-05
comfortable;5.977831123954259e-05
shoe;8.765849467509716e-05
is;5.7483079921924566e-05
through;8.191040324710259e-05
wearing;5.784789578091094e-05
them;5.6606182854464344e-05
yourself.;0.6686630296160783
Give;7.228353583137188e-05
them;6.602138249442933e-05
a;6.302419835342411e-05
good;6.06086105574906e-05
walk;7.181100849579164e-05
and;6.0423357057433866e-05
focus;5.771673955180453e-05
on;6.801501417131621e-05
how;5.7530647495448995e-05
it;5.955941347833514e-05
feels,;0.00010437071588709368
its;6.0143960392190196e-05
flexibility,;0.00010174620866380655
weight,;8.42130238773506e-05
and;7.615168007631437e-05
cushioning.;0.32923588221173705
I;5.9435674976969576e-05
hope;6.019736084864878e-05
this;5.92281629087672e-05
helps!;9.177776772336269e-05
