text;attention
The;0.07076877873602302
three;0.07387206712207377
largest;0.09917482578614238
countries;0.0728968227632949
in;0.06352498214770069
Europe;0.0820483360496262
by;0.06934490951583779
area;0.07913418368981945
are;0.0720665476976769
Russia,;0.11474170896353067
France;0.06792520901283708
and;0.06656118674359794
Sweden.;0.06794044177183924
