text;attention
Sure!;0.1257203528472306
I;0.05841697143443062
would;0.04906401612266721
love;0.05329870369476
to;0.049769427083714214
talk;0.051565760527280305
with;0.051935302254575655
you;0.05322890003698916
about;0.05624961007046311
Artifical;0.06062916662705072
Intelligence!;0.07530516580026443
What;0.049602517011762964
do;0.044028079253576734
you;0.04512854305959087
want;0.04505442609540812
to;0.0439024525741821
talk;0.0431621447980032
about?;0.04393846070805011
