text;attention
The;0.06333225466320427
weather;0.06945909944173267
today;0.06903406958164142
is;0.0641466253559277
cloudy;0.07225621550565171
with;0.0592938533107867
a;0.052551951094588836
chance;0.06316409150700546
of;0.05883574405525696
nuclear;0.05937630932521302
armageddon,;0.08828890703722106
just;0.05463514056510324
like;0.059286713795195845
any;0.055830961915035685
other;0.055088732723011444
day.;0.05541933012342389
