text;attention
The;0.01822330486828644
safest;0.010980849138682488
way;0.011293962366375778
to;0.018265248638260134
teach;0.01445242989248835
your;0.02076190838407172
young;0.013366522963112637
kids;0.01627005131688896
how;0.01569618663722739
to;0.019929003223094748
swim;0.016259865126852922
would;0.016410088030841086
be;0.015065187396338725
to;0.01950874699068277
do;0.013243017173142895
so;0.017050432406934407
ina;0.035228431582356036
controlled;0.014388322594189283
environment.;0.04978680921092334
Consider;0.010180121620607684
taking;0.01427847417374704
them;0.014908525174527936
to;0.018933573991186763
a;0.01961881765039339
shallow;0.01164469356002868
pool;0.012713837864583683
or;0.019348629173136782
water;0.012996681433682851
feature,;0.04032682573043272
and;0.020119972560803123
having;0.016146975257741242
them;0.01409259435988559
get;0.013436810151344831
in;0.017778738957643578
the;0.01870683082131342
water;0.01226364124083966
while;0.012189472690303193
wearing;0.013957866471892708
flotation;0.018147606026580387
devices.;0.0418588273552101
From;0.016410563402815666
there,;0.043991771526473405
tell;0.015013344465750278
them;0.013901912735107094
how;0.014434196275510939
to;0.017373202177513522
correctly;0.011956513799435641
make;0.01339604083192527
swimming;0.01507578699412497
strokes;0.010854431539185413
with;0.014778114921258023
their;0.016242551523086603
arms;0.013058085575637413
and;0.018904986257728625
legs.;0.03477861376781212
