text;attention
Al;0.9186769018323668
assistants;0.0034419182462605796
have;0.0021824561492297147
well;0.0014222204950871044
known;0.0016777280615997417
limited;0.0022085999148491633
capabilities;0.0018090554987027323
and;0.001571733764902757
knowledge.;0.007924106578310726
You;0.0016494927448172311
should;0.0015554139424675637
report;0.0019848716307142543
the;0.0015741945304482427
issue;0.0016511881163746994
to;0.002187892115516154
the;0.0015620083376874112
developers;0.001981274676214289
and;0.0015368454579824601
try;0.0015159414147451861
simply;0.0015351236432059182
reading;0.002043760174345184
the;0.001587661375108256
docs;0.0024835597635079953
on;0.0015572750008857317
that;0.001545578566008578
library,;0.0023342604529244157
since;0.0016898475726768588
if;0.0014757560640485863
the;0.0015197043020928928
docs;0.002524005940181505
aren't;0.002694771834365563
in;0.0015597926173271358
the;0.0017890870951060207
Al's;0.0025139647123740717
knowledge;0.001365790037751123
base,;0.0016506229219775388
it;0.0015791785471211764
won't;0.001995570625870691
be;0.0013116141302335353
able;0.0012719994906380994
to;0.0013578621742809875
help;0.001225615328413998
you.;0.001273754121277051
