text;attention
Hello!;0.1068770410735702
I'm;0.07933166129128362
here;0.05093785549984775
to;0.05005543284519958
talk;0.05456848969069878
with;0.05129983959822474
you;0.04985068167885064
about;0.053604485228739965
Artificial;0.05389933725570868
Intelligence.;0.06228688942860119
What;0.05272822299728679
would;0.047045892847185106
you;0.047440843271450275
like;0.048847136159026416
to;0.04541055626752189
know;0.05144906217780478
or;0.04698995171902303
discuss?;0.047376620969976496
