text;attention
It's;0.6822302110409794
Tokyo.;0.3177697889590207
