text;attention
You;0.013400643346601137
will;0.008116084205596931
be;0.012324078768482724
39;0.02290123666138347
years;0.008085103745054525
old;0.007284516357113497
on;0.0161279525969378
September;0.008976623807918407
30th,;0.24146730434245076
2034.;0.13376466566460102
To;0.010233223990240401
calculate;0.011454726391025514
your;0.012473470033625568
age,;0.03503068395691293
you;0.010468524319015897
can;0.0076836228084128655
subtract;0.008925018545607798
your;0.011592353628033314
birth;0.00677484963805074
year;0.006875663360660068
(1995);0.06366398430292705
from;0.010606981732498983
the;0.012031146580882302
target;0.006344585879426716
year;0.0066820924851786695
(2034);0.04389496278561613
to;0.011347822151453572
get;0.006622225616337228
the;0.011195249876340097
number;0.007224160797318845
of;0.01022220573187616
years;0.006622489488842852
in;0.009794726757113622
between.;0.017573077987025648
2034;0.016278380581892612
-;0.007996153021081453
1995;0.016078972899288915
=;0.011384223818154458
39;0.009613675247053472
So,;0.014320148428757526
in;0.008635498846538022
2034,;0.024122440387920833
you;0.00772374384905002
will;0.006098267551230572
have;0.006308852463154877
completed;0.006141362049294426
39;0.008043686799417506
years;0.005831366071947295
since;0.006227452734926868
your;0.00656619358056797
birth;0.005674863069171397
in;0.006598036350439916
1995.;0.00857062390954874
