text;attention
Yes.;0.08496042581358296
A;0.06270088634938172
temperate;0.06671963781293737
of;0.058095133918791085
110F;0.11247690990927517
is;0.05368444880605958
higher;0.053114475531182904
than;0.050480436687595776
a;0.048102122964181454
typical;0.04965527338475185
fever;0.05466757689357432
and;0.051270381616660844
you;0.0486668943069098
should;0.050070357905995115
seek;0.0554091395277446
medical;0.04944071310177981
attention.;0.050485185469595746
