text;attention
Do;0.06381304612994303
you;0.0460725494886201
have;0.04036960588170365
a;0.03917460236198393
particular;0.049439091796132026
level;0.04009738384086264
of;0.0406144378857523
education;0.07015423653742528
in;0.0401439373836359
mind?;0.10697397301198498
For;0.04203489423962824
example,;0.06805284708844357
middle;0.041208409072629786
school,;0.06468198013006102
high;0.03890636208402797
school,;0.04698521869778447
university,;0.048092083584958735
or;0.03789760307933931
graduate;0.03753946640744809
school?;0.037748271297634986
