text;attention
Hello!;0.0450663168405696
I;0.03319094174289229
am;0.03291021437708065
here;0.03446919362709494
to;0.03488285678090709
help;0.03799582558137534
with;0.034199760476053255
any;0.03345784511999093
questions;0.040301661863646025
or;0.032851457583308805
problems;0.03701602176921137
you;0.03294991414798537
have.;0.044319799148049246
Just;0.03408493153590144
let;0.033770161117122985
me;0.035814886554969484
know;0.03455186264043936
what;0.03275002658046653
you;0.031677075548122206
need;0.03355434858943845
and;0.03325816155679372
I;0.03229646316775646
will;0.03216101656546293
do;0.031695368854909846
my;0.03143485491870533
best;0.032338139028081976
to;0.03143199905851083
assist;0.03176330224518432
you.;0.03380559297996897
