text;attention
No,;0.07989651752989832
but;0.058852502050336264
you;0.051492257735443754
could;0.057366410500861546
theoretically;0.06907686460789708
train;0.05778461420125016
a;0.05400516055776361
subset;0.055725518990090664
of;0.04960875758101319
my;0.051160092385264505
code;0.051679825275461805
to;0.051759538576554354
give;0.05415014921950776
you;0.05408244988989304
Turing;0.056214373809120276
Complete;0.04762098058454564
answers;0.0491376931764978
only.;0.050386293328600236
