text;attention
Albania;0.029620187440797634
Andorra;0.050354633690863064
Austria;0.01682354792271967
Belarus;0.029070269627832008
Belgium;0.03251780601547885
Bosnia;0.024669866409325638
and;0.013534352627347958
Herzegovina;0.01903816258812909
Bulgaria;0.019472762070140752
Croatia;0.017359014655303713
Cyprus;0.02015912268779721
Czech;0.014975488658301494
Republic;0.013163599149175151
Denmark;0.017319659575807358
Estonia;0.031111886365820733
Finland;0.014527523844070188
France;0.014115729865586561
Germany;0.01336031224982897
Greece;0.015732770018355702
Hungary;0.017427631428267587
Iceland;0.0171558558001346
Ireland;0.01767232560092885
Italy;0.013188645585602853
Kosovo;0.01574547644968882
Latvia;0.01630597068284954
Liechtenstein;0.018823332322619186
Lithuania;0.015101698048114691
Luxembourg;0.016424472555413377
Malta;0.013985584563790924
Moldova;0.01439868558352132
Monaco;0.013625985876114098
Montenegro;0.01603864317989797
Netherlands;0.012852431352431356
North;0.012923553507078894
Macedonia;0.015491093409785838
Norway;0.014896494115915601
Poland;0.015491435684578428
Portugal;0.013153872187166564
Romania;0.01336097972105509
Russia;0.012717149202763843
San;0.013239980284096056
Marino;0.01310006340015301
Serbia;0.013269120334554227
Slovakia;0.014788329957649114
Slovenia;0.013811682414874805
Spain;0.012519754131972876
Sweden;0.01249284487678404
Switzerland;0.013885448897633016
Ukraine;0.014158365202384898
United;0.013007450474038727
Kingdom;0.013387285184165388
(including;0.017107057287381905
England,;0.014052799147804301
Scotland,;0.01583796432269039
Wales,;0.014887254274159715
and;0.012935798565554426
Northern;0.013306244874719425
Ireland);0.01317341152900124
Vatican;0.015252834716384757
City;0.01207829780359662
