text;attention
Both;0.02213722930240624
"""casual""";0.03645872444415845
and;0.018914214356233024
"""causal""";0.022221121842081294
are;0.0182556257297107
English;0.017754150083734432
adjectives.;0.023955935628573555
The;0.017232993624242122
word;0.01769562611383299
"""casual""";0.02252569032774604
means;0.017923148627752537
relaxed;0.017437967194397552
or;0.01610930767267446
informal,;0.017509529828287424
as;0.015805872551286963
in;0.016787611548384027
"""The";0.01905997324513415
partygoers;0.018692099591597063
came;0.016755981278669622
in;0.0158020689131856
casual;0.015623685911181982
"attire.""";0.018368814254846846
On;0.016102687206172313
the;0.015331140784213618
other;0.015611766110695953
hand,;0.01788014408997074
the;0.01552246033297027
word;0.01605304709852588
"""causal""";0.018950929443536473
means;0.016019309393430697
involving;0.017278924126572125
or;0.016663859265181886
constituting;0.016518684291359918
a;0.015055099277055447
cause.;0.016878200535371243
This;0.01588352382815815
word;0.01567603180685074
is;0.01553128408822378
often;0.016293152942749398
found;0.015985994424922982
in;0.015949181996040934
the;0.01533839173088168
subject;0.015559396524226481
of;0.015712784244354825
statistics,;0.016749412143356863
as;0.01532967476488392
in;0.015566359238387676
"""We";0.017049446736615164
could;0.015890816046470583
not;0.016098813579817736
prove;0.01691503405791901
a;0.015409009425047993
causal;0.015529532924606355
relationship;0.015217657609370367
from;0.016126190884998042
strong;0.015211143146825075
correlation;0.014972869623226612
alone.”;0.015110674206892123
