text;attention
Sure;0.014880540491506116
thing!;0.02030525883918164
Here's;0.014626559584235043
a;0.01235336809086449
list;0.013651675763620004
of;0.012431973703331033
cheap;0.014054167189808226
first;0.01197913821177415
date;0.013452420485335096
ideas;0.0146229592305031
for;0.013085224672287869
a;0.012055721129826974
college;0.013449717999326925
student,;0.02182975314457229
with;0.012727502355264859
price;0.0124258371169109
estimates;0.014028317566710509
for;0.01196630090680421
each;0.012474637765130362
of;0.011203313587249911
them;0.01271274573970951
in;0.011536353944404661
USD;0.014608005930944088
1.;0.037623977003697316
Grab;0.012563357567950755
a;0.01269780453175102
cup;0.012127504079722922
of;0.011694430390734234
coffee;0.01948806051490477
($5-$10);0.05806240299581028
2.;0.02628849280269294
Go;0.012484606940575453
see;0.011731611845989384
a;0.011874675286970102
movie;0.017297003551396583
($16-$24);0.034050565959208405
3.;0.030093422908181983
Go;0.011773581242480166
for;0.011315514172748753
a;0.011424718363104172
walk;0.013111090205553273
in;0.011716787498695215
the;0.011232467039451839
park;0.014716348329434194
($0);0.020790404816799033
4.;0.02456121643416822
Go;0.011529503585166854
to;0.011341219236511463
a;0.011455366363734917
comedy;0.012182315933676222
club;0.013242672247189845
open;0.011079326320849105
mic;0.012106969435373649
night;0.012159704972033798
($0);0.016566958741649745
5.;0.015051368723554443
Visit;0.011278897995041741
an;0.011227634321025626
art;0.011449903359415254
museum;0.01249651924113754
($0-$35);0.019449340047665076
6.;0.01386256833808893
Go;0.010973547782839902
bowling;0.012491848783647971
($8-$16);0.014872796640075051
