text;attention
Dog;0.012375512853237763
behaviorists;0.016451821857777577
believe;0.014478485036940386
that;0.01673328132084765
a;0.012852916570760556
dog’s;0.020194117279899674
need;0.01427984963169055
to;0.01440395596716672
perform;0.013152322446520233
the;0.012447199018612545
bedtime;0.014833407477815008
ritual;0.01602941187410941
of;0.013916609076148306
turning;0.012634004923698346
around;0.01625987877859
in;0.01168370770138673
circles;0.019294729230498645
before;0.015249009539416379
lying;0.011649702294656996
down;0.011634364772658792
is;0.013723990487579678
inherited.;0.02588476825112851
Canine;0.0148513252199684
ancestors,;0.023540307954441484
such;0.01511770276069448
as;0.012675016303423487
wild;0.011768997496808183
wolves,;0.017157772588401426
did;0.011691874315351104
the;0.011906831036952455
same;0.012014193548498552
thing,;0.01422460741680728
and;0.012285325488453213
domestic;0.011354049715219751
dogs;0.01159421271819439
retained;0.011986714898391029
this;0.012266739545863143
genetic;0.011950139001836132
predisposition.;0.018217907107567342
Turning;0.012865330595765716
in;0.011421035742282369
circles;0.014927014171055525
before;0.012879657648473928
lying;0.010969870706390066
down;0.012077411152979492
is;0.011893139883187409
an;0.011957739170746962
act;0.011370665515639092
of;0.01279572965015838
self-preservation;0.021791394130059098
in;0.011239621290129719
that;0.011599500082455753
the;0.012140981303404803
dog;0.01195978596961016
may;0.012517050442548224
innately;0.012597747179396348
know;0.011382074286172961
that;0.012746672320201295
he;0.011038386158930056
needs;0.011190935271785624
to;0.011958322203658988
position;0.012095713839579074
himself;0.013113421040983309
in;0.011558815372200538
a;0.011198205276304496
certain;0.01072958330018103
way;0.01125730351165714
to;0.011002269415507016
ward;0.011302928096497633
off;0.012013330139853317
an;0.010817090895463906
attack;0.012134518940972009
in;0.011090089954680186
the;0.010392096131957006
wild.;0.01120780570111906
