text;attention
Because,;0.00024173353416834923
my;0.0001874274699074976
dear;0.00018767860123572883
Guest,;0.0002302360761608765
heat;0.00020417941641971425
releases;0.00019932060446670963
the;0.00019360513529402963
oils;0.00022009939362823108
in;0.00018108750437783718
spices;0.00020962173111701847
which;0.0001834173914238616
makes;0.00018460338464320204
them;0.00017928902151593802
smell;0.00020242959290110927
and;0.00017363525859413753
taste;0.00017688788019848715
more;0.0001731583437325044
pungent.;0.9942157760424708
It;0.00018108178113198918
also;0.000172088103641018
makes;0.00017583513237422985
them;0.00016983511654013823
easier;0.0001830012801489577
to;0.00016950991432922985
digest;0.00018293144176274745
and,;0.0001899422768573492
therefore,;0.00018673613514127207
gives;0.00017255082143414083
you;0.00016658979482512775
a;0.00016605394157065417
stronger;0.00017103671399448767
flavor!;0.00016862116399285907
