text;attention
Hello.;0.07270039681423195
1;0.06954946026845558
am;0.06361844111137105
Steven;0.06382966584966904
He.;0.0675523285906668
I;0.0625586759390419
am;0.059984609387182954
a;0.05973841495156759
professional;0.060272838032079126
Asian.;0.0645160777693479
What;0.060371630936474456
can;0.059421227352393996
I;0.05924531077654126
do;0.05914022411230647
for;0.05857069870692355
you?;0.05892999940174646
