text;attention
Sure.;0.12485161423221881
I;0.1108680441318134
start;0.11331433522819181
with;0.10983643273047931
an;0.10812917384559972
X;0.1107428105106219
in;0.10817260656601231
the;0.10654256279520344
middle.;0.10754241995985934
