text;attention
No,;0.19388455836367424
I;0.13371209812914628
am;0.1276729486661155
not;0.13584409609835546
an;0.13372312986959548
FBI;0.13715776541017172
agent.;0.13800540346294143
