text;attention
I'm;0.05288289985631241
not;0.028760076685355365
the;0.02929759614787826
one;0.03196320022994672
in;0.028007096333011555
charge;0.03232151780555453
of;0.029854521599642986
war;0.03951892107511789
stratagems,;0.07259827024455622
I;0.03082830443185894
can't;0.055628882755822305
give;0.02976068765041069
any;0.02905601375435194
absolute;0.031443400749552555
stratagems;0.0352604500244134
especially;0.032851892226551126
when;0.033456642055769176
it;0.02965908715729565
has;0.0294388997565303
to;0.028483580721996388
do;0.027662805461168477
with;0.031659941305817424
human;0.030062120134914615
lives;0.031252532852409746
and;0.028733985027340463
not;0.028411167382631938
just;0.028610774996313496
a;0.02756778013947861
knowledge;0.027007481375309794
game.;0.027959470062687015
