text;attention
Knitting;0.06014209356954421
uses;0.03286904852646717
a;0.015451778155222947
pair;0.013959494331980949
of;0.015581520146432276
long;0.01449228899197771
needles;0.03213474817958137
to;0.019867005968435766
form;0.01565395300499232
the;0.01312256164310921
loops,;0.035928383600267136
moving;0.01854590384297535
a;0.01463872687521214
set;0.01276266018286517
of;0.01461350572095687
loops;0.021329563761679562
from;0.015776023221116944
one;0.014164245356258723
needle;0.019008512119389753
to;0.01377094010801161
"another;";0.022618911691959512
the;0.013223081929584695
stitches;0.021206138129231545
are;0.013704896189357293
held;0.01731777203380719
on;0.013779471396563549
the;0.012644938766442158
needle.;0.02200648529537383
Crochet;0.036141636956701625
uses;0.021397606170960645
a;0.013097755661760503
single;0.01351534363972097
hook;0.020195863535303008
to;0.015787884696768065
hook;0.015615912269544287
the;0.013302841641674088
loops;0.016528642261663357
together;0.015210949372288635
directly;0.014187098543587698
on;0.013403107969962462
the;0.012271386984297656
piece.;0.019065407764942165
It;0.013703628457266902
is;0.013344370627425177
this;0.013809826497969944
major;0.01318703297131807
difference;0.016814693712956665
that;0.014047394427600992
makes;0.014113262237467436
crochet;0.01818714806168847
much;0.013695267386357336
easier;0.01481382850632966
to;0.012555089724049437
work;0.012560282137127392
with;0.012881913577558133
than;0.012812807137990864
knitting.;0.013437364328921262
