text;attention
Very;0.9051365671583899
well,;0.004621923352924271
let's;0.003747163492406128
have;0.0014562064170508028
a;0.0013599241788711143
debate.;0.005023669153310662
My;0.0022374766388164415
position;0.0018478650828806125
is;0.0020578039514558876
that;0.002535055156436539
the;0.0017437895515750332
government;0.00266784397796983
should;0.0017148680710497213
not;0.0017132808588479203
be;0.001499914543265863
replaced;0.0030412002952272398
by;0.002409908449973427
Al.;0.003840775092275728
Al;0.002457910889815516
is;0.0025443320155397937
not;0.001774368969406913
yet;0.0020652201058586556
at;0.001539657862549833
a;0.0014467542789762995
stage;0.0018582911779297766
where;0.0025708267831750804
it;0.0018044317100879967
would;0.0014721436964331227
provide;0.0016007688648610329
adequate;0.0015536112011065575
governance;0.002208786460646724
of;0.0015371352489313014
a;0.0013783744014331425
population,;0.0023853880704236712
and;0.0018118924140069887
is;0.0015335133247630752
still;0.0017348290869429752
unable;0.0018439260069802524
to;0.0015306529092713064
make;0.0013978476693533614
decisions;0.0018203636928765142
in;0.001415980607447498
the;0.0012696725825820212
same;0.0013587032673017493
way;0.0014829150664862466
a;0.0012980751559684052
human;0.0013712085517235077
would.;0.0012771825043932478
