text;attention
Cough...cough...;0.27434907795507796
Let's;0.019619550633465307
be;0.011003429870694257
serious;0.014145390087131842
and;0.011908416773586318
not;0.011078128441747966
laugh.;0.026515538874222064
A;0.012946634755116286
child;0.013926937807836626
falling;0.012571687021653465
down;0.011284361155483069
and;0.012543954568886437
hitting;0.011868697975553599
their;0.011389247980944298
face;0.011845018141992587
could;0.012838843267300303
feel;0.013340460084951222
scared,;0.022308102938931103
upset,;0.020305772356945053
and;0.010673849579325878
in;0.010036503918103318
pain.;0.02964895672910931
Falls;0.014605752100844839
can;0.011609021906375151
be;0.011096987352526164
distressing;0.017134550628736468
and;0.01081788273700333
disorienting;0.015469308921676877
for;0.010966561533905132
children,;0.014646732617597708
and;0.011193370348903237
facial;0.011742536140665396
injuries;0.011050199995587222
may;0.010631694199151272
be;0.009655999607876992
particularly;0.00997032325130841
frightening.;0.020098315754502893
The;0.011415610097387046
appropriate;0.011141064515830346
response;0.0115975024791228
is;0.010571041382036173
to;0.01196090055455832
comfort;0.012049260905974168
the;0.009862643749858404
child,;0.013292664952087268
check;0.010565196299380459
for;0.010222594223940635
any;0.009664457884635153
injuries,;0.011631513064510202
and;0.010200146336629313
provide;0.010812890588554532
treatment;0.010484967262650406
or;0.009983599329290573
consult;0.009788537892289173
medical;0.009762978040484245
help;0.009101759746159096
if;0.008961157980609641
needed.;0.01009171469929266
