text;attention
Good;0.028966434649710875
morning!;0.06539849113300038
You;0.04154520221561512
can;0.030585397237758386
address;0.03051937822236279
me;0.02990092529009655
as;0.0356628048099345
"""Assistant"".";0.5188290510364989
How;0.032207260889742746
can;0.029926207159689078
I;0.03024169616810735
assist;0.031191996728233393
you;0.035928865393686754
today?;0.05909628906556319
