text;attention
Two;0.02363818592421887
features;0.01951351365242684
that;0.0333091834362296
set;0.018470796111536954
the;0.0350717528070385
Boeing;0.02287995163035831
747;0.03467516105985936
apart;0.01879462921024664
from;0.02835815558147223
other;0.01875229911954442
commercial;0.01820511071346795
airplanes;0.020151233829409573
is;0.026556744640602484
the;0.03143369778671646
bubble;0.017500308909813033
at;0.02984646881888081
the;0.02984684596675607
top;0.017346313895152118
that;0.02662472071677492
gives;0.019443817759209857
passengers;0.018730232032368177
the;0.02813620614087322
impression;0.018099492905082747
of;0.026057256087227525
sitting;0.019480596751469126
in;0.02551208145058078
the;0.026072425296310323
nose;0.01852461977455631
of;0.024380905377378224
the;0.02452659068021132
plane,;0.033184903622255124
and;0.025882233727008368
the;0.02321257593507897
flight;0.018206516255359045
of;0.021420864751932545
stairs;0.016905061252389456
that;0.020473829167101432
allowed;0.01732255336336015
one;0.01662163869646277
to;0.019840701104159912
access;0.0164105868817744
the;0.018325075408329203
upper;0.015744020003063287
deck.;0.016510141765952654
