text;attention
This;0.01917566383007131
is;0.015411364195138643
a;0.014930723300604264
complicated;0.02424002143021633
question;0.027400953852989896
which;0.018957963309256236
could;0.016209415676674235
have;0.014502762134206235
a;0.014458770727900238
few;0.01571107100227057
different;0.015839448904354625
interpretations.;0.06272247722720581
I;0.01762781254542808
don't;0.022309563809434687
know;0.017347038368794525
exactly;0.016109048877697422
which;0.0155526363789119
version;0.016439926379368735
of;0.0145580018380077
this;0.014954455049433893
question;0.020970814065134492
you;0.01533601252554514
are;0.013617680689609411
asking;0.01790505000864221
yet,;0.025481089057982804
so;0.01839355631552671
I;0.013901728529445453
will;0.014290308063612256
need;0.014159504402443492
to;0.01362584140107023
clarify.;0.018628485467259228
Are;0.015362311927466624
you;0.014490485159724929
asking;0.01567067458507304
why;0.01956706842199991
we;0.015127532612825522
have;0.014507700502248677
a;0.014054620223455057
universe;0.020297499566101163
at;0.013948131595932299
all,;0.021986714750339538
rather;0.014691508049861862
than;0.014630912029993413
nothing?;0.020951777414422536
Or;0.015433987026188473
are;0.01389463155679429
you;0.01342442635140631
asking;0.0139140265666735
how;0.016027698032070343
the;0.014060107212613998
universe;0.014549012168526419
started,;0.020141118171233256
to;0.013871530456608615
the;0.013672911092646463
best;0.013740784999443121
of;0.013402748784200629
our;0.013560745693538656
knowledge?;0.014250145684374582
