text;attention
You;0.004926939058441342
should;0.00317834405251702
seek;0.0029690774672236795
the;0.8195873371995224
advice;0.0016232555075826906
of;0.02115222522351909
an;0.004089321292243724
attoney;0.0025663830810953876
if;0.0009912279962866121
you've;0.018552229643109385
received;0.0007919476080929153
a;0.0034786388917385012
"""Cease";0.018605570306976498
and;0.0033332226922209098
"Desist""";0.0033891674386195957
letter.;0.06213583164311976
Your;0.0008398463230532806
attorney;0.0011387662639153807
should;0.0006963307647835864
be;0.0007084082032441688
able;0.0006111933016830569
to;0.0011781720032222527
give;0.0006204373230087608
you;0.0005724124978502301
legal;0.0005767579423928188
advice;0.0005584876935534012
as;0.0007820449975265362
to;0.0009389475882797883
how;0.0006014885647627318
to;0.000817236496613687
proceed;0.0005390475046445827
with;0.0007033699992013288
the;0.0021842532659737787
"""Cease";0.002403220209047707
and;0.0008806388883152829
"Desist""";0.001074221902019063
letter.;0.0019646328657166173
Do;0.0005423869447228132
not;0.0005106896706257222
contact;0.0005535607590301083
the;0.0009927642486721737
person;0.00048668320142098483
who's;0.000964811905109643
served;0.00048592387838914205
you;0.0004710602603114447
the;0.0007248466449000994
"""Cease";0.0009623761734034226
and;0.0005379039208895369
"Desist""";0.0005722059308959742
letter.;0.00043415276051143967
