text;attention
Evolutionary;0.32546586275381073
Psychology;0.016284033143784918
is;0.012646708695338392
a;0.01078405567884383
scientific;0.011139164417198994
discipline;0.011917533818097074
which;0.01120272835617303
seeks;0.012279773456188338
to;0.010331712529246176
explain;0.010731221116511012
human;0.010435570336941086
behavior;0.010563668148607059
by;0.010044364743891965
looking;0.010839157827600794
at;0.00988794475601031
the;0.009788292800995498
evolutionary;0.011181898440580276
forces;0.01046153676544075
which;0.010262895295414319
shaped;0.01068245496388566
it.;0.01482899959983638
It;0.010708334148316168
is;0.010413227642320527
an;0.010056186708633888
empirical;0.011596425048673767
science;0.01034869641772708
that;0.010208537221648783
utilizes;0.012347312359800394
data;0.010429016737457157
from;0.00982080220458873
a;0.009834353279140524
variety;0.010723606777896856
of;0.00971821565297978
sources,;0.01078635916556944
including;0.009869654026039452
psychology,;0.010802098841785037
anthropology,;0.010567446056478235
and;0.009696598938779276
biology,;0.010684103788257177
in;0.009749058533067427
order;0.010594502954976881
to;0.009721732993310183
develop;0.009781263126351152
theories;0.01000496350803565
and;0.00969034442420924
test;0.009896319491425403
hypotheses.;0.01200239853070397
While;0.010029561246831008
some;0.009787457842155884
aspects;0.009983218666053848
of;0.009686135162193169
evolutionary;0.010293225943984434
psychology;0.010356591232502073
may;0.009826156537803846
involve;0.009838549818377248
speculation,;0.010753265770801537
it;0.009803650662943128
is;0.009750631922629307
ultimately;0.009801604543427381
rooted;0.010126477761942764
in;0.009575285746194151
empirical;0.009836262373864176
research;0.009630753628429849
and;0.009514584226733028
evidence.;0.009595450690564356
