text;attention
Would;0.09150441612592752
you;0.08263895204896739
like;0.08470066075048463
me;0.08229797634473769
to;0.08024659771701594
consider;0.08266709716702646
cities;0.08344490783766931
by;0.08577283470890784
population,;0.08567301806490085
or;0.08149620265003522
geographic;0.08137653478024486
area?;0.07818080180408218
