text;attention
~**;0.3397421457664074
/home/assistant;0.40656945636319397
~~~;0.2536883978703987
