text;attention
Diamonds;0.03469166782966528
are;0.02215242275221473
formed;0.024978624190566536
over;0.019632371537773086
millions;0.01787298922513818
of;0.015553939612173353
years;0.019904028343983454
deep;0.018276130902710633
within;0.018636264817318757
the;0.01569246012021182
Earth’s;0.020924904112016456
mantle;0.019665330393057314
over;0.017708358269444356
billions;0.016998097467042218
of;0.014888437291006612
years,;0.022190829102325324
as;0.01669451583984886
a;0.015182011653411893
result;0.01609674898077115
of;0.016750201362858833
heat;0.017667991612296704
and;0.015446325359918172
pressure;0.016773354284533654
from;0.01591266111374721
the;0.015048190883277256
Earth’s;0.01646423464395758
gravity.;0.021773107436617437
Diamonds;0.020873388163216353
originate;0.018296707625908057
from;0.017254272446042572
carbon;0.019663572254104717
that;0.017087072186873973
became;0.01665824740272187
trapped;0.018199396317237757
in;0.016135028869319078
the;0.01532658437206309
upper;0.016173737921723004
or;0.01565456852531802
lower;0.015283411420304269
mantle;0.017370217777518605
during;0.016437421993293143
the;0.0150626885221735
creation;0.01582868343377224
of;0.015370678039386527
the;0.014799892634608684
Earth.;0.019143297700085306
I;0.015603113508643357
hope;0.016697891460845164
this;0.015727258583611115
helps;0.017969579967989025
you;0.015858235483151607
to;0.015133866860612565
understand;0.015990688097144507
how;0.01553886831146208
are;0.01569637174654397
diamonds;0.01570717552604248
formed!;0.015881883710396553
