text;attention
Couldn't,;0.123109128907853
because;0.06325849570990671
the;0.05029183640055434
date;0.05407228247069203
for;0.05612918140706124
the;0.04786432583280298
forecast;0.05534937670119995
is;0.052751602325172536
not;0.04816019266417823
specified;0.054274702078088106
accurately;0.05383945742262556
enough;0.05143361035967275
in;0.04957865680955341
the;0.045710159333468815
request,;0.05183803998566084
when;0.04724737809858735
is;0.04749894766114714
tomorrow?;0.047592625831774905
