text;attention
Tam;0.2434180492588566
doing;0.07425513396344323
well;0.07650285399297976
today,;0.1052216022431593
is;0.06087009884662751
there;0.06447135831087937
anything;0.06432082289271265
I;0.062267810313604885
can;0.06291919173108444
assist;0.06634814792438902
you;0.06143811449178098
with?;0.05796681603048233
