text;attention
Most;0.9851679472307961
Language;4.530703273297937e-10
Al's;7.085091625106476e-10
work;5.317915996147726e-10
by;4.845435925283531e-10
predicting;5.739049502353252e-10
the;4.1163483496152027e-10
next;4.604143783209742e-10
best;4.5170905118958565e-10
word;5.465968022314009e-10
to;4.1110320314431564e-10
place;4.2637748542965286e-10
in;3.660432512827869e-10
a;3.52406247416392e-10
sentence.;0.014832031670082782
The;5.974495621303025e-10
obscure;5.608424712203169e-10
library;6.896868993329963e-10
might;5.276509944683677e-10
be;4.088536104546443e-10
too;4.0883967129581383e-10
complex;4.528658099020229e-10
or;4.1073397637130277e-10
strange;4.404312050193688e-10
for;3.901338460420823e-10
the;3.522607754740203e-10
AI;5.089605783059022e-10
to;3.8252652819084e-10
understand.;4.99315156866471e-10
You;3.788638166034431e-10
can;3.7866493795671794e-10
try;3.9657450959684736e-10
providing;4.392044531031675e-10
the;3.6507653084330846e-10
AI;4.2204588874427164e-10
with;4.07838503058653e-10
additional;3.7404283670524084e-10
documentation;4.884673466997851e-10
about;4.113174577037181e-10
the;3.7311590933142246e-10
library;4.145079185433808e-10
and;3.7965737221266583e-10
giving;3.434041037946167e-10
detailed;3.406934819468875e-10
explanation;3.576080519740819e-10
about;3.3639647554862047e-10
the;3.3196414950038367e-10
errors;3.700080255725801e-10
you;3.301207011543084e-10
are;3.212827772871691e-10
receiving.;3.29609671907989e-10
