text;attention
As;0.024712119113472163
an;0.02485834109586892
Al;0.0216012501699024
assistant;0.022868353324162396
on;0.022041806015719877
a;0.02056799272550148
static;0.022036479881476258
training;0.021510837373143958
set,;0.02818395929882824
I;0.023275563003780385
am;0.021432249194346494
unable;0.02297931508796838
to;0.019200795882027544
determine;0.021281834629663016
your;0.021785384515845194
current;0.01917135472711403
weather.;0.029748695814328218
My;0.021577211117416884
best;0.02060924304797074
advice;0.023729689922128247
is;0.021204863859683745
to;0.020924078041177064
go;0.020648447420012938
outside,;0.026480342470935454
and;0.021454748152011184
look;0.02108972870103677
up,;0.023987179789059256
or;0.02015588311452336
set;0.019642496101495335
up;0.01977369395981698
a;0.019710388091933716
ye-olde;0.03621339498140077
weather;0.019660889822180207
rock.;0.02229674377724869
If;0.022070416009690928
you;0.02076701544523689
have;0.020803349702320555
any;0.019542827217787464
other;0.018706021355422993
questions;0.020612115262752216
do;0.01916313931931134
not;0.01908053007093734
be;0.018631194705531456
afraid;0.018834596568880747
to;0.01774898275257776
ask.;0.01762445736636988
