text;attention
You;0.02971822749332569
should;0.028701188444280327
have;0.02692500169850597
a;0.03721454301569561
good;0.022844919867557406
understanding;0.023058155442239953
of:;0.05315777226641536
-;0.027475999504742544
linear;0.027430834586262033
algebra,;0.045499342387631814
especially;0.021381960821817873
of;0.025051661008346677
matrix;0.02416828866206116
operations;0.023828802312987306
-;0.030481677082302944
calculus,;0.07925629117529175
including;0.023207325883159453
computing;0.02389059820605925
derivatives;0.023899407211682145
-;0.027102001062948612
probabilities;0.02600764584697187
and;0.022830739823272543
statistics;0.022071116373405142
Do;0.03514709784838567
you;0.0246465438856963
want;0.021848160865793734
me;0.029312123543396514
to;0.03308760858940933
detail;0.026183712920186387
each;0.022978475336216088
of;0.022485223164816617
this;0.02908858303113434
requirements?;0.06001897063800161
