text;attention
In;0.05705988287864779
order;0.04326946924892905
to;0.042081930561139486
make;0.042448004129821394
it;0.0386373691455686
personalized,;0.13271941435784088
I;0.045321384802567546
will;0.04091345354792632
need;0.04209480877907599
more;0.04143376814903829
information.;0.07774829866459851
Please;0.04126978555143113
remember;0.04659729432282668
not;0.03814808305548616
to;0.038349028552848975
share;0.04723269820539998
personally;0.045491448755716694
identifiable;0.04806588412806164
information,;0.04710685736034371
though.;0.0440111358027314
