text;attention
A;0.00946056578752102
woodchuck,;0.239953356868805
formally;0.008146101200261054
known;0.006443556045644484
as;0.0066448822135716235
a;0.005442059037272617
Groundhog,;0.08962805537665151
does;0.006930619987715744
not;0.0070048245523979995
chuck;0.021308904004773376
wood.;0.07991408081992706
They;0.009232106008017806
actually;0.008566470175235522
get;0.005114360816990398
that;0.006488491395438947
name;0.017964477400753583
from;0.010286034792011182
the;0.005595395913412009
Algonquin;0.022677091800277622
tribe;0.009485249107308122
of;0.005170171544371587
Native;0.004846621682291739
Americans,;0.011445096675632883
who;0.005792352010184372
originally;0.005413667765762179
called;0.007709646295661067
them;0.008158350516416817
“wuchak.”;0.11259984102275744
English;0.00895355218165908
settlers,;0.014014758003432583
in;0.004646984509415221
trying;0.00521928156610002
to;0.005609365279202269
use;0.005262885744471205
that;0.00577078678673446
word,;0.009811992330029195
likely;0.005463815873987005
came;0.004631286201610822
up;0.006988850522392788
with;0.005203626604901667
the;0.005305759248182118
name;0.0050932198763804495
“woodchuck.”;0.036643984100086395
Depending;0.0061277950415930755
on;0.00516704136924007
where;0.005684505613554476
you;0.0048813401907719395
are;0.0049324764863546006
in;0.004634997334156219
the;0.005210918926442662
country,;0.0095868406445653
woodchucks;0.014238076826317187
are;0.005555111685007764
also;0.005474704209673484
known;0.005700292757150025
as;0.006305954208882497
groundhogs,;0.019553588878369773
land;0.005920396769585839
beavers,;0.008457618954519722
and;0.005107001571691932
whistling;0.006463006401686919
pigs.;0.00495575248478624
