text;attention
Your;0.005319100717214385
boss;0.005050368163032528
might;0.0041817927980699
like;0.004222971249440214
the;0.03280534018442561
AI;0.0042479554691921655
better;0.0037681167244620127
than;0.004194277601111944
you.;0.0625102599242792
No;0.004821653521868808
seriously,;0.0202611130507633
you;0.005496015560911566
might;0.004158812490192924
include;0.005248622312587941
patented;0.006137224622874873
code;0.004510160006761903
into;0.004339088860200431
the;0.030093280475484246
software.;0.05972474245586377
That;0.007311840382650315
might;0.004151047576255723
very;0.0037682144255361976
well;0.0037856518405702095
be;0.004428719576899136
extremely;0.003727394066178898
expensive.;0.0649212155241285
Or;0.005389523461901987
just;0.003948781542573829
copyrighted;0.009445813602632813
software;0.005438575195200888
which;0.006620157494696431
would;0.006069364920887411
also;0.004584215703504665
be;0.00437912013880678
expensive.;0.06079160491290112
Also;0.004999840537577658
you;0.005364205427643542
need;0.004075486402084882
to;0.007071567666012301
make;0.003935828885608703
sure;0.003963596823220141
that;0.005783661244950717
the;0.03864618475197738
software;0.00509555343279082
followed;0.004763083248197609
the;0.033670131013455645
guidelines;0.00496561837131856
you;0.005143882933087839
are;0.005877337680628742
using.;0.051225591326996854
There;0.0041157621679094826
are;0.004824157939394404
different;0.0036640779558040695
ways;0.004041774415741032
to;0.009878505064261899
indent,;0.02736152708830843
some;0.004558914441725062
have;0.004924973489443776
rules;0.004684159363542336
about;0.0054736355556535415
levels;0.0040172800030643715
of;0.008316715805424285
nesting;0.006851188698971209
etc.;0.02274658253861725
And;0.007306279696190578
of;0.004244549677987398
course;0.004152350456014831
the;0.017569263798235184
nature;0.0038121943762740034
of;0.006446411936559348
and;0.009282758338760758
the;0.013082676733369903
amount;0.0042076425154093
of;0.0074723466698510595
documentation;0.005254365795582579
embedded;0.004559977447216022
in;0.005836174221294434
the;0.026153307001706396
code.;0.11072674050807316
