text;attention
Topologically,;0.08850715315149463
a;0.014063303579614213
connected;0.09679039283202918
space;0.01965855461876371
is;0.029970585237851642
one;0.015124191505452642
that;0.014026066035198933
cannot;0.015818204408548784
be;0.014899948995987842
represented;0.013313100129751471
as;0.013336305871169804
the;0.011110837953744861
union;0.013061364728548285
of;0.01234681332763779
two;0.014652061602850718
or;0.010477658656506635
more;0.013188780593217835
disjoint;0.016516477027078334
and;0.010969933795610107
non-empty;0.015609871056746381
spaces.;0.03476205382256674
In;0.011737577815430566
other;0.011620069163070061
words,;0.020199294884187542
a;0.010390775533407216
connected;0.02036694335099677
space;0.011583507813944223
is;0.011337357836302022
not;0.011858703213375971
made;0.010453763816339764
up;0.010141269075357428
of;0.010203700130968446
multiple;0.010503664231012547
separate;0.010273653740394295
spaces.;0.01718415607222895
Intuitively,;0.03281003866896144
it;0.010640261301730038
can;0.009272566474068641
be;0.009131962610286839
thought;0.009869304397904528
of;0.010879441660472942
as;0.010812321684217821
being;0.010751581044708206
"""in";0.01165847451920482
one;0.00969781991137565
"piece,""";0.020042530993840135
with;0.010828213442423358
the;0.009653558044471572
term;0.010780437018954198
referring;0.0115388988889343
to;0.010094718511972259
the;0.009536566382575957
fact;0.009780081352511051
that;0.009620947392499753
all;0.010472213345897464
the;0.009600224930421496
points;0.011495010895565497
within;0.010176392153119886
the;0.009190173825125604
space;0.009390847005621015
are;0.009540618327449759
connected;0.009872814118207276
to;0.008971466048967027
each;0.008820300737228932
other.;0.00901211870389615
