text;attention
Knitting;0.21994108927563386
uses;0.010644979973012727
a;0.16864415141079395
pair;0.006591198691676549
of;0.04490222827285781
long;0.00419315483626073
needles;0.009414267111089732
to;0.018853725813422005
form;0.00406911935499822
the;0.1258249019540538
loops,;0.22535162917909082
moving;0.003929335489456153
a;0.008629511672378345
set;0.0034828451715681013
of;0.007150664147744402
loops;0.0037139051115260206
from;0.005081608419506599
one;0.0035602976764548167
needle;0.005299794090356963
to;0.00545646757777299
"another;";0.008470452559080181
the;0.014891619199548345
stitches;0.0061427499035101064
are;0.0035851018280633794
held;0.0030240589153467763
on;0.003558687152607609
the;0.008354032823932605
needle.;0.023811417556935967
Crochet;0.004879301011043343
uses;0.0031523142572780966
a;0.0037740982945945753
single;0.002762164439842153
hook;0.002773682619876311
to;0.003299773334153553
hook;0.002709674925851016
the;0.004108496074845143
loops;0.0025976991528970064
together;0.002628328272325935
directly;0.002617282811352242
on;0.002667544587943983
the;0.0028825160205264147
piece.;0.0025741290287905976
