text;attention
The;0.016205476253344613
United;0.008144451951749078
States;0.010544673978242314
public;0.009640742232026685
school;0.034081009467151424
system;0.012626075168260488
involves,;0.02548515873639001
in;0.007324628333489438
order,;0.019103641972387477
kindergarten;0.0948730386609348
(for;0.015610467893112791
five;0.008582191430390022
years;0.00933680392578889
old;0.012198323477226781
children),;0.019974277075833994
followed;0.01149909032371991
by;0.009897875200186665
grades;0.015461747692428654
1-6;0.06429260097526386
(elementary;0.03125298883219098
school),;0.01778041020859451
grades;0.009481044834775142
7-8;0.02038433165286287
(middle;0.010890114117332962
school),;0.011846208001271176
grades;0.007940976178760661
9-;0.016844590811420933
12;0.020181238815526418
(high;0.01242287122754813
school),;0.013232856697369563
undergraduate;0.038238348055106224
studies;0.01567812147421326
(also;0.011970858898646892
known;0.008197789836460022
as;0.007786106984768276
going;0.008654772407581815
to;0.007833421826082564
college;0.01170707722591025
or;0.007630162986675157
university),;0.017311262762613033
and;0.009270649995382376
sometimes;0.009893715976060183
people;0.008767334719714826
can;0.007754267017337229
then;0.008461620967695696
go;0.007672527261345032
to;0.007631861487029911
graduate;0.01239021528894652
school;0.00995842339814361
for;0.007866858018696798
a;0.007715010178438125
Master's;0.02018762990928988
or;0.007521753533630085
other,;0.008538162632164687
higher;0.007117202448781354
degrees;0.007015326560479503
after;0.0070692928036176625
that.;0.008975321902817994
Before;0.010703102795971165
kindergarten,;0.035342530035783054
it;0.007805408045284405
is;0.007788048855641239
not;0.007160651468067737
uncommon;0.00900148352130541
to;0.007536784721866248
send;0.008371357564825556
the;0.006775643509892549
child;0.007299111016732
to;0.007445867883915979
pre-school.;0.008815007897504447
