text;attention
I;0.020727480693769118
would;0.01743330537091234
recommend;0.018229130720618655
you;0.0163105584926539
The;0.01887856119356557
Witcher;0.024004351731446
books;0.019469992026897528
series;0.017777184655372157
from;0.01598016860675
Andrzej;0.021068085379834605
Sapkowski,;0.0511362305489048
which;0.01870471207074867
has;0.016666762490925885
medieval;0.0189160404768104
like;0.020469115478832258
fantasy;0.017067040175140106
world,;0.030124710527522403
in;0.016159643403167844
a;0.015837902061968175
post-apocalyptic;0.056636271243590636
world;0.018076544576198984
that;0.01636956333616896
occurred;0.01852233452561858
after;0.01798079217318217
a;0.015811532045126926
fictional;0.019073692272316808
event;0.01757172578434968
of;0.01657757314686375
clash;0.016862584382770156
of;0.01484803646599844
spheres,;0.026307418832676344
that;0.015218930727500348
resulted;0.016515291404903217
monsters;0.020088407695398006
from;0.015200773335640105
other;0.01578220554467483
realms;0.017665839175902743
to;0.01465072229550956
come;0.01514493494846275
to;0.014847516973078194
the;0.014153206919945989
main;0.014033854868892618
world,;0.017742540835815317
the;0.013970657328448379
characterisations;0.02596771633813436
are;0.01500083158709814
particularly;0.014354823870165996
strong;0.015374447447782132
and;0.014791232275399878
it;0.014555906323496938
has;0.014043288965295901
detailed;0.01557680140697893
lore.;0.015721024840774186
