text;attention
I'm;0.9558023759697409
sorry,;0.0011582376358832585
but;0.0008741683472845409
the;0.0007411498913919981
equation;0.0018280429947620692
you;0.000740253793763813
provided;0.0011395088231281796
is;0.0008026012124252573
incomplete.;0.0043457337221752945
It;0.0008035982168572361
appears;0.0007612663177920607
to;0.0006100274054513093
be;0.000605522226917985
missing;0.000996027057366019
some;0.0007140331934146694
information.;0.002368111806467021
In;0.0007328846140793847
its;0.0006786895369293657
current;0.000718992131623414
form,;0.0013515425542745625
it;0.0006717417320870459
is;0.0005937499791684774
not;0.0006298500405308832
possible;0.0007571660835991657
to;0.0006527333696602845
solve;0.0009483313303300503
it.;0.0011062338155559041
Please;0.0010139589796211964
provide;0.0008244634480156235
the;0.0006716927662636712
complete;0.000816668791313318
equation,;0.0012510684795475466
including;0.0010036145841511258
all;0.0008637693113265588
variables,;0.0011279770530489056
constants,;0.00077886849320407
and;0.0006255745260477915
operators,;0.0007761159116011109
and;0.0006363174721431973
I'll;0.0017117552828183234
do;0.0006151545228054446
my;0.0005777960315789271
best;0.0006704203874392708
to;0.0006117597916818078
help;0.0006165026692226712
you;0.0005600783687285767
solve;0.0005872908411660003
it.;0.0005265784856144749
