text;attention
SELECT;0.0259420691597671
*;0.015138080148582886
FROM;0.015241813605599874
runs;0.024935898845271733
ORDER;0.0190878894493634
BY;0.019679244453097874
distance;0.026147268322979155
DESC;0.04228059660722045
LIMIT;0.02785998648912928
"5;";0.07704338292091138
This;0.025612734961967996
query;0.022165406488796866
works;0.014251538036167258
by;0.018528662661329846
sorting;0.03499480126743272
the;0.014733640440090177
rows;0.018945131543887474
by;0.016215939208370722
distance;0.014963586814628827
in;0.01311380016721321
descending;0.01909911984053226
order;0.015724506588119445
and;0.015984583960123137
returning;0.015769541321020934
the;0.014880157878352937
first;0.01512390218668224
5;0.021856257625659164
results.;0.03538232800665574
Because;0.015696115656436527
of;0.011910107150630846
how;0.011641950804549366
the;0.011297118223361114
rows;0.012293923642033982
have;0.010658553678248462
been;0.010453552002153851
sorted,;0.017831042971768248
the;0.014963593503874896
first;0.011959328176422269
5;0.01277938940085298
running;0.013388367877488663
results;0.012784867181149767
will;0.011225334526235331
be;0.01030574647322075
the;0.010560367542026279
longest.;0.013801640078595639
Is;0.015531734266047875
there;0.01351961715577284
anything;0.011013426088657305
else;0.011386786440695611
you;0.013536983503335319
would;0.010439813939831262
like;0.012451448700389414
me;0.011302487530571574
to;0.012554635075789349
help;0.0114376166628479
you;0.010638201943207831
with?;0.011934380804850618
