text;attention
I'm;0.06539707650330569
sorry,;0.049220817727251336
but;0.04141266241572372
to;0.04203520349835248
find;0.03930397699313164
out;0.040051569858466855
the;0.03609482227902181
time;0.043303468214112094
till;0.04635855526128547
the;0.037014673662407536
next;0.043647847261802285
bus,;0.05443434660085186
I;0.03849516251645012
also;0.03685713445764359
need;0.03799334571808925
your;0.04029444603056194
location;0.04810474070592176
and;0.040043340029852985
the;0.036769880729784016
bus;0.03961890069246775
you;0.037085763950659864
are;0.034554143496963924
waiting;0.03532728031335413
for.;0.036580841082537875
