text;attention
The;0.10932365025635782
first;0.10752578339918636
president;0.1193356596428618
of;0.10078968222912915
the;0.09508121427465956
United;0.09290792545352695
States;0.09285875361347705
was;0.0952734271474216
George;0.09539239996260743
Washington.;0.0915115040207723
