text;attention
saying;0.2162262807215144
a;0.20089645937357375
spell;0.20362531495696495
in;0.19014410269103962
Latin;0.1891078422569072
