text;attention
Yes,;0.01321294898311768
you;0.010782258552370631
can;0.010477464308017952
simplify;0.014847480849475174
the;0.009812903805632883
Python;0.01180552122732152
condition;0.01218076928607219
by;0.010868547584189866
using;0.01126635661639854
the;0.010439158714490575
in;0.011371883004326493
operator;0.010834913468571001
to;0.01006697900649042
check;0.010553474196738091
if;0.010878682203890142
the;0.010402849997157779
value;0.013002509072359836
of;0.009903725470900524
a[1];0.016926184894562667
is;0.01036073594150086
either;0.010714933558798783
"""3""";0.014110970690838668
or;0.010177790551965568
"""4"",";0.011939065655784077
Here's;0.2564611817160763
the;0.009724024917558085
simplified;0.012190184818655721
code:;0.010898910698706618
css;0.010559700816684505
elif;0.014858833713569353
a[1];0.013895189395006785
in;0.010548337794904857
"[""3"",";0.014311288398992166
"""4""]:";0.012200166413934432
This;0.010678656164904536
code;0.010452855183346927
checks;0.010476947230191986
if;0.010507504790214705
the;0.00997881794599953
value;0.011837574509490429
of;0.009625396115686899
a[1];0.012181791852093359
is;0.010044746656371048
in;0.009693834556499893
the;0.009738709544185221
list;0.010838379284043487
"[""3"",";0.012866744550928923
"""4""].";0.011023615411328134
If;0.010414064286474444
a[1];0.011804334909597132
is;0.010473840460836166
"""3""";0.011796236077406083
or;0.009904511497244502
"""4"",";0.010656571366674694
the;0.010016037611458558
condition;0.010728275638409746
is;0.009965963435977
True;0.010671057339205906
and;0.00978709777367816
the;0.00986925927821306
code;0.010321863614613925
inside;0.009984487697966884
the;0.009692242060557327
elif;0.010336837960984908
block;0.009840119887046283
will;0.009574603885784943
be;0.00958779713887957
executed.;0.012043297958645111
