text;attention
Here;0.08783670275103657
are;0.005449617979021966
some;0.004249276063303143
synonyms;0.4190392281913864
for;0.0076351901877619935
"""problem"":";0.08709905537307483
Issue;0.007558895349699729
Difficulty;0.1359137131871865
Challenge;0.00883181706244254
Obstacle;0.038959643392394536
Dilemma;0.0934688187971655
Predicament;0.02206881223715159
Complication;0.011496613337750273
Trouble;0.009676903545855008
Hurdle;0.015060509066990595
Snag;0.008073438149194602
Barrier;0.007360550852760866
Setback;0.007541985728995709
Crisis;0.006520625864105084
Conundrum;0.009061696089149886
Quandary;0.007096906793572442
