text;attention
Hmm.;0.1656078762237931
I;0.020158252067699056
don’t;0.030198731214296354
think;0.019144729697320093
there’s;0.024501448864696924
a;0.015492839183806818
way;0.020280416988702945
of;0.016768823085209807
calculating;0.029170961338105966
that.;0.07667230090477212
Some;0.020325524757268894
people;0.01787811879969965
estimate;0.025937148237630936
a;0.017483808987056232
couple;0.015753793477099945
of;0.015957635858798728
trillion;0.03018175987973065
dollars,;0.041576006486190545
but;0.023214519421924148
it's;0.038644825755095605
a;0.015406514058858163
complex;0.01904040896400012
issue;0.01962145461932962
for;0.015311257678523248
which;0.017337296700294713
I;0.01632871509140489
have;0.01415667700492977
no;0.014904769353044174
clear;0.014556352654528351
answer.;0.02133828671542697
Remember,;0.018951717436186007
not;0.01502880036174091
all;0.016016531719319285
land;0.02351362508748782
in;0.016781098934469132
the;0.01465175740591237
world;0.016401711250718386
can;0.015169715532216002
be;0.014324388773693478
bought.;0.016209399429018174
