text;attention
sudo;0.08488534550309992
dd;0.0967078148537086
if=/dev/sda1;0.2715322386951627
bs=4096;0.12382748151543971
|;0.07179758553046436
gzip;0.11974570143066306
>;0.08285947544927985
/path/to/backup.img.gz;0.14864435702218182
