text;attention
The;0.14070311777682745
world's;0.6197965095937121
population;0.013439845957785001
likely;0.01138205868041425
has;0.016011289067171208
already;0.009279428497243699
exceeded;0.016864266750013124
8;0.06014770136526078
billion,;0.04514506001863039
and;0.012733699548957285
did;0.007338024882738072
so;0.006756416945189585
in;0.008864698066714615
November;0.007142759677685436
2022.;0.024395123171656943
