text;attention
First;0.5126182602886846
I;0.015213040712422273
would;0.014929382567320215
recommend;0.01936468884711557
you;0.01605819987824454
notify;0.018795651833485714
said;0.018926658594880057
online;0.015119320518450817
virtual;0.014651168657745035
assistant;0.017803116021498117
training;0.018719000789375388
crowdsourcing;0.02109221788486075
platform;0.015504146005618039
of;0.016371663808178265
the;0.013157830968874174
mistake.;0.03585580191279172
Secondly;0.015862373839331742
I;0.012998367564138632
recommend;0.013301437193606144
you;0.01343213660008416
make;0.01256695108622914
the;0.01244492517495603
choice;0.014123529458234705
based;0.017005851067590606
on;0.013563113626870552
the;0.01268681172504081
other;0.01278178759916497
factors;0.01402057552057559
in;0.012926646744459019
the;0.012360994123502821
agreement;0.013244646548186646
primarily.;0.012499702838483114
