text;attention
Polish;7.372263061370063e-10
phone;5.524822317249101e-10
numbers;8.972758338693685e-10
follow;6.402966554172398e-10
this;6.41049017118344e-10
format:;1.8491199766668574e-09
°°’;7.032845162543135e-08
+48;1.0499149591512856e-08
xx;3.8038552379772705e-09
xxx;1.7884383338271044e-09
xx;1.179889106032043e-09
xx;1.3875731633418198e-09
**”;1.3766221539738589e-08
But;1.1541979179333863e-09
it's;5.535268693852146e-09
possible;5.458214495038787e-10
to;5.543516084537815e-10
deviate;5.897063852869878e-10
into;5.914575670881839e-10
some;4.524490144754303e-10
derivative;4.690160164965748e-10
forms:;1.7460788436769744e-09
**~;4.948678644365186e-09
(48);7.1136976279894e-09
xx;1.0623545631359672e-09
xxx;7.120638426508381e-10
xx;5.701405612968095e-10
xx;7.704064127625198e-10
(+48);3.0374354122618384e-09
Xx;1.4172289858694833e-09
XXX;6.276234432725429e-10
XX;6.261729687894358e-10
Xx;1.1795079256503434e-09
0048;5.539163375492014e-09
XX;7.312425174397263e-10
XxX;1.374941336067031e-09
Xx;5.54901971797797e-10
XX;5.835460368792298e-10
+48;1.1077118923989692e-09
XXXXXXXXX;1.2073949104891382e-09
+48XXXXXXXXx;1.9108578550963184e-09
”*;1.3911011562587095e-09
We;5.34156320440877e-10
can;4.377485379564837e-10
divide;5.173163489712421e-10
the;5.865548672413784e-10
regex;6.718815585576749e-10
into;4.849410421493922e-10
two;5.099824524092096e-10
parts:;1.0625558805142544e-09
The;6.908121746456041e-10
first;5.367957595563139e-10
will;5.444019103004731e-10
capture;5.13762698399835e-10
the;6.748894532698414e-10
+48,;1.984465713885137e-09
and;4.4000649170336055e-10
the;4.2262883144704203e-10
second;4.34807033992606e-10
will;4.24956624387316e-10
capture;4.182636052178484e-10
the;4.694139225364522e-10
following;4.248919443838426e-10
nine;5.324327921977644e-10
digits.;1.0649337087836253e-09
1.;4.8674445972057336e-09
*;8.976654799323494e-10
(2:(2:00|\+)248]\((2:00|\+)248\})°;0.8431879236950766
2.;2.270952447935689e-09
*\s*\d{2}\s*\d{3}\s*\d{2}\s*\d{2}>;0.000928165706141393
Combining;5.231839722205854e-10
the;4.234641714669053e-10
two;4.176847532790576e-10
parts;3.9776459857373677e-10
gives;4.364420311270462e-10
us;4.20659275988518e-10
the;4.0211970189655016e-10
final;4.011058030768543e-10
regex.;7.18467598820117e-10
°**;8.436757008025232e-10
(2:\s|*)((?:(?:00|\+)248|\((?:00]\+)?48\))\s*\d{2}\s*\d{3}\s*\d{2}\s*\d{2})\b;0.15588372656086352
*”;4.5914109225127107e-10
