text;attention
I'm;0.9999999998639664
sorry,;1.0328321077963951e-12
but;9.023692607493742e-13
I;7.887117530159815e-13
"don'tunderstandwhatyoumeanby""Melenia'swaterfowldance.""Can";1.2692022172212129e-10
you;9.345341419300248e-13
provide;8.859881569551284e-13
more;7.969480759910991e-13
context;7.868818180181855e-13
or;7.372982934015876e-13
clarify;7.769893767294333e-13
your;7.295999361179359e-13
question?;7.414665068944427e-13
