text;attention
There;0.04958001870347991
are;0.0318225863508826
many;0.03536724325455564
types;0.033338779015987634
of;0.03346501040095175
machinery;0.06503567483963844
that;0.0393516599245308
is;0.03276515697440836
useful;0.035324283025615244
for;0.03480367330747271
confectionary;0.08611633735901325
businesses.;0.14626371402756788
Can;0.03639951765302858
you;0.03233871337760334
tell;0.030199577670306878
me;0.03155374631678067
what;0.03200895548716936
types;0.028877305226521006
of;0.028686963625522092
confectionary;0.03927577808937237
products;0.029407915659186986
this;0.0280836615541615
business;0.029498981872478566
produces?;0.030434746283764445
