text;attention
If;0.14852843239259264
your;0.023122048470230396
vision;0.019499893995347378
has;0.016443600068051928
deteriorated;0.04127171868206453
in;0.014231162190969827
such;0.014343477046614452
a;0.013418890411530701
way;0.016044760275511983
that;0.01626758715639106
you;0.01494537769807227
cannot;0.01572961142298354
effortlessly;0.02044700740616486
see;0.01816115572114355
objects;0.017263444513507756
and;0.013941909024460518
scenery;0.016833978624988963
that;0.013846522265288241
you;0.012908322367745455
used;0.026293345705095558
to;0.014700079003153706
be;0.013022806345977796
able;0.013354184951081802
to;0.0130583767377244
see;0.014338626735757282
well,;0.018736071712170767
you;0.013978072253441273
should;0.013639933640795803
visit;0.014074486358473604
an;0.013956139617661685
optometrist.;0.03181837096863465
One;0.015348735768993791
common;0.013633076563417371
trait;0.014695747086284915
shared;0.014191856171334208
amongst;0.014163010077571037
people;0.013732826138118583
who;0.01324422005986705
are;0.012849244538006831
in;0.013049986449196466
need;0.013756316516495655
of;0.01363963222311591
glasses,;0.01810297553688169
is;0.014160145638423488
squinting;0.017025213503490223
the;0.012873360600150196
eyes;0.013292930301039334
to;0.013404100746342247
try;0.0130153294703792
and;0.012780356728216018
see;0.01308504373171201
objects;0.012765084567566828
sharp;0.013066919622310809
and;0.012943277538927734
well.;0.012961216658530011
