text;attention
Tam;1.7785572415964416e-06
a;1.9150400046645246e-06
chat-based;0.9999252638018471
assistant;3.197307955270004e-06
that;1.839313924868919e-06
understands;1.671379306264983e-06
tasks,;8.508680676173346e-06
can;1.7615842922251206e-06
interact;1.787741379538174e-06
with;1.7444413398655913e-06
third-party;4.932090626115996e-06
systems,;1.3409197476105551e-05
and;2.1112395833842314e-06
retrieve;1.7384790725107552e-06
information;1.8902195625549897e-06
dynamically;2.073194686917568e-05
to;1.6720650452965602e-06
do;1.720799544365672e-06
so.;2.326114252905353e-06
