text;attention
*Accessing;0.029834335727979375
your;0.009250132523952721
personal;0.007288791110900431
data;0.01872876835841063
via;0.010824300903304223
stored;0.007651710581163676
database;0.010460352807999116
Here;0.02130256339213464
are;0.007875641390765353
your;0.0117350598753859
schedule:;0.06469084111168968
9:00;0.036937284861262416
AM;0.01194351059036807
-;0.009340491921057025
Wake;0.008413304393798452
up;0.011404253931870927
and;0.009372358090512463
have;0.006758611312038965
breakfast;0.01260165496323082
10:00;0.055994781215821895
AM;0.0077751370007862
-;0.008190194541099923
Attend;0.008810992597741119
lecture;0.014986701287128312
for;0.009118520370295176
History;0.009986904943271644
101;0.020233618635990585
12:00;0.05122579066633165
PM;0.0073522822536140325
-;0.007261660843984733
Lunch;0.011006197168892902
break;0.008752445459752654
1:00;0.023412733988212427
PM;0.006698059087716783
-;0.006780454224552934
Study;0.011901367979772828
for;0.00795772285631707
upcoming;0.00778711742399107
Calculus;0.010144945850260977
exam;0.008686845794086913
3:00;0.03789059292986029
PM;0.007783136049134605
-;0.007294850019526319
Attend;0.008210071912580408
a;0.006794772573534566
club;0.012005074813218782
meeting;0.008700760256951793
for;0.0074466346536806016
the;0.006117907381205606
Student;0.007040231795175471
Government;0.007283647784776622
Association;0.006274748813245331
5:00;0.025530350315030127
PM;0.008023061216106457
-;0.007220157792676121
Participate;0.008636700375925918
in;0.006603248966169363
a;0.006012500007668719
group;0.006546416663131935
study;0.007969741160930802
session;0.006809931395449441
for;0.006368370884528033
Economics;0.007194093809788908
7:00;0.012077094908001091
PM;0.007727987076324992
-;0.006839975379637274
Dinner;0.009589156650346877
8:00;0.013723237167379996
PM;0.006629434155757316
-;0.006583700779804174
Work;0.007282999860782657
on;0.007211466845268469
a;0.005971394634085583
paper;0.0073795041094408586
for;0.006589929454099323
English;0.006699126828167872
Literature;0.005986047641437171
class;0.006082907490133212
10:00;0.010462282829874452
PM;0.006952534491153393
-;0.006102587034813526
Relax;0.006514118263663416
and;0.006019586211611682
unwind;0.005949509721118654
before;0.005777290309848879
bed;0.005612684549506111
