text;attention
Sure!;0.19987563836504366
How;0.10921060674035818
about;0.12567996817198687
the;0.10574903937374122
number;0.10202800565228963
47?;0.15084289443062848
Good;0.10341031328140407
luck!;0.10320353398454782
