text;attention
import;0.5491645095154368
bert;0.45083549048456323
