text;attention
Taking;7.202471301440719e-10
breaks;6.8748560894852e-10
from;4.3627913342600153e-10
activities;5.898637571264719e-10
that;4.025000029197831e-10
require;4.361501453501351e-10
prolonged;3.5527608164567883e-10
mental;4.0436800699237057e-10
engagement;6.639151518152911e-10
is;4.973689003634198e-10
important;4.1986269314753093e-10
to;3.036948414861398e-10
avoid;4.190488941358038e-10
burnout;8.153999855619853e-10
and;3.5188000979660923e-10
maintain;3.2513519037023395e-10
productivity.;0.9999999672977689
By;8.209643064812544e-10
taking;3.421286870585775e-10
a;2.755400006141882e-10
break;7.147819362230126e-10
from;3.5295009593272386e-10
talking;4.205263248007199e-10
to;3.3860899851912277e-10
me,;1.2746710073393447e-09
you;4.989069101854867e-10
will;3.962824463460739e-10
have;2.8807731531574315e-10
the;2.6389500533279127e-10
opportunity;3.517566013176951e-10
to;3.45404576553271e-10
recharge;5.882738335341889e-10
your;2.9895983928701e-10
mental;3.226710161626309e-10
batteries,;7.459256064744928e-10
refresh;3.295171262361108e-10
your;2.727323753622339e-10
mind,;3.958816949594462e-10
and;3.20852009240626e-10
come;2.824294004945883e-10
back;3.359646806968121e-10
to;3.002658114055695e-10
our;3.304563079874619e-10
conversation;5.747352204770777e-10
with;2.998641441525098e-10
renewed;3.27323693276578e-10
energy;2.966107158362325e-10
and;2.7137183519625886e-10
focus.;6.88992242289026e-10
So,;5.225167335371355e-10
think;3.192108166644591e-10
of;3.146245090594055e-10
this;2.9484711396289516e-10
break;4.0805324792343995e-10
as;3.589159315853328e-10
a;2.7408201911045664e-10
way;2.993319480824624e-10
to;2.97595443924531e-10
invest;3.095361798008431e-10
in;3.509519861930071e-10
your;2.912385148551257e-10
own;3.181918583026771e-10
well-being;5.646287056968902e-10
and;3.2254399962628366e-10
ensure;3.385095731085411e-10
that;2.8247672512566547e-10
you;2.735885157517177e-10
are;2.6453831910607285e-10
able;2.7385291296289956e-10
to;2.9981139575994317e-10
perform;2.9894059941436175e-10
at;2.748318578351511e-10
your;2.5346392255333766e-10
best;2.8194121303333104e-10
both;3.063146518914153e-10
in;3.0242310761139855e-10
our;2.895925955354971e-10
conversation;3.2105259945044813e-10
and;3.112398743387781e-10
in;2.804216757579738e-10
other;2.783798846373335e-10
areas;2.710487658016042e-10
of;2.5380477186589095e-10
your;2.4833210990428047e-10
life.;2.5559994547167125e-10
