text;attention
First;0.014206624298559819
of;0.012537387410266818
all,;0.017377350307101476
a;0.012921318003802511
major;0.01319067724689352
difference;0.014717523957012766
is;0.014220938077814077
that;0.016214649496565873
Open;0.014558732615954908
Assistant;0.02242948036518654
is,;0.022393121421034865
as;0.013787688625779337
the;0.012496294686086831
name;0.013807331954945238
implies,;0.016524045336408125
open;0.01445330618935359
source.;0.0246974636127809
ChatGPT;0.0592333417206461
is;0.017183713242434857
closed;0.014153465934971361
source;0.016193120254489917
and;0.014559508421293563
might;0.01439233696605198
have;0.013209716750334728
more;0.012879717635030647
restrictions.;0.020861045784912186
Open;0.01345389469102274
Assistant;0.016120052058623505
has;0.015155620270167881
less;0.013360838951734334
rules;0.014740859943569612
and;0.013297809524927273
restrictions;0.014187187686905122
than;0.014210421347587389
ChatGPT,;0.019801381818883957
and;0.013673527910732996
can;0.012998161878985007
be;0.01248325013587261
implemented;0.01434860792477246
into;0.013982073351026825
a;0.012411629092762283
multitude;0.01284284063359869
of;0.012720548547887107
applications.;0.016777754341861777
Some;0.012944672749977636
examples;0.013474231966407842
of;0.013175432303218005
similar;0.013602935864746937
chatbots;0.01949391367012284
are;0.01592021958761557
ChatGPT,;0.018668845135101343
Bing;0.01446526018487395
Chat,;0.01619710587386296
YouChat,;0.016132770715670847
Replit;0.0150421574607579
Ghostwriter,;0.015904836388138305
Character.ai,;0.016313228120940344
and;0.013228076374091926
Jasper,;0.013343746894164746
but;0.013307315536854165
there;0.012365545718915953
are;0.012202154573865762
many;0.012124276973960804
more.;0.012326913480077986
