text;attention
There;0.061318446162025524
are;0.05919551805132733
many;0.06608204393985824
good;0.0602511097804207
alternatives;0.0673710742159231
to;0.06069458193501924
GMail,;0.10772901806292337
such;0.06047235057675121
as;0.06432959315607979
AOL,;0.11265074786562679
Yahoo,;0.08324727974297581
Outlook,;0.07504583586068105
and;0.055986434221449936
Protomail.;0.06562596642893788
