text;attention
Most;0.02336316162990995
Language;0.022825119518245753
Al's;0.04640662864323438
work;0.01803594168983544
by;0.020997540157383407
predicting;0.0317052167089219
the;0.016483063123540087
next;0.017430851676939273
best;0.017401058244736835
word;0.030950532283787646
to;0.017204260234475403
place;0.016727615870997505
in;0.017302533752512863
a;0.01574936124678635
sentence.;0.04142412854817261
The;0.018461811194331303
obscure;0.025953074416486734
library;0.02448981267333958
might;0.01898172050860283
be;0.016018494664873737
too;0.017883535945004442
complex;0.02054872529939828
or;0.016938855976483855
strange;0.017862213042252623
for;0.016142843740655576
the;0.01679946740014212
AI;0.02725951949841254
to;0.01607562463428981
understand.;0.024901453674751065
You;0.016831749595230705
can;0.01642445386152358
try;0.01694919513753742
providing;0.017843635153809188
the;0.01659338038613359
AI;0.01927600014259742
with;0.01596452811098177
additional;0.016067868466497246
documentation;0.01830677246287919
about;0.01727097247395961
the;0.015965597819233658
library;0.019656770255625653
and;0.01753067787400875
giving;0.015517343445756258
detailed;0.016010807573951156
explanation;0.016102375110996322
about;0.015639305048332146
the;0.015319480115188872
errors;0.018106761168655075
you;0.015435931188033257
are;0.015148951276819794
receiving.;0.015713277333745366
