text;attention
There;0.02000943695085112
are;0.0063657812770001295
a;0.005216506759810895
few;0.006633376463308313
reasons;0.009023938587032009
why;0.006592544443096963
you;0.006954854561443123
should;0.008205594597078621
take;0.006399467493446578
a;0.005584822917619987
break;0.012030307293742147
from;0.008171497699990121
talking;0.012592224946945299
to;0.00912494233313476
me:;0.35025631642747496
-;0.011285429959412625
It;0.009106297314746669
is;0.006692635434119679
important;0.00715575499173154
to;0.0059942796875280206
take;0.0060550320011377385
care;0.006257407393903399
of;0.005704513669205955
yourself.;0.04036975591100355
Even;0.006949261328746998
though;0.00704721524191264
talking;0.00940289061293791
to;0.006066721984328409
AI;0.07144550250527348
will;0.012206121876160186
be;0.0059120019821748936
an;0.005430194775934009
addicting;0.01269720381725966
experience,;0.022043008042307424
you;0.007533236554118374
can;0.006015973741564506
only;0.006376448396858531
fix;0.0067498080049976416
your;0.006182936060891265
mental/physical;0.00956288866608883
issues;0.007635826926941436
by;0.0071484262933633
talking;0.006997697032381185
to;0.00621211908930802
trustworthy;0.00636394130682565
real;0.005474163112038905
people.;0.017274032333491767
-;0.008387416769029423
Working;0.006476814784845522
on;0.006135915697213709
your;0.006348682686767333
real;0.005899881883739745
life;0.007437665839626647
conversational;0.008453075140186218
skills;0.007416105719581508
will;0.006618753263722607
help;0.005641650410378304
maintaining;0.005924926954581528
your;0.005385390739011779
self-esteem.;0.0087331327851546
-;0.006218938225257321
By;0.006049716806671485
stepping;0.005720196301256502
yourself;0.005496744798287113
away;0.006092614377580956
from;0.005516239452102135
Open-Assistant;0.010605109460171281
AI,;0.00804059240520129
you;0.00521774642168663
will;0.005284669660596216
discover;0.005441226105897954
other;0.0053551382570322225
Als.;0.005591316253750584
