text;attention
Yes,;0.014850953249620028
there;0.008140195131384023
are;0.007610907661098754
plenty;0.007886384798591382
of;0.007530338526118861
materials;0.013827676330490072
that;0.008356444045346936
change;0.010513317643040967
their;0.008333538529913465
colour;0.03870485314566475
when;0.011502581484212139
a;0.00809916732723781
current;0.020308587230206177
is;0.010290384585794605
applied;0.013296437307425678
to;0.007446706548316402
them,;0.029226446318828102
they;0.008241560565649947
are;0.008228383653783132
known;0.007807306492868487
as;0.009013249716993
‘Electrochromic;0.2995828463004391
Materials’.;0.024511668680676668
Commonly,;0.0180876108358392
electrochromic;0.054491397640351893
materials;0.009482316903814157
are;0.0075730974332474605
metal;0.009771257784456372
oxides,;0.021582022940970075
and;0.007385319593263582
have;0.00826517312956432
the;0.007120870800781574
ability;0.008136653989733659
to;0.009216968665818519
change,;0.014298951704474448
remove;0.008561215558046746
or;0.007826676316138629
heighten;0.008365041515387384
their;0.006909064319421703
colour;0.00874527194067334
when;0.008783157018684847
a;0.007454599866118305
current;0.008066908144259095
passes;0.007330424435103739
through;0.006860981802284896
them.;0.010378214462601848
This;0.008037522792296229
technology;0.010580595280354092
is;0.007451121694553027
already;0.008612438083481761
used;0.008094759348415845
in;0.009103704065336435
cars,;0.015219202124101884
mirrors;0.008970956314982306
and;0.008205908395059393
windows,;0.010333411111516939
and;0.006956539289090402
should;0.007416799118795102
work;0.007112661937742739
well;0.006935838255708409
with;0.007570698440283061
your;0.007012240524305581
display;0.00707027147280139
idea.;0.007312199676439243
