text;attention
Although;0.01666196273028706
there;0.012758064962801473
are;0.025692341749668175
many;0.013071915066475384
different;0.0113155850983167
formatting;0.01725089662465813
styles;0.01146359486338098
to;0.031702760568488336
choose;0.01211698542759348
from,;0.15117573344286808
preference;0.01131578305447798
is;0.02082392243928574
typically;0.011922593548032545
the;0.025848322198507457
confounding;0.015002871421588303
factor;0.011067897485479022
for;0.027498042986350266
what;0.011830038589650541
any;0.011456887665609665
one;0.010583248170676083
person;0.010881870013837773
or;0.022301328147432076
team;0.010312684869685887
chooses.;0.041307917785492844
The;0.01887125606093214
most;0.010590229131370183
commonly;0.011995822119550267
used;0.010581128858789614
formatting;0.012716276276161755
style;0.01038452865969203
for;0.020785396442195427
C++;0.022594159115042468
programming;0.011100848882505598
is;0.014841636098438995
ANSI;0.011183568891213807
or;0.017210325069971978
Allman.;0.032819885969293645
Teams;0.010448081104677261
at;0.015287713083263767
Google;0.010667998914030762
have;0.011273100130920158
their;0.013491847570058542
own;0.009402225169794963
formatting;0.010845484611571374
guidelines,;0.020977678372555996
and;0.01646836718292946
there;0.010024902646289165
are;0.012245743302609382
many;0.009620499881407561
public;0.009745453078983163
Style;0.009369216166136073
Guides;0.00969517004164188
out;0.010029663855997534
there;0.009661621628971372
that;0.011572968939333734
you;0.010258564007080567
can;0.009332225552135927
try;0.009149995900041102
out.;0.009393168373768357
