text;attention
"""WHAT";0.05458407444862212
DO;0.01870673260053154
WE;0.03763211142276546
"WANT?!""";0.07102112760055881
"""TO";0.0424089139026579
KNOW;0.03567790796114998
WHAT;0.023712771984624736
WE;0.02090807392848402
ARE;0.02366328573961015
PROTESTING;0.03950654753399883
"ABOUT!""";0.062225235362375016
"""WHEN";0.03872711255566343
DO;0.02041274677414044
WE;0.02034313075610451
WANT;0.0258429376732067
"IT?!""";0.03434869376522976
"""HOPEFULLY";0.04460341551966718
SOMETIMES;0.03179717931524344
IN;0.02001687139846549
THE;0.018131234360801506
NEAR;0.01999388785346797
FUTURE!;0.03011502906553586
WE;0.021754213567003456
THINK;0.02556432884869145
ALL;0.018970329595796108
OF;0.017244660792340695
US;0.02197398383719201
COLLECTIVELY;0.02483972014574431
LEFT;0.018454890624474377
THE;0.019963459461100747
STOVE;0.02130491718573013
ON;0.02001414863458948
AT;0.018891005740445898
OUR;0.01876206152290477
"HOUSE!""";0.017883258521081698
