text;attention
"""WHAT";0.03712222633472211
DO;0.022460236794067185
WE;0.025231638989894292
"WANT?!""";0.05772051926708624
"""TO";0.031573407401506166
KNOW;0.036324529906238905
WHAT;0.027394903683181607
WE;0.023195659011987405
ARE;0.026938791558329685
PROTESTING;0.05123666713847244
"ABOUT!""";0.048093913269517806
"""WHEN";0.02808373788272158
DO;0.02338539951344471
WE;0.023947757661122095
WANT;0.03055998642609344
"IT?!""";0.032779082989999514
"""HOPEFULLY";0.03545692943209828
SOMETIMES;0.032528017916392454
IN;0.022431773437030376
THE;0.021208728326175073
NEAR;0.022390180446227186
FUTURE!;0.032011018043618514
WE;0.02352422767236083
THINK;0.025501992495247025
ALL;0.022512492569044393
OF;0.021166572379312763
US;0.025463028350095413
COLLECTIVELY;0.026284840902978276
LEFT;0.023448542971132948
THE;0.024422527121358582
STOVE;0.02521153621665717
ON;0.024338136624198547
AT;0.02272652567539442
OUR;0.021382275713972148
"HOUSE!""";0.021942195878320362
