text;attention
Examples;0.017434884812663587
of;0.010710326938369931
foods;0.017864053632563437
with;0.011613124740276473
complex;0.01343843176250993
carbohydrates;0.16813722929489924
include:;0.0271392412753385
Whole;0.04237643431952461
grains;0.036864144190950875
such;0.014723344580637404
as;0.013638741251288406
brown;0.013153008832652573
rice,;0.02465822316057166
quinoa,;0.027532004496065715
barley,;0.016685859369175216
and;0.011810368003664582
whole;0.010098696811138626
wheat;0.011716643446661823
bread;0.012244089232648454
Legumes;0.056735760810969864
such;0.012646637951885501
as;0.01271901215824432
beans,;0.0211499701663984
lentils,;0.022067014039847246
and;0.010318397600839972
chickpeas;0.020777315014537202
Starchy;0.022610542741078998
vegetables;0.016096414274916128
such;0.011858894094989912
as;0.010927517170662471
potatoes,;0.01639830020306789
sweet;0.009617223276869577
potatoes,;0.011767802337594212
and;0.009471955991879883
corn;0.010667604176192972
Fruits;0.03196399873446556
such;0.012213338915223733
as;0.010905305622031966
bananas,;0.01758078742028385
apples,;0.014551051552791868
and;0.009482837033858374
pears;0.011478169638923076
Nuts;0.016308917703570312
and;0.009682079969717594
seeds;0.009996623501903015
Dairy;0.017846846020872716
products;0.010280495928073256
such;0.00956295112636448
as;0.009929355885317051
milk;0.010589626451307092
and;0.009889625900636327
yogurt;0.010068776433084061
