text;attention
Sure!;0.09669354287574804
Here;0.08160665017204626
are;0.08183926847432217
5;0.08990702176011077
suggestions:;0.08995054033422795
Pawlrack;0.10682729836660762
SafePup;0.10285594505917892
TrackMyPet;0.104207627483115
PetTrace;0.08450914340020514
PetPal;0.08158255467520653
GPS;0.08002040739923143
