text;attention
I'd;0.091696672896322
be;0.02386824296591647
glad;0.02510097057378842
to;0.0282320352168396
help!;0.10817934255423461
What;0.039434154040877016
is;0.02417683531451205
your;0.033015306687784275
project;0.047640291170059704
about?;0.13017256631358817
If;0.031236756005057063
you;0.028225183847848976
don't;0.04074039437665708
know;0.030653211392956223
yet,;0.06833673112026399
maybe;0.0277322004501594
I;0.026430484406979527
can;0.025035613393041924
help;0.026515169623996557
you;0.026116824482978362
find;0.024445587042834345
a;0.02163011089265027
topic;0.02626953548976704
to;0.022135631067622383
cover.;0.022980148673264655
