text;attention
I'd;0.050231187788633336
be;0.04013340740680994
glad;0.03990214628706097
to;0.03888848940561701
help!;0.049727755224021085
What;0.03963870092115905
is;0.0406376635120416
your;0.040846740687545686
project;0.04119061560703669
about?;0.04624877660029465
If;0.03937100332945725
you;0.03795931693326562
don't;0.04094512235600513
know;0.038864694107951826
yet,;0.039805618994418285
maybe;0.03913989073288947
I;0.03794041406332904
can;0.03711184739650806
help;0.038478039923849544
you;0.03746510026566826
find;0.0377897404699195
a;0.03653313898452108
topic;0.03799452894201992
to;0.03690453005408797
cover.;0.03625153000588894
