text;attention
Sure!;0.10406650187883415
Let;0.010401874449046012
me;0.011118396738830347
try:;0.04088966062992376
1.;0.022394970613802113
Introduction;0.016555830106149378
to;0.01264714129855564
OpenAl;0.029328360847563358
and;0.031710708280482953
its;0.012091687598854059
capabilities;0.0222843963559224
2.;0.043118907000635275
The;0.010678946083374628
role;0.009868872352615136
of;0.00970532168010525
Al;0.017497495221905836
in;0.014699955260755211
product;0.010917261073833754
development;0.01592904995460134
3.;0.03652525317412501
Case;0.010320593769271245
studies;0.012961413556289486
of;0.010287736297213655
companies;0.011584625871048143
using;0.010896591690211984
OpenAl;0.0309448806837876
for;0.01176681275800451
product;0.010153128105558587
development;0.012014256580682519
4.;0.023599777043835462
Advantages;0.014927701736257275
and;0.009363741718215454
challenges;0.010626960291897115
of;0.009043965828564598
using;0.009291827820202896
OpenAl;0.011293592031337207
for;0.009076545395956965
product;0.008575992711832708
development;0.008939278825726817
5.;0.014509477332373686
Conclusion;0.010822311491035394
and;0.00892789965672326
future;0.008783786365168657
prospects;0.00877862131798137
If;0.015686595209743418
you;0.010053923427276396
want,;0.012524991020370217
I;0.010684673705854401
can;0.010771361752656066
try;0.01008450862126671
to;0.009232637062108025
send;0.009842937724804705
you;0.009855317365863734
the;0.008893481690359412
outline;0.012912037322502911
in;0.009850298676688645
more;0.008697051958727508
detail.;0.013710035952833608
Let;0.008773415315821336
me;0.008528342462674334
know;0.009048765430606526
if;0.008678706908248204
you;0.008440594076315101
need;0.00864003244515432
any;0.008321079456285215
more;0.008305289964884537
help!;0.008541812969862545
