text;attention
In;0.08120106920687889
much;0.07751446988287625
more;0.07473121066089163
than;0.08118642601571005
you;0.0749166088669741
could;0.0720052101566232
think;0.07944268769194412
of,;0.08870408171111491
do;0.07245941023045009
you;0.07621044808682653
want;0.07723938828495083
to;0.07165574393322235
try?;0.07273324527153704
