text;attention
There;0.013714694025379512
are;0.01787387779684063
many;0.014510542800276685
important;0.013690425124028583
elements;0.01403608761032473
in;0.019490298470003924
building;0.015518125421323406
an;0.028575207939177394
AI;0.01540403822627395
chatbot.;0.2874929718774772
If;0.015923792982295973
I;0.02683251467512505
were;0.015402056063158235
to;0.02228760723966238
choose;0.013867665554991117
one,;0.054287376865071346
it;0.013003192596901943
would;0.014182980562357077
be;0.013159464874306352
the;0.04362429971935317
cultivation;0.017592435695346176
of;0.020900377324228857
a;0.030771599735165595
beneficial;0.014404536327557787
and;0.02745187908907883
ethical;0.016077417858019735
alignment.;0.19992453354627432
