text;attention
Here;0.29952028718554924
are;0.008952965432658317
10;0.011730479755807856
things;0.007492772893685129
you;0.005669885267041157
can;0.005420672995955916
do;0.006466223836720247
to;0.006471934575102416
make;0.005444916372489426
your;0.005811192211627236
wife;0.0390863759911995
happy;0.012953129891253476
on;0.006995587384302229
Valentine's;0.05189792815670504
Day:;0.05663346649456093
1.;0.016403575625861692
Make;0.007280116020214796
her;0.007336550400486483
breakfast;0.011970541955319066
in;0.006959878250293556
bed.;0.020574858796255993
2.;0.01100491549802725
Give;0.006577165118487972
her;0.006012640959416094
a;0.0055102190078468284
massage.;0.016370799729884342
3.;0.010344547665117778
Make;0.0057880588547038455
her;0.0052285030489050135
a;0.0054807109376126635
romantic;0.006496975147821448
dinner.;0.010851442978410087
4.;0.008572116611571687
Write;0.007090774072026652
her;0.005365915854030829
a;0.005627196725985001
love;0.005755929432563119
letter.;0.010972302984908769
5.;0.010856202988341173
Buy;0.008118160207998827
her;0.005830031139294209
a;0.005785565076840758
bouquet;0.009583321062411932
of;0.005493528818774545
flowers.;0.008006563843321829
6.;0.0086444265066917
Buy;0.006883202211293574
her;0.005179008824833926
a;0.0050732476318692135
special;0.005218555138982459
gift.;0.008427247544998386
7.;0.00803578679437716
Take;0.005995609401268757
her;0.005216327795686534
on;0.005496593036412081
a;0.005181558638950539
surprise;0.0063540054828808935
date.;0.010141201377448082
8.;0.008097175490080362
Spend;0.006594808707135527
the;0.004662916787635098
day;0.006783527012698465
doing;0.005222651020543697
her;0.005026132761471044
favorite;0.005160128623426828
activities.;0.007787316281914692
9.;0.007981014515270734
Take;0.005562804401501491
her;0.00502361818471571
on;0.004980890152176086
a;0.004876931593726941
romantic;0.005497687568253316
getaway.;0.00723160216093251
10.;0.0075708584450090806
Give;0.004978296208483913
her;0.004649689888886731
some;0.004687242850602751
special;0.004699434050939298
alone;0.004705581539147499
time.;0.0045759941123625055
