text;attention
Sure;0.045552064990343685
thing!;0.06307399450959417
Could;0.0449744235245059
you;0.04717161669153213
please;0.04396404605813772
provide;0.04712398824857359
me;0.04393910470576188
some;0.04336359560028127
details;0.045338361593394896
about;0.04546641451200427
your;0.04398146509415284
situation;0.04558768220610065
so;0.045524936858117974
that;0.04488983709779446
I;0.04470568546904113
may;0.04561463429827527
better;0.042588675109921086
communicate;0.04310922843444759
it;0.0415484815310216
to;0.044001796900137814
your;0.042934630151799734
professor?;0.04554533641506047
