text;attention
Sorry,;0.05043552081801093
I;0.03136729317713134
am;0.02863823430103824
not;0.029441271590223788
familiar;0.035193365223987895
with;0.03137082558652361
your;0.03308992277596885
study.;0.07207688727347845
Given;0.03439499126219712
the;0.03468617089611932
type;0.029104861606242604
of;0.02902969865243688
eating;0.04548466180669611
it;0.030886970143948797
did,;0.04660505379194989
it;0.029417196746154037
may;0.03027084811943379
have;0.03043075182111992
been;0.028674588116251894
for;0.034070038946800815
paralysis.;0.050785462470562905
Would;0.03401938447830355
you;0.030651530960469926
be;0.027412390782185086
able;0.028411455738452614
to;0.028177623678903883
give;0.02890035344255787
more;0.02769605747247596
details?;0.029276588320373824
