text;attention
I'm;0.01980302244525551
sorry,;0.018133362132038807
but;0.014541261976568418
I;0.01418058391362813
don't;0.01682169400359399
have;0.014936319714419999
access;0.017928882935149812
to;0.014826970086523067
real-time;0.017753549623411146
bus;0.021609311193438816
schedules.;0.036955896425192765
To;0.015966619294012947
find;0.015988240254675923
out;0.01489240153328434
when;0.015973142283229557
your;0.015289126782026596
next;0.015727490535111535
bus;0.017101919823280288
is;0.015191558656314538
scheduled;0.014655015696175678
to;0.013834066991884462
arrive,;0.02056471192376294
you;0.016726543826802748
can;0.016399743095603228
try;0.015524011765288195
checking;0.017413648108316124
the;0.016709074904109104
website;0.016821445347960092
or;0.014714464764807532
app;0.01570100791859852
for;0.015454706039801251
your;0.014268357693845055
local;0.014599397652756958
transportation;0.014923548632213039
authority,;0.018135596485789395
or;0.014637074371471144
look;0.01398125420178941
up;0.014805201710430255
the;0.01426257754150305
bus;0.014456477071700438
schedule;0.014820709111767897
at;0.014313888675335075
the;0.01404749698292732
bus;0.01399578324588761
stop.;0.020761238801141
You;0.013827313416177451
can;0.014189332192026673
also;0.015225961706947953
try;0.014696782001828047
calling;0.016553179944024218
the;0.015192201113249981
transportation;0.014290029408365445
authority;0.014990961166809244
or;0.013804969741716102
the;0.014332274967773334
bus;0.013700051838255756
company's;0.01529853865312412
customer;0.013702905085195097
service;0.01375826489982423
hotline;0.013792889871373372
for;0.014067569365205684
more;0.013521635592330756
information.;0.014906742862949018
