text;attention
While;0.03136223140532721
Single;0.023431009961704552
Ladies;0.02603905905866556
by;0.028597401393978275
Beyonce;0.028216914045224605
was;0.029685034315782344
a;0.022365527597489672
very;0.02087243435171432
popular;0.025062839400710493
song,;0.04179265501699821
it;0.0224858943623228
would;0.021919339536511213
not;0.022560218282716153
be;0.020346689332388153
deemed;0.02412244811416256
culturally;0.026008527218729247
significant;0.029098825701457134
on;0.02439445830307302
the;0.019787805188785552
same;0.021638022770373154
level;0.022395613979068113
of;0.021324471403423022
the;0.021208323064634826
Renaissance,;0.04507985054208636
which;0.026268846803660754
was;0.021915339415556147
an;0.02233334233995945
artistic;0.024840650204517832
and;0.021419613316995424
cultural;0.02083004048245053
resurgence;0.023314704672035738
creating;0.023344738673144946
timeless;0.023202113709316626
works;0.022204235296678764
of;0.02158585087098776
art,;0.025303223077757016
music,;0.02288664003472361
science,;0.023069169278253154
literature,;0.020000331948467683
and;0.018756269359961636
politics.;0.018929296168206412
