text;attention
I;0.03444192356395193
would;0.02244886277084829
choose;0.020438008271900086
bar-headed;0.07478933899411928
goose.;0.20196798225058438
As;0.02570221769387222
a;0.02022439057744894
langugae;0.030324176098284417
model;0.021447525838246363
I;0.028885029975293797
can;0.02038964334755568
only;0.022510917121345304
exist;0.02552773129278073
inside;0.021597078101801667
servers;0.02243825515886434
and;0.02289498165489375
learn;0.01976741280204469
about;0.01883411113163035
the;0.01634654129579
world;0.01985430738220664
from;0.016823677797235273
selected;0.016833524613665975
information.;0.03346237773066655
I;0.01733389136093962
would;0.019954896068281474
like;0.01689761000219795
to;0.019919016673199598
see;0.020615950420554204
it;0.0177464793132604
with;0.016258108587260994
my;0.01584205251497061
own;0.015330355332198616
eyes;0.016544307370856597
from;0.01743319447994574
the;0.016313824177158903
high-up;0.016465186813001104
sky.;0.015395111421143285
