text;attention
You;0.0109012603039991
can;0.009393942528424046
use;0.009148053750234813
the;0.008426653161008282
AVERAGE;0.021715153067471894
function;0.01518206322142543
to;0.011372735116884825
find;0.009475763723498532
the;0.008688930972566676
average;0.012401938423634093
value;0.009559784520424656
in;0.009927015802914912
a;0.008895276360782219
column;0.01476730428363426
in;0.009596477001693611
Excel.;0.01806295638640353
The;0.009414624446439814
formula;0.011085535056599595
is:;0.011322724191430274
=AVERAGE(D2:Dn),;0.5124125445245911
where;0.009927357365451578
n;0.011762353052728297
is;0.008716744579175368
the;0.0082839054033734
last;0.008997264532375248
row;0.011633496508714718
of;0.008605619617153218
your;0.008753191931714695
record.;0.013054650876169572
For;0.008714774506251164
example,;0.010637564602802428
if;0.009074277714290575
your;0.008794829167204397
record;0.010192893276708791
is;0.008707000125652647
in;0.00881935458115539
column;0.009867692497886323
D;0.010437117850688364
from;0.009475188069063117
row;0.009507328180207716
2;0.009778946120996479
to;0.00921087474015623
10,;0.013233249865239119
the;0.008356720688488412
formula;0.008698420270774724
is;0.00829964307818495
=AVERAGE(D2:D10).;0.016708803953331425
