text;attention
Try;0.06052507130835569
out;0.014108468841539237
different;0.013419621837931996
disciplines,;0.06600493881884838
such;0.017554028850554054
as;0.011882066089457457
UI/UX;0.033161579955042556
design,;0.025507768008536068
cybersecurity,;0.03576279563443508
machine;0.00942878458648801
learning;0.01107702552418935
and;0.0144662425851578
much;0.009835599748121805
more,;0.02648205626009429
and;0.01507176717542485
see;0.011289471457682106
which;0.01209831432048885
one;0.01199460809123307
fits;0.011051620193398998
you;0.011920722566290565
best.;0.034978418194401915
There;0.016036864820592054
are;0.012017152901465714
many;0.011353461007495937
free;0.020141183863570927
courses;0.03247326678725701
and;0.013814231650334833
material;0.013530222261646584
online,;0.03006814968629337
such;0.015462449393413425
as;0.012168086182609271
Harvard;0.01631932701508253
University's;0.03544596431185633
CS50;0.020883584830310747
and;0.0155443277010333
the;0.010269365433164824
various;0.011332336936344979
courses;0.010664660516203928
offered;0.009431624796922625
by;0.009835926146793699
freeCodeCamp,;0.02195390863393469
that;0.013703056592516416
give;0.011182265104208075
you;0.010141740625177623
the;0.008994062952850783
opportunity;0.011192323336435168
to;0.009705923208868568
earn;0.011394273687049533
a;0.009467499340035943
real;0.010228420993026451
certificate;0.011897197410294236
and;0.011116758683150969
get;0.009576803247975002
a;0.008557281682251472
job;0.012182618474583986
in;0.00969631242088007
the;0.008806576983013015
IT;0.009719366278779073
industry;0.008784536746262468
more;0.008405059262124493
easily.;0.008880858046517564
