text;attention
the;0.9999997239651492
value;1.2112372387957262e-08
of;6.931118268502486e-09
the;6.073675717341153e-09
variable;8.450451378365139e-09
a;7.825745041631373e-09
is;7.030209591748894e-09
not;6.0695657008278395e-09
updated;9.475102514655571e-09
within;6.534460777618826e-09
the;6.086098652118189e-09
loop.;1.5336153559501173e-08
Therefore,;9.011917538603988e-09
the;6.2101729484204725e-09
stopping;6.910292805828976e-09
condition;7.714496749532353e-09
of;6.048949044215112e-09
the;5.9328876690243855e-09
loop;6.353551178056676e-09
will;5.835732211329112e-09
never;6.009138991567591e-09
be;5.704870707494719e-09
satisfied.;8.694641608955967e-09
One;6.833378841503386e-09
way;6.191502913063266e-09
to;5.952063329767756e-09
solve;6.09249406347676e-09
this;6.1003990917266486e-09
issue;5.938383597741327e-09
is;6.205092242406701e-09
to;6.4229135384669065e-09
set;6.07198704167466e-09
a;6.004222219908172e-09
to;6.179485563602337e-09
0;6.897639027840918e-09
at;5.948110148074407e-09
the;5.6877696295470416e-09
end;5.956983414236086e-09
of;5.663775250396097e-09
the;5.668114581768421e-09
loop.;5.868931226298323e-09
