text;attention
It;0.02547289842259038
is;0.012352627705106782
not;0.010366720992927684
possible;0.013592738621508952
to;0.010442045736660771
determine;0.015118542484260686
the;0.010123817521247564
outcome;0.013104852100840487
of;0.010994140424243272
a;0.010789718120436016
hypothetical;0.02317671085070024
battle;0.024695805715807494
between;0.016708412539243524
a;0.011736008957713127
giant;0.01393896852263191
Tyrannosaurus;0.06515746724301175
Rex;0.02202114390955977
and;0.01324114573809881
Godzilla;0.09089394212813946
as;0.029780203502859467
both;0.01379962214761157
are;0.01253342843500948
fictional;0.06274791301130354
creatures;0.014164540135252313
and;0.014590018623678036
their;0.011957220756148943
abilities;0.01871554943272626
and;0.010538661894293049
strengths.;0.04023253686233077
are;0.010317586931664036
subject;0.010665886970718706
to;0.009962868395139473
interpretation;0.01644159353017298
and;0.009634223892909778
vary;0.010380453435282029
in;0.009301930005987735
different;0.01021231776994892
depictions.;0.02542480911081838
Additionally,;0.028804754659520655
comparing;0.01678030635522426
the;0.011107741926332453
two;0.011571844985533675
creatures;0.010152641470198967
is;0.01219423103574915
a;0.010443613665926754
matter;0.010622707345166873
of;0.009510959382411189
speculation;0.018333106323308757
and;0.010116741650925657
subjective;0.011812576572908823
judgment,;0.012294006689301931
and;0.010051152442265667
any;0.010190571049847495
conclusion;0.010951481665330708
would;0.009537438036843702
be;0.009034697013579568
purely;0.009360873885295738
hypothetical.;0.011799481265743744
