text;attention
Objective:;0.06236421837921679
To;0.035757370609444464
obtain;0.020747459907847262
a;0.021225849197613663
challenging;0.022161744304044162
position;0.03933820369388358
as;0.02115881895455277
a;0.02217721992760747
Computer;0.027409261303635274
Engineering;0.028760398032748855
professional;0.02784941858574637
in;0.02049135360477653
a;0.021480398436935007
dynamic;0.01850765638181345
organization,;0.03968367460197889
where;0.02274138918633248
I;0.019639274447094353
can;0.0213116309655663
utilize;0.02248420352165469
my;0.023302998477086948
technical;0.019311492381070522
skills,;0.02728272091725067
creative;0.018082431639389763
problem-solving;0.02536189765483918
abilities,;0.019330275498749983
and;0.01779280239134801
teamwork;0.018233285736193074
expertise;0.018204491890514707
to;0.02006262590266201
contribute;0.01876396111435863
to;0.018167301914188888
the;0.017943193163670514
growth;0.018122404629337546
and;0.016678910827354294
success;0.01743607001821738
of;0.016733547246124105
the;0.01634540123226039
company;0.01867122105707221
while;0.018220190699567134
continuously;0.017319429754679944
learning;0.017265864973560422
and;0.01637222284355618
developing;0.016677787859135384
my;0.016350889561466193
skills.;0.01667703657385363
