text;attention
As;0.0909063204589638
an;0.05946321311781881
Al;0.05419106623742779
model,;0.10099578684495197
I;0.06118851635443296
am;0.0505410445008035
unable;0.05235132486907397
to;0.06102089861115674
answer;0.05913729648297987
deep;0.05879331767946498
theological;0.07480946362819163
questions;0.05598566195304809
like;0.05430875273597454
"""What";0.06607029339168807
is;0.04903838005502141
"God?""";0.05119866307900191
