text;attention
Tam;0.20907672936569682
sorry;0.0589087232039458
but;0.052156826239142126
I;0.042939552283006804
cannot;0.04473251577262485
write;0.04606901029689527
sexually;0.05255390410136578
explicit;0.04117166495571223
stories.;0.08827203262471392
Is;0.042418221391715756
there;0.045493359027550306
anything;0.041100845789139515
else;0.04015080858548505
I;0.03903796515588119
can;0.03852499379298769
help;0.04431107197437865
you;0.0372151060521677
with?;0.03586666938759035
