text;attention
A;0.17650432302743077
tree;0.21553421435243522
that;0.1574580325897093
lemons;0.184406657393161
grow;0.1433573412044126
on;0.1227394314328512
