text;attention
A;0.010263008649143184
distributed;0.015824131920341537
hash;0.012761987039864787
table;0.02683131474748466
(DHT);0.12071800874197292
is;0.012679949244095358
a;0.013277600668700375
distributed;0.014203816270418446
system;0.012103637946550718
that;0.013089247643812777
provides;0.011081512686734714
a;0.008386729636248046
lookup;0.011671049209881856
service;0.011905277024656807
similar;0.010564086588753721
to;0.009563843299094049
a;0.008331358300220392
hash;0.010195831968798945
table.;0.029593574449178532
What;0.012123914916466064
differentiates;0.015260792167875598
a;0.009433533755716275
DHT;0.02578567153764379
from;0.013760811295153419
a;0.008573847817808239
normal;0.011090587178904735
hash;0.009094921284985118
table,;0.020022840901255893
however,;0.011673018409755084
is;0.012351834625910598
the;0.009701807555857816
fact;0.008961838601372665
that;0.011462087536299792
storage;0.0139308722308338
and;0.010474917354972961
lookup;0.010595693082592568
on;0.010422894700108069
DHT;0.013163278202668086
are;0.011599292973067868
distributed;0.012800789302632593
across;0.01130542037283575
multiple;0.013034055037917531
(can;0.011201029970589943
be;0.007852254235505786
millions);0.012763093487728487
nodes;0.012825429220048272
or;0.008902948839351846
machines,;0.015086692391684848
and;0.009946325073232851
the;0.009212371085250214
node;0.010984276539034214
that;0.010873285059515316
gets;0.008875520782690534
to;0.00932554528433922
store;0.0117610394973561
a;0.008435695717009061
particular;0.009341860273548514
key;0.010773487006819446
is;0.013107057214076106
found;0.009359863664253194
by;0.009957455183911747
hashing;0.012463400415192113
that;0.008411044251631304
key,;0.011087056739647404
so;0.010602375751656986
in;0.007769831158983264
effect,;0.01030253166583206
your;0.009406950581888266
hash-table;0.01058585821934167
buckets;0.010531513777317564
are;0.00929313505873757
now;0.008747551129964644
independent;0.00871655555675746
nodes;0.008638534309946334
in;0.007889829965915803
a;0.007553765579171941
network.;0.007744148433483629
