text;attention
Ssing;4.725653216871381e-10
a;3.50210010394696e-10
VPN;6.836288583552998e-10
can;3.4574304770802886e-10
help;3.027478889254676e-10
protect;3.124515589858683e-10
against;3.3465573409023924e-10
Dynamic;3.230542509071242e-10
Denial;4.782863851892332e-10
of;2.9356730201723426e-10
Service;3.197820995868342e-10
(DDOS);6.566478200543956e-10
attacks;4.0425849875622434e-10
by;2.9953486467214956e-10
rerouting;3.8270314932816965e-10
the;3.554389979904082e-10
requests;3.7463519599919107e-10
to;2.951344856701658e-10
servers;3.681305785808471e-10
that;2.652600600492478e-10
are;2.591737253155537e-10
far;2.771743464115903e-10
more;2.777202167754251e-10
capable;2.8756867615086364e-10
of;3.488579161975841e-10
handling;3.060114562417027e-10
them.;0.9999999906250575
