text;attention
You;0.9996651331643532
can;3.1261875911576157e-06
use;2.473788383262434e-06
the;1.452971077563073e-06
crontab;1.810661948888803e-05
to;4.219400582275219e-06
schedule;2.5128058394718643e-06
a;1.5524388663417466e-06
Python;3.2896387659639202e-06
script;2.4476988038359176e-06
to;1.8643367431018234e-06
run;1.6085699658304588e-06
every;2.034540328387172e-06
60;3.4467981389098993e-06
minutes.;1.543154451296072e-05
First,;3.939721378183547e-06
create;1.8268503154176265e-06
a;1.3122041261717544e-06
Python;1.969782724752608e-06
script;2.0712980818979906e-06
that;2.8783565469658526e-06
will;1.4608817532202796e-06
call;1.785641545207064e-06
your;1.8935297458412263e-06
shell;1.9089425420125492e-06
script:;2.5082522507458326e-05
import;4.215669531114582e-06
subprocess;2.855191329244627e-06
subprocess.call(['sh',;4.479388005131318e-05
'shellscript.sh']);2.2347875225444868e-05
Save;3.580443126205235e-06
that;1.3782509223738137e-06
as;1.757233946144126e-06
run_shell_script.py.;2.773952361784138e-05
Then,;3.7333825289194744e-06
open;1.5091557899614073e-06
the;1.2755663479725362e-06
crontab;8.488226477066375e-06
for;1.4253944312025033e-06
editing:;3.630367209808283e-06
crontab;2.6084493414990045e-06
-e;1.709983467756529e-06
And;2.1093171679489848e-06
add;1.8664181290707813e-06
a;1.323213350586618e-06
line;1.5493924947410221e-06
like;1.796312190871426e-06
this:;3.785386784812835e-06
0;3.011067586578032e-06
*;2.0815335938503543e-06
*;1.3882270640831103e-06
*;1.4852426038764564e-06
*;1.5590802607547714e-06
python;2.569724215927781e-06
/path/to/run_shell_script.py;2.4539652046414543e-05
This;1.960071372506184e-06
will;1.965629450329583e-06
run;1.6463544531395551e-06
the;1.2772929329938123e-06
Python;1.3598850165681344e-06
script;1.4364107434846037e-06
(and;1.5970630976515996e-06
thus;1.508821517796752e-06
your;1.3015255501128086e-06
shell;1.0963839830723142e-06
script);1.5412300418906282e-06
every;1.4824872258481685e-06
hour;2.0963524223954123e-06
on;1.2397724067122222e-06
the;1.0837075771532066e-06
hour.;2.2755697727501103e-06
Save;1.6542658799837068e-06
the;1.2074492271549702e-06
crontab,;2.197825856192035e-06
and;1.3932532882227752e-06
your;1.2869772689125137e-06
script;1.44388873045193e-06
will;1.3492852574847922e-06
now;1.5491566944348425e-06
run;1.2070594488461877e-06
automatically;1.3957616980229415e-06
every;1.2005069778599106e-06
60;1.2321343685490681e-06
minutes.;1.07048219737459e-06
