text;attention
Sure,;0.03675420455732616
I'd;0.032061973485773
be;0.022837340115481032
happy;0.023803098202614247
to;0.025873977440849995
help!;0.04330754055635145
Can;0.023823315995494455
you;0.02732096057953235
tell;0.02506289166313412
me;0.028340147266351506
a;0.02311782642144173
bit;0.025280316488165658
about;0.025080198830768303
the;0.028013399788948387
type;0.024285906880434263
of;0.02589202873947617
project;0.03725636336062057
you're;0.026907958377212375
starting?;0.0393969753215179
What;0.028924930955726298
is;0.025141556290670414
the;0.025304130247070067
general;0.024242609047462085
goal;0.02965497206983346
or;0.023951398013685034
objective?;0.03086642519404556
Is;0.02510580414424464
there;0.023981421526266904
a;0.023367375893883005
particular;0.025157023496449063
industry;0.028057562990202293
or;0.02365502485259574
field;0.02470815963996638
that;0.023043770810611413
it's;0.024177727280644455
related;0.022454405804424305
to?;0.023789277670725216
