text;attention
Hi,;0.20802585016955183
I'm;0.16873814825681965
a;0.15839506250469604
large;0.15329688723430654
language;0.15314388516304195
model;0.15840016667158402
