text;attention
Let's;0.009961797205561373
say;0.008781151332649853
you;0.008516874162992712
want;0.00845594789192323
to;0.008023547387071195
find;0.008512092725854185
the;0.00885340337368184
length;0.011181850103193877
of;0.00907560999510007
the;0.008509093233222803
hypotenuse;0.05225676032451058
of;0.009636152713151372
a;0.008817612624011404
right;0.010036711775032575
triangle;0.012530101735399556
where;0.011138478606975873
the;0.009833971050325022
lengths;0.00978842686623978
of;0.008383629395877026
the;0.008341481914815818
two;0.00866497330739096
sides;0.00930801261339362
are;0.008788987469161883
4;0.020256917361836806
units;0.010638466759503789
and;0.009170769240579519
5;0.016263861246032237
units.;0.01552185037776256
Using;0.008764290591252607
the;0.008934103967887824
Pythagorean;0.020405247351132506
Theorem,;0.01754290322822264
you;0.007953694249266782
can;0.008191550732843262
calculate;0.010022260464665348
the;0.009656685220717706
length;0.008407905831061891
of;0.008287506112196481
the;0.008762752280572068
hypotenuse;0.015547688619293749
as;0.010161250453999763
follows:;0.014653011543356204
c*2;0.028406175583463634
=;0.008884301991414193
a2;0.01375928618924921
+;0.008479300291438062
b*2;0.01902897477525115
Where;0.010216786341190214
c;0.009399287833228465
is;0.008124467702419423
the;0.008710407837240572
length;0.007868892600032958
of;0.007812660633975269
the;0.007841624317523565
hypotenuse,;0.02014068457269425
ais;0.011108224453717052
4;0.012469529155481702
units,;0.010007358131168001
and;0.00836562159414808
b;0.008449109679495671
is;0.00805971118472702
5;0.010197726091060072
units,;0.011768133418463984
c42;0.0132479777637505
=;0.009401227588434537
442;0.012604210232171523
+;0.008370946162144665
542.c42;0.02490755552703525
=;0.00824271118564651
16;0.010794913859890258
+;0.008611892103600789
2542;0.01487892787678788
=;0.007832446738870093
41;0.01025655637921954
c=;0.011415760100501065
V41;0.011315775860237763
c;0.007848039045606868
=;0.008109395914257016
6.4;0.019452090024405403
units;0.009457358448968745
So;0.008217561954497766
the;0.008189500442755935
length;0.007634164386486558
of;0.007678460733991407
the;0.007546117232125781
hypotenuse;0.00989115134620433
is;0.007936215769751584
6.4;0.012382798378671773
units.;0.008138597126883584
