text;attention
Most;0.014811900908870563
systems;0.013580916506608502
that;0.014742573679111196
need;0.01373684832073083
to;0.01290543250647665
detect;0.015302171537526414
hardware;0.013850419241777354
changes;0.01420153848157724
after;0.014168809315324797
startup;0.013126056555832061
have;0.01511017021580337
an;0.014219573125320064
elaborate;0.015059265503897714
startup;0.013258083556275673
process,;0.015852975101152408
but;0.014767401212240593
embedded;0.015275396013370976
systems;0.013455466727029795
often;0.01433790500645955
have;0.013713168145127812
very;0.014036856300293173
few;0.014400952885877505
configuration;0.013397436594945291
files;0.013881611989976667
or;0.014274878108602576
have;0.014498876834191047
the;0.014005277561820208
hardware;0.01305652140759921
configuration;0.01319311810484021
hard-coded;0.016480038178313238
and;0.013379299650349423
directly;0.013269874782322676
start;0.013831595898229333
the;0.013010229079652649
main;0.012645443400515757
program;0.012972189636663698
without;0.014588074581443821
using;0.01376785032866467
a;0.012958439043095713
startup;0.012984647755468627
process;0.012405080104577658
or;0.013335012932309433
configuration;0.012368906396763855
files,;0.013637330909572263
or;0.013132564977317596
even;0.012882094809050547
having;0.012884536748407692
a;0.012411677402181746
filesystem;0.012701424207900441
at;0.01237470387733107
all.;0.013645125353668092
Since;0.014097650365642242
configuration;0.012779481251042023
files;0.012415966958075975
vary;0.014491918234534244
a;0.013291165131583424
lot;0.012669214149955657
between;0.013486531732681483
different;0.012599632464498906
operating;0.012416528853221198
systems;0.012808728969980273
and;0.01305090156430144
versions,;0.01301402820173623
can;0.013168502811668228
you;0.01331892974211173
tell;0.01303047149386902
me;0.013121667096372998
which;0.013537601645104484
operating;0.012495295890997722
system;0.012395316007960967
you;0.012709015141700366
have;0.012539351891853314
in;0.012164534591976228
mind?;0.012509824306672513
