text;attention
It;0.013062830815371525
is;0.009668626675803546
possible;0.01223074475046413
that;0.01277630323637961
a;0.010613416222774232
mouse;0.018636864010851597
or;0.011827491047975577
other;0.01072939555642865
small;0.009248093300782826
rodent;0.01532119206939468
has;0.013529397862857444
died;0.017026884737970625
in;0.010602819307594661
your;0.012189042685904181
home.;0.06110733082717582
The;0.011229832671953769
mouse;0.014140337127233496
will;0.011509475116243027
begin;0.009984933615899158
to;0.009575635548837365
emit;0.010326033813851634
a;0.00916418626839455
putrid;0.01200045051315904
smell;0.012833235434945585
of;0.01039406648885497
rotting;0.010407260876765979
flesh;0.00929905170112553
and;0.010069930742569599
disease.;0.01896159338788633
Or;0.011796447818725552
perhaps,;0.014480035738778825
one;0.009082137199862282
of;0.009113683632253792
your;0.010125182975756554
neighbors;0.011371778805164717
has;0.010343069246018664
eaten;0.010507522653280504
too;0.00918213690326927
many;0.0090905702798159
beans;0.009280326527790353
and;0.00957268022122202
you;0.00989369112790643
simply;0.009443269702868993
need;0.009345063707542223
to;0.009204268488310262
open;0.009106205098317603
a;0.008375035914003997
window.;0.018209505275245983
Utilizing;0.014000091039776619
a;0.00952564445297574
window-fan;0.015547592250517866
could;0.013292692555265736
massively;0.009674892888697014
improve;0.009956494407224733
your;0.009376016193448767
air;0.009120407753766572
quality;0.009442461747977039
rapidly.;0.01750667390477368
If;0.011685394900878002
the;0.009677815597968643
smell;0.010745820803775938
is;0.00982937605184864
possibly;0.010291011006005003
chemically;0.01093936984940869
related,;0.013464786828357986
or;0.009697341784561005
something;0.00908232748200848
more;0.008542114495757923
concerning,;0.01125398634173737
you;0.010015206706235489
need;0.00915467686858785
to;0.009576791534815731
find;0.00934799682120292
the;0.009102161529894221
source;0.009314434224877478
of;0.009102860336780679
that;0.008903884500098604
stank;0.010117494866368154
and;0.009286747368862548
remove;0.009356882973415376
it;0.008630982979467851
from;0.008661839148705148
your;0.008378914246929695
dwelling;0.00842067072937671
using;0.008884095674854053
any;0.008465782573160397
means;0.00827911080988714
necessary.;0.008358086038165305
