text;attention
For;0.06765484742418641
this;0.002377075715413771
question,;0.010195244109487184
let's;0.00579086239495286
assume;0.003602640299973407
the;0.0021061349263161826
earth;0.006458981997843174
is;0.0026661488320321395
a;0.0023635393047284617
perfect;0.002851657255130805
sphere;0.00965075776555746
of;0.0023639228759884
6371\*10%3;0.5783596914588892
meters;0.004571681720052816
in;0.002330061989944675
radius;0.0033286636409759064
(6371;0.00471323723957435
km),;0.004200895541776495
and;0.00281577504338548
a;0.001978809761952088
typical;0.002435296682193073
passenger;0.0031811589357091056
sedan;0.005499547297335103
has;0.004012147249226238
the;0.001953368242666273
average;0.0023428180015918586
ground;0.002120552963434012
clearance;0.009338562348549498
of;0.0022499886795404505
150\*10*-3;0.01642459679482378
meters;0.0023645895715903773
(15;0.0027202903068299995
cm).;0.004957383832596345
Using;0.002725741338551748
the;0.001964258127664861
arc;0.0027236373929996546
chord;0.005490982696387485
length;0.0032680451772415893
equation;0.0036468636624438135
in;0.0023053592445728996
Julia;0.0034518629531436248
code:;0.006472287301745126
~**julia;0.00797382620434167
earthRadius;0.008259328293177982
=;0.003606664515468063
6371e3;0.006063362931185535
carClearance;0.010447882292709652
=;0.003072269548502785
150e-3;0.0038149150401786246
wheelDistance;0.005684587222990398
=;0.0028316187720715267
2*sqrt(2*earthRadius*carClearance-carClearance‘2);0.07372908225253207
~~~;0.0027091951253943813
we;0.0023493876858962327
get;0.00213375741840014
the;0.001845225519728342
result;0.001970182778579461
of;0.0018672171972440187
~2765;0.0028751449836422367
meters;0.002259635230161609
as;0.0023440244771184204
the;0.001978208799121539
distance;0.0019443865434525527
between;0.002010432029413276
the;0.0017486998818740773
front;0.0018613585830607189
and;0.0018381629190277445
back;0.0018354852056482048
wheels,;0.0033358176246435296
which;0.0018093925881122578
would;0.0018162894747950711
be;0.0017614128633224174
the;0.0017897937648484932
absolute;0.0017581616736904169
minimum;0.0020352297060394608
distance;0.0018597987868662045
of;0.0017907638423882131
the;0.0017428805790367155
length;0.0018199043535902086
of;0.001851783559366549
this;0.0018206362442807508
hypothetical;0.0019794657402829848
car.;0.0017446596488172419
