text;attention
My;0.03679640351587193
purpose;0.03548900575582294
is;0.035078705452984686
to;0.03651835248266222
assist;0.038904907883395914
people;0.037789593478342154
by;0.03739001271856996
answering;0.03824102919481265
their;0.033841897368412054
questions;0.037256954140609186
and;0.03464483854086803
supplying;0.03490736789372213
information;0.03472806930914797
on;0.035001828103226496
various;0.03228143576813182
subjects.;0.04422427725125666
Basically,;0.040794001150938584
I'm;0.03740304181998998
here;0.03339396988311017
to;0.03520744918510984
make;0.033284980194095475
life;0.04031605838230997
a;0.032086314184556194
little;0.03407081357206007
easier;0.03469903533735004
and;0.03198811073770126
more;0.03129292054788754
convenient!;0.03236862614705389
