text;attention
Evolutionary;0.020949779699534984
Psychology;0.019257186277937842
is;0.015940233557750372
a;0.015245175644143854
scientific;0.01634343283762604
discipline;0.016808782582193763
which;0.01619260530228256
seeks;0.01774323935156881
to;0.014987371186708348
explain;0.015323041937700973
human;0.0151094796469113
behavior;0.01598687853564809
by;0.014964161094567394
looking;0.015705851024323415
at;0.014905727877313724
the;0.014706356331465177
evolutionary;0.015397006478532566
forces;0.01520386929363355
which;0.01520657670066727
shaped;0.01631311523428147
it.;0.017263486681034824
It;0.01518755955234259
is;0.014960444590509514
an;0.014818443676062604
empirical;0.015963797284968138
science;0.015513654045178309
that;0.015196852173402586
utilizes;0.016313985621050235
data;0.015341052141154814
from;0.014805326957695424
a;0.014807567681482444
variety;0.015504955306692039
of;0.01468490863711862
sources,;0.015788431746459185
including;0.014809706623526661
psychology,;0.015597831933753614
anthropology,;0.015435548321234194
and;0.014627538320882635
biology,;0.015541656191375135
in;0.014739738831293968
order;0.015203516494474883
to;0.014643266068268282
develop;0.014670662882621793
theories;0.014862029976765438
and;0.01460805718101183
test;0.014750848661667409
hypotheses.;0.016122966320247966
While;0.014998108513260574
some;0.014748205251586523
aspects;0.014877968658572965
of;0.014668046054792801
evolutionary;0.014993905521243897
psychology;0.01510374104694607
may;0.014673128818372027
involve;0.014709624893060737
speculation,;0.015384594497829442
it;0.01464379273474036
is;0.014590562895526944
ultimately;0.014633450243684688
rooted;0.014939444283654575
in;0.01459113537754213
empirical;0.014648041351521039
research;0.014628082159421537
and;0.014525821256285685
evidence.;0.014588641944891444
