text;attention
Narcolepsy;0.4065487301913308
is;0.017574848286949336
a;0.011320293695980201
chronic;0.009755217856963568
sleep;0.013219604003146182
disorder;0.013602094500669541
characterized;0.010673711006421482
by;0.01171305028906313
excessive;0.008974863826269795
daytime;0.010441505065380228
sleepiness,;0.027985136251555742
sudden;0.009909193082466
urges;0.0087586655697636
to;0.008148969787136032
sleep,;0.013195262638857393
sleep;0.009300495317504208
paralysis,;0.01727059629366613
and;0.009926610514806509
hypnagogic;0.01366182558282425
hallucinations.;0.017462966712316508
To;0.011774178878333255
determine;0.011355209330640702
whether;0.009121245970645234
you;0.012219221339235607
have;0.010667016436544807
narcolepsy,;0.048996467715371396
it's;0.01281587458305807
best;0.009098205628981709
to;0.009050543843887683
consult;0.010424691499067749
with;0.008433317132773795
a;0.009348585699615435
qualified;0.008757422770384793
healthcare;0.009783761067533741
professional;0.010291368987750038
for;0.009123124267281704
a;0.008873736421220945
proper;0.008507031021970446
evaluation,;0.013787388684194114
which;0.008687772325481683
may;0.008291765994755777
include;0.010438686456293865
a;0.00975423408252049
comprehensive;0.008753950183690164
medical;0.009168413327524582
history,;0.013186094461230086
a;0.008086450452856343
physical;0.008154070920089178
examination,;0.00906992876363626
and;0.008048945248782068
sleep;0.008089205977111956
studies.;0.008398450054465748
