text;attention
Intermittent;0.9999390016000299
Fasting;2.3897018759796597e-13
is;1.336518019325837e-13
an;1.105147797539057e-13
eating;8.974729299997589e-14
pattern;1.463124871508735e-13
where;1.0760529952604347e-13
people;1.0144568151383554e-13
limit;1.2351740933616462e-13
their;1.0124825174581803e-13
food;9.120141993604888e-14
consumption;9.60093390111285e-14
to;9.856268688808268e-14
certain;9.091244554784217e-14
hours;1.0174048941850406e-13
of;8.281723390697439e-14
the;8.707388678301978e-14
day.;6.0998395137523526e-05
There;1.0794021467018153e-13
are;9.867616211962809e-14
periods;9.651399506749599e-14
of;1.1868926625728206e-13
fasting,;1.5378260622336565e-13
with;1.0963122335015968e-13
no;9.324980139344002e-14
food,;1.0378417294658762e-13
and;9.541747658846351e-14
periods;8.727513188995652e-14
of;8.798638159305008e-14
unrestricted;9.035939267689282e-14
eating.;9.546963507649108e-14
Generally,;1.259186222567264e-13
the;8.757330129639587e-14
minimum;1.1078271867854138e-13
fasted;1.104276359080957e-13
period;8.574015818819161e-14
is;1.0017334394808045e-13
16;9.845895153162327e-14
hours;1.0874021155200724e-13
and;9.028247659645358e-14
an;9.278293988713153e-14
8-hour;1.0115788791481693e-13
period;8.182665420480904e-14
where;8.804066341739299e-14
you;8.078498407248579e-14
can;8.039727320326123e-14
eat;7.913699245196606e-14
normally;7.904041387071755e-14
(16:8).;9.12968439184636e-14
