text;attention
Your;4.669401416841398e-12
boss;5.99613365175655e-12
might;3.3007635447938955e-12
like;3.5737617808205934e-12
the;3.05097493080252e-12
AI;8.524620917764736e-12
better;4.467026877487373e-12
than;3.3741463527291132e-12
you.;0.9999999996862885
No;3.885012763628499e-12
seriously,;4.397547931471733e-12
you;3.0215572215540204e-12
might;3.058483287864014e-12
include;3.892452761450741e-12
patented;5.961951325122834e-12
code;4.518254405684117e-12
into;3.798334995700579e-12
the;2.824908216955576e-12
software.;7.234911577944125e-12
That;3.0939009137197114e-12
might;3.2261685607372674e-12
very;2.6874035158766596e-12
well;2.8229305142658148e-12
be;2.7262403516685454e-12
extremely;2.7757169091670882e-12
expensive.;6.470927795832768e-12
Or;3.082493179428297e-12
just;2.963867933423812e-12
copyrighted;6.5621865469769375e-12
software;3.71153865006123e-12
which;3.0680894997454055e-12
would;2.8976196694107727e-12
also;2.8951770895427327e-12
be;2.6872631803210423e-12
expensive.;4.079043698091072e-12
Also;2.898477222976641e-12
you;3.2996067146887535e-12
need;2.983049992653589e-12
to;2.9035229550579673e-12
make;2.7042901478370775e-12
sure;3.1479107526200915e-12
that;2.868177177048532e-12
the;2.9790912900698893e-12
software;3.6058448206030317e-12
followed;3.4242602037668047e-12
the;3.0189132222796396e-12
guidelines;4.635592028659797e-11
you;3.0943833240451834e-12
are;2.678847163054024e-12
using.;4.8091455160015515e-12
There;2.8812966029044213e-12
are;2.7115505878555407e-12
different;2.8837514070783207e-12
ways;2.8618302628935654e-12
to;2.7774982130679976e-12
indent,;6.705240029827438e-12
some;3.121766440222514e-12
have;2.920294937682665e-12
rules;2.949629593398027e-12
about;3.1283866736176974e-12
levels;2.9817552853744157e-12
of;2.6135397527180457e-12
nesting;3.4584773781807374e-12
etc.;3.922108630503441e-12
And;2.8470365435954196e-12
of;2.893110443659023e-12
course;2.8620066037226693e-12
the;2.931983019893137e-12
nature;3.012943553344896e-12
of;2.7773872128079557e-12
and;2.746680997486918e-12
the;2.5649478489810256e-12
amount;2.791632570522178e-12
of;2.5453683574432752e-12
documentation;3.0625363081478537e-12
embedded;2.8500440942156538e-12
in;2.5722922370751598e-12
the;2.541184539067541e-12
code.;2.7231081111801483e-12
