text;attention
A;0.03525939127025261
better;0.031875688901066124
way;0.03350681318330784
of;0.031340083805837596
organizing;0.03980701231668033
things;0.0331763821937274
is;0.03139437886015923
to;0.0330207258932066
create;0.03322624684143182
main;0.0319209775932014
categories,;0.05499529071996858
then;0.03191578761725097
sub-categories;0.03663392249244787
depending;0.030673560323834146
on;0.029716178367727365
relevance.;0.046338728235834646
Let;0.03128206870225387
me;0.031963725182401904
know;0.0331701369537511
if;0.03154724389586875
you;0.03072745660308979
have;0.031083274967405927
a;0.030085419594768383
better;0.03104871919280763
idea,;0.03296577874787207
these;0.0312394285774716
are;0.029544188860832758
just;0.0301135054994592
my;0.029525299904251415
thoughts.;0.030902584701831277
