text;attention
Great,;0.15904120089347296
let's;0.13815159093750848
play!;0.16345678205540148
Here's;0.138401438569973
my;0.12941832665851788
response:;0.1374594790204417
"""2"".";0.1340711818646844
