text;attention
Hello,;0.22141459664259172
How;0.1854373865300496
can;0.18285620595959404
I—;0.20102149794383747
NANI?!;0.20927031292392714
