text;attention
Sure.;0.03591986161185971
The;0.011211343214967365
sound;0.009746263553272875
of;0.01039687257874252
the;0.007750189308092907
letter;0.01351922613472287
"""th""";0.06349398729194605
is;0.012038133410997779
made;0.00860169670894188
by;0.010755787606318807
putting;0.010153539194598483
your;0.00872898268057138
tongue;0.015068658738096501
between;0.012831089431057707
your;0.00837517849155855
teeth;0.014558515379884429
(not;0.017284765353408015
placing;0.008613802144693414
your;0.007787704239975505
teeth;0.00824643998104158
on;0.008020510595368908
your;0.00728447524156595
tongue);0.011508162145341502
and;0.008357801312059047
breathing;0.011844196068112716
out.;0.02006894645061925
For;0.008858406958754766
example,;0.016103714976315003
to;0.009716147806271664
pronounce;0.014210245729603485
the;0.008536691986051078
word;0.00960171814102966
"""three"",";0.025441588896109694
you;0.009426528412169052
would;0.008774064056594222
say;0.011185142466051044
"""thhhh-ree""";0.04676440000090073
with;0.009519038149259147
a;0.008101691169847328
short;0.007956693530071368
puff;0.00858037967750066
of;0.008070244323299067
air;0.008903451443503942
while;0.009935326793693428
bringing;0.008032300076480176
your;0.0075105513462250416
tongue;0.008547816450949134
up;0.0076743382740851905
to;0.00772011383911497
your;0.007204275173226425
teeth.;0.013830649937642657
Similarly,;0.013415487113841204
with;0.009031968013596842
the;0.007578211457936221
word;0.008484969868400367
"""breathe"",";0.022681008664597966
you;0.007703439417563947
would;0.007491401411969707
say;0.00827366831773568
"""bres-thh""";0.015492446731316138
with;0.008109002410122784
that;0.007587420423455548
same;0.007806184731615564
puff;0.007529520782961617
of;0.007184240002778933
air;0.0071613353982052
through;0.007532052184475137
your;0.006983410416874844
teeth.;0.008445496291011956
I;0.008360842158644577
hope;0.0077542047853257755
this;0.007337870894251533
helps.;0.011837147300012445
Please;0.008043081134757386
ask;0.008417454088701655
if;0.010212880939044515
you;0.007601936844472673
need;0.008051730052917979
any;0.0075586816477149306
further;0.0075773365156682135
assistance;0.00842012905413047
with;0.008137789538979142
pronouncing;0.010002376559086663
the;0.007815305917455216
"""th""";0.008845983536685274
sound;0.0071904650769049165
or;0.007558968923981285
any;0.007159446307677368
other;0.0070197304361541936
linguistic;0.007076941264681848
concepts.;0.00715678490172771
