text;attention
First;0.016160915407346852
you;0.015128008307665015
need;0.013440920183406467
to;0.01286277723224536
rearrange;0.020670189005863374
the;0.014010264518564722
equation;0.015315223424218911
for;0.013165155066160204
x.;0.025585815218083143
In;0.013641798530442515
this;0.01330248142575877
case;0.014583616524631183
you;0.012447986336914792
need;0.012573148264612245
to;0.01186780997265836
use;0.012571992527767714
the;0.012479231860149034
pq;0.01332542839293479
formula.;0.018651301248836568
Then;0.014144998205494735
you;0.011956609657286206
will;0.012276906199251774
solve;0.013964888267515034
the;0.012093302768929833
equation.;0.020735943816997147
x2;0.018694991454695904
+;0.015374169385363352
x;0.012407941945087608
+;0.013153828809655382
3;0.014618651119234395
=;0.014688023521435849
0x;0.018924708657753402
=;0.01270216225634081
-1/2;0.02720637899001784
+;0.012566501559991457
v((1/2)2-3);0.09380579451902009
x;0.012531608224080601
=;0.013712028508449712
-1/2;0.022804012994973335
+;0.012530554893315964
v(1/4-3);0.03853376143167872
x;0.012011537763285377
=;0.012823890257841508
-1/2;0.01920552406084186
+;0.01178320111843605
y(-2.75);0.021902587116413293
Since;0.014447958465434802
we;0.011748084725601305
cannot;0.012921768296235836
take;0.012247798940631624
the;0.01159548516324653
square;0.01216508035756715
root;0.011843512089503403
of;0.01116795891645082
negative;0.011760229316023886
numbers,;0.012903010288192154
your;0.012115042484844367
equation;0.011496076829909758
does;0.011380773596713486
not;0.011109889513605625
have;0.011028188569280653
a;0.010531359619710806
solution.;0.01059921187540057
