text;attention
Some;0.001986885294560954
says;0.00219014934091133
it;0.001719584976428753
does;0.0018744155149684012
not;0.001662114032861738
work.;0.07721114119913888
It;0.001700770801307289
is;0.002185698564880425
most;0.0017354876314207048
likely;0.0020656355935292753
coming;0.0019589904561493495
from;0.0019129040193945135
the;0.11554767723222613
slow;0.002051192158261315
decision;0.0021000722202799125
making;0.0019238868533991607
process;0.0020183291880845875
of;0.002609499223976695
the;0.1628330769556178
highly;0.0017340648375764438
burocratic;0.0030477191044138447
system.;0.0608300643239321
Whoever;0.002089599384121172
designed;0.002125807700896071
it;0.0018873490679144195
was;0.00244208945935481
probably;0.0019922467451669533
brain;0.0022205122884060577
damaged;0.0017981241528748518
or;0.001972317007307003
had;0.0019561032376772453
an;0.005300883344992799
agenda;0.001755643713017483
for;0.0019481308783407393
obfuscating;0.002110663340277482
the;0.11139247287253348
politicians;0.002239334497439704
responsibility;0.00184683036955697
in;0.00170374126351548
the;0.08513433417585176
decisions.;0.03349813256375526
Even;0.0016957333563663887
if;0.0018843867080032299
voters;0.0024942271159494366
realise;0.00189646435529798
which;0.0019926428063075626
politican;0.004346290983854236
is;0.002730872571732267
a;0.003043662744240671
leech;0.002051383932945338
on;0.0018886852473368812
the;0.18410581976826726
system;0.002235668947619655
they;0.0022095437262926957
have;0.0019521190677178636
low;0.001755182500565416
potential;0.0018250936254256595
to;0.0022060604005433022
fire;0.0021364662113749822
the;0.03423987338471271
them.;0.024996146959127337
