text;attention
The;0.01650155558236478
Boeing;0.025060081721884675
747;0.06357879795557146
has;0.01916372994291422
a;0.01844391488252008
unique;0.01616061026085972
nose;0.022341314003982336
door,;0.0371931249628655
allowing;0.019604671846182344
the;0.018069770356761616
nose;0.020900290948331096
to;0.01644137107953299
be;0.015000674136239508
pivoted;0.018281940049104446
up;0.015711408621076946
to;0.014509162850285447
allow;0.014961831516326667
for;0.014897019107179213
cargo;0.0166875264218728
loading.;0.02525020985811195
The;0.018671079455630946
hump;0.019810341305010186
in;0.015519343783022974
the;0.015354383650510922
body;0.018008745027341077
of;0.01457197686766253
the;0.016333889403097154
airplane;0.017906547947671415
near;0.015521081308437415
the;0.014947573612825156
cockpit;0.01615166200316697
provides;0.016537809881899915
more;0.014957378110845704
space;0.015149142630980491
for;0.015670798370404058
on-;0.015525896308415676
flight;0.015129779992867297
amenities;0.01496015971770979
such;0.015447125433780554
as;0.014564966906703685
bars;0.014770524517171011
and;0.014112686888671474
restaurants.;0.017697057652165525
The;0.015778671313801295
Boeing;0.015385622308264407
747;0.017994384573847298
also;0.015742729231915983
has;0.015359720837054218
four;0.015603757431587354
engines,;0.02041289497911424
making;0.014743063142387627
it;0.014812711399638991
faster;0.014661959474462914
than;0.014460793882464481
similar;0.014361286411944436
airplanes.;0.014603448133557077
