text;attention
Can;0.10299113193392703
you;0.07735181971883134
try;0.08620665942893184
plugging;0.11549578528649951
it;0.06702902415740997
in;0.06794991631221359
the;0.06754967305995711
battery;0.07262119927214175
might;0.06854415487434896
need;0.06874894401068345
to;0.05996139423311848
be;0.05802484082153372
charged.;0.0875254568904033
