text;attention
The;0.02066688196454504
safest;0.019830280821036
way;0.017978708724900563
to;0.01756960360002949
teach;0.020905922355319375
your;0.018244872959995564
young;0.01685308811683825
kids;0.020432889263876167
how;0.017220956736401387
to;0.017205580983159753
swim;0.030066753908138084
would;0.017924136160910625
be;0.01775236850448174
to;0.0204265054462325
do;0.016400727026711002
so;0.01766030344083136
ina;0.02258752234319117
controlled;0.01775673115507317
environment.;0.025623733634251165
Consider;0.019114986518010947
taking;0.016494353733726215
them;0.017340376676230566
to;0.017641420566953645
a;0.01699737773746681
shallow;0.01836804724163539
pool;0.01999133502627704
or;0.016903399855426507
water;0.016357007355110146
feature,;0.019362369000236072
and;0.017619719705342846
having;0.017137285154141087
them;0.01837652667043019
get;0.01668059027124153
in;0.017949520499299616
the;0.016092994390079055
water;0.01695485276916166
while;0.01676510457163494
wearing;0.01706259744781374
flotation;0.017603465120353396
devices.;0.021598243598883553
From;0.016103709294375313
there,;0.019462829448183307
tell;0.017623744597035827
them;0.016981855685009737
how;0.016425216417159844
to;0.01820103288122223
correctly;0.01696057151383737
make;0.01672922982905233
swimming;0.016245471515187272
strokes;0.018187105819412797
with;0.01653214610188312
their;0.016186335208139772
arms;0.016842048141467003
and;0.01582974331592742
legs.;0.016169819176729258
