text;attention
A;0.03101835989939639
Confectionery;0.045548595881291724
makes;0.030828595598771102
sweet;0.02775414862576804
foods,;0.050877190051549594
high;0.024101676939470427
in;0.023577094856273507
sugar.;0.054301395753145326
The;0.026395691105884606
equipment;0.03438660286925189
needed;0.027498570803106564
to;0.02363163869023744
produce;0.026172298603879388
Confections;0.03483829060365388
may;0.022556799494836095
include:;0.06474828369603326
Ovens;0.036078185332964065
Proof;0.0232795159399336
Boxes;0.03156087107951734
Bakeware;0.03769836270184528
Mixers;0.032258592688549574
Work;0.0219954376155408
Tables;0.0278141718503659
Chillers;0.030054938764310642
Sinks;0.028024771937593847
Freezers;0.027479119792084575
Sheeter;0.023016862731354757
Storage;0.02258344587112322
and;0.021484246977211057
display;0.022710367891712577
racks;0.02388004902358508
Packaging;0.021252680399443863
equipment;0.020593145930314638
