text;attention
To;0.013637074779644496
use;0.013349963954291912
ChatGPT;0.057929659910876015
you;0.014900275132522671
can;0.01421264285802884
follow;0.01288855799741612
these;0.01223077502415084
steps:;0.028540579140975426
1.;0.03611070388330287
Go;0.013137495116638562
to;0.015126050205294887
the;0.012241030947790292
website;0.013886821676056885
for;0.012505335257568003
ChatGPT.;0.04106558731690756
2.;0.03161288291592184
Click;0.01411538624837873
Sign;0.012692718607612057
Up.;0.020185105311404522
3.;0.028472882293568008
Enter;0.014427787952369844
your;0.01405648844607549
Email;0.016409418324368794
Address.;0.017548816041974225
4.;0.022039646450140737
Confirm;0.014552079719075621
your;0.012702871906511357
account;0.013299855072232677
by;0.012775449137839297
clicking;0.013992155307881365
the;0.012860713714870315
prompt;0.015518132119076024
in;0.012345404087146081
the;0.011998510753548899
email;0.013287208869332505
you;0.01251959180041924
are;0.011846690545937106
sent.;0.01768754160162758
5.;0.022250922224194884
Enter;0.012621143405755106
a;0.0131548849716125
phone;0.013497377515406089
number.;0.015665664564284764
6.;0.01608980946328475
Type;0.013060696756121258
the;0.012724425035660573
code;0.014839753609783289
that;0.012011147609758278
is;0.011605583323545577
sent;0.012832141952892574
to;0.011700804247781364
your;0.01199426546904985
phone;0.012171552224111409
into;0.012167929257649096
the;0.012005670727043493
prompt.;0.013663092951387339
7.;0.014480571203715839
Enter;0.011828716286201605
a;0.011765964280034381
prompt;0.012764540322375395
for;0.012230676699187355
ChatGPT.;0.014162775470385542
