text;attention
Profile-Guided;0.030665030313262655
Optimization;0.02140203561497686
(PGO);0.03309087154793125
improves;0.016543555934434195
application;0.01510825184902206
performance;0.016104491093166976
by;0.017769377362313214
reorganizing;0.020469686471794736
code;0.014899416245983057
layout;0.015474353672918599
to;0.014232798212338934
reduce;0.014779336210507739
instruction-cache;0.018117452665459007
problems,;0.018314280442527368
shrinking;0.014930008693000759
code;0.013631962526269872
size,;0.01553543110438474
and;0.013529379756001129
reducing;0.013419222529187298
branch;0.013826380504863987
predictions.;0.025716333658194163
Profile-Guided;0.024700311104399273
Optimization;0.015595813490997529
PGO;0.017737777531342952
provides;0.014691581167024096
information;0.015067603036494816
to;0.014655890888373555
the;0.014555680098339284
compiler;0.01586922866936695
about;0.015129463662406768
areas;0.014838050474195797
of;0.01384549322074949
an;0.0143782675698229
application;0.014827812020242031
that;0.013737205806447855
are;0.013596959844829216
most;0.013193535263318542
frequently;0.013286048487562038
executed,;0.015568885019497748
Build;0.016673380205999847
the;0.016657649145282477
library/executable;0.025763451947340123
with;0.016367816922388926
instrumentation;0.017850314005038972
profile-generate;0.022065157337317443
to;0.01461618037066003
the;0.014644147971625856
compiler;0.015097540786810868
and;0.013293840693369495
linker.;0.023072840023764044
Collect;0.014207253653496467
profiles;0.013810710677737424
by;0.013890939273611241
running;0.014404698072001676
a;0.013593579303888775
representative;0.013149695858903578
workload;0.013742809801598043
on;0.013465069973017203
the;0.013369860140241068
instrumented;0.01402247714627
binary.;0.013405322925686936
