text;attention
The;0.40542458906522233
three;0.04878965319862087
largest;0.05186187835563603
countries;0.05504033475471783
in;0.04858139043482324
Europe;0.05588910226119251
by;0.04641040906028102
area;0.05101061236611195
are;0.05471441533790685
Russia,;0.05619813075974504
France;0.042895553816830634
and;0.041967544140962716
Sweden.;0.04121638644794882
