text;attention
The;0.35306704483637313
three;0.052952381106011644
largest;0.05744468882080366
countries;0.06446499941587497
in;0.05181429796604804
Europe;0.07595538052894543
by;0.04961942119961584
area;0.050197037731980594
are;0.050936018181979695
Russia,;0.05867308113383975
France;0.047909620740000845
and;0.04286447476295117
Sweden.;0.04410155357557512
