text;attention
Sure,;0.013538662927933204
here;0.009150340854982739
is;0.007816317660502788
the;0.006591542750897186
code:;0.015648228035456502
function;0.014001363682414107
GetCurrentDate();0.2576705151996697
{;0.010856936535445037
const;0.012727838350547208
months;0.027945242864567014
=;0.008508599331794073
"[""January"",";0.12955472456584952
"""February"",";0.029590183764294824
"""March"",";0.0151035864917172
"""April"",";0.011556800052818238
"""May"",";0.016835933535329053
"""June"",";0.01217568507969843
"""July"",";0.009550606023187252
"""August"",";0.009475889291814666
"""September"",";0.008404395145169984
"""October"",";0.007546301884402589
"""November"",";0.007177799193093324
"""December""];";0.016325761408069808
const;0.007657020146849023
date;0.009260786766703971
=;0.007502962539726876
new;0.007023007247960712
"Date();";0.014108038713080967
const;0.007664170612989506
month;0.011705934559925055
=;0.007844757512354925
"months[date.getMonth()];";0.04148231658306727
const;0.007661677922377302
day;0.011290843594881432
=;0.007305969659332203
"date.getDate();";0.017204735017131087
const;0.0066162729106819095
year;0.010171307623373262
=;0.006421223708527166
"date.getFullYear();";0.009456151726730292
return;0.008741700765493394
“${month};0.035939499928423144
${day},;0.014540357682487985
"${year}’;";0.01355268417748563
};0.006741586227151137
This;0.008029224033652697
returns;0.008070360506362045
the;0.007503353412686355
current;0.0068684737149494355
date,;0.00884674000820775
in;0.007184322608324796
the;0.006446955867018053
format;0.006813316363352034
you;0.006295375693168579
requested.;0.006295617535889538
