text;attention
As;0.02617127869703235
of;0.02805936725978053
April;0.027302078385581817
8,;0.03347858444081918
2023,;0.03388201442777543
Tokyo;0.02931647053407
has;0.027676931975553747
the;0.02507871532594761
largest;0.025947474737919696
population;0.031299962817104926
in;0.024740315822514097
the;0.023363869202846416
world.;0.03918969912795828
It;0.02634090330754729
had;0.02560538185634457
a;0.02490448168249351
population;0.02878312891753017
of;0.02495716940220442
approximately;0.03846040298716097
37;0.026847768496968002
million;0.027640532374199507
people;0.024721521149614498
in;0.02375724066106514
the;0.023542590057928674
Greater;0.02518083250484635
Tokyo;0.024835632638371324
Area;0.02579287948024418
and;0.02544229824840488
a;0.023471302978414994
growth;0.025716136251783286
rate;0.027007774501653266
of;0.02424152944748246
about;0.024084696821310203
0.2%;0.03085311280843977
which;0.024017037202029218
is;0.023360507546007037
low.;0.024928375923052203
