text;attention
Here;0.013493858594027248
are;0.014461701841843968
some;0.014068059616598764
great;0.015106305966529348
objectives;0.021341971406767874
and;0.014648782079321241
goals;0.018539484283118718
a;0.013838838429709562
computer;0.014842578292843321
engineering;0.01751289473870465
student;0.020328307858050235
could;0.014919506274429577
put;0.01138444774898261
in;0.01197626943732699
their;0.01075128122335693
resume:;0.07549390450756222
-;0.016911491051319272
Aiming;0.01915107259199597
to;0.014887464250408114
help;0.015364888385325848
[company];0.034101755082074074
produce;0.013630565473699074
cutting;0.011373821279308267
edge;0.011551494488808491
hardware.;0.029268487525684405
-;0.020683285366190414
Objective:;0.026565270286559528
To;0.013644343375398282
improve;0.01520700114173597
[company]'s;0.023850420936271065
RISC;0.014055362165801716
processor;0.01165025859193954
efficiency.;0.01896734337734967
-;0.014761986629113046
Goal:;0.01736570656679667
Learn;0.01448073318155845
the;0.01127164468352819
skills;0.012380116480341897
to;0.012891085426165072
become;0.011697751883436736
an;0.011193489545989798
asset;0.011215232812380923
to;0.011984361062128841
[company];0.012852563312650655
Let;0.01451556041578509
me;0.01187230882618463
know;0.013576822441205961
if;0.01318254810682359
you;0.012062985577410233
were;0.011708397134830116
referring;0.014355682095718705
to;0.014589273802971368
computer;0.010748528746182765
software;0.011506677578416311
engineering;0.010927766366322287
rather;0.013407254362829359
than;0.01165471998553618
hardware;0.01055701569192836
engineering,;0.012119452432385427
and;0.011634199471517566
I'll;0.013308068274673039
update;0.01148680900390396
my;0.010515447324558566
suggestion.;0.01060329310768331
