text;attention
sure;0.023260439585514006
go;0.02151042949243073
lang;0.02590568339180721
is;0.025467352363043302
an;0.02548144760083479
async;0.031917256672286246
general;0.01645740973233145
purposes;0.021609918142681445
programming;0.019573103225318144
language,;0.11540271575050656
it's;0.029102416071231544
good;0.015371599184034078
to;0.014770748947452152
note;0.02148327208491636
that;0.020603661154764672
it;0.018976411415166195
could;0.01660915676922871
be;0.013530431318100894
hard;0.016043270773202223
for;0.014772072035686895
beginners;0.02188692612424765
to;0.018015434702338847
understand;0.01801712924408718
the;0.015083339498742512
go;0.017859807409270352
routine;0.018522245179922278
and;0.01914047197120516
this;0.015093419272995134
stuff.;0.030214951425875995
but;0.02060303239051995
let's;0.027184990862304633
give;0.016286280529733296
it;0.014746394368447203
a;0.01307795784069487
shot;0.023590212181285732
and;0.019438374982850407
tell;0.01530821314211835
me;0.019518096800633458
what;0.015735442640313565
you;0.01547791047374323
need;0.0162092111615039
to;0.01302384476832373
know;0.01780852411529815
i'm;0.016821133001248066
here;0.013470934360511964
to;0.013090076601702257
assist;0.013707616414480182
you.;0.01321923282506424
