text;attention
A;0.01587143363778587
penguin;0.027439354504373868
and;0.01710524081028829
a;0.014727944616033852
walrus;0.026087726807381063
walk;0.015303216881286108
into;0.0153657762472289
a;0.014364199407372354
bar.;0.022347227547363235
The;0.01624071692939129
bartender;0.01843139260504329
looks;0.014924821905949275
up;0.01573104156751029
and;0.014166566383081731
says,;0.018223250459851147
"""What";0.01727869606915826
is;0.013969040572588506
this,;0.015887235273276245
some;0.01418373780582329
kind;0.013993039623054763
of;0.014365667069895519
Arctic;0.01703476763832496
"joke?""";0.01974038525364799
The;0.015410073829279112
penguin;0.0174514652426245
and;0.014534301545163775
walrus;0.016319973021989398
just;0.014317946513850384
look;0.014779051979034319
at;0.014115735083575585
each;0.015608549063954818
other,;0.015317581202425018
confused.;0.016707028865973965
Then;0.01400766184932002
the;0.014330955601537866
walrus;0.016397017553285563
shrugs;0.015437437719579934
and;0.013995093465892361
says,;0.016695787267180268
"""I";0.01742045892952372
don't;0.014731156155725426
know;0.01451093004380758
about;0.014161479722191282
Arctic;0.0150960971886962
jokes,;0.014960988294240092
but;0.01398297500786332
we;0.013728429193027613
sure;0.013925763492892075
know;0.014419001794053365
how;0.013768016923239128
to;0.013938438939613374
break;0.01510357658318667
the;0.01367965318170502
"ice!""";0.01585545232672217
The;0.014071697967607882
penguin;0.015074022247091376
rolls;0.015288247962327372
his;0.013715707643798956
eyes,;0.014712529782983177
but;0.013722733880268612
can't;0.014105711485777566
help;0.013722818895033328
but;0.013505875414627
chuckle.;0.014590097523620733
