text;attention
Here;0.0001813403140968869
are;0.00015986833454090848
some;0.0001578658137250487
great;0.00016147883104221874
objectives;0.00023794376910855355
and;0.0001468189669639205
goals;0.00015996189516168287
a;0.00014356715169928797
computer;0.00016107879246188378
engineering;0.0001639515189165149
student;0.00014895752113855038
could;0.00015173794072207694
put;0.00015098101931696736
in;0.000146075788455152
their;0.00014321365255074385
resume:;0.00019540500278500013
-;0.00016745218913460298
Aiming;0.0002733921954134595
to;0.0001411972158062383
help;0.00014584276952114584
[company];0.00024250457515854882
produce;0.00015103303672903812
cutting;0.0001592278664840556
edge;0.00014340670918826996
hardware.;0.00017150329243893002
-;0.00015588884351809069
Objective:;0.00023834564989256085
To;0.000147305812409249
improve;0.00014874760245904637
[company]'s;0.00025117044144678754
RISC;0.00019845901965744164
processor;0.0001459313032096415
efficiency.;0.0001574678951535876
-;0.00014536309444423577
Goal:;0.00019970660005259508
Learn;0.0001620486324149988
the;0.9899618016510697
skills;0.0001502951689803076
to;0.00013832895496316847
become;0.00014513997777213606
an;0.00013648482036568427
asset;0.00014835708779579988
to;0.00013714578313614646
[company];0.0001736622312020955
Let;0.0001532801014550869
me;0.00014685064714797363
know;0.0001546187093160432
if;0.0001406860008857967
you;0.0001398025679328406
were;0.00014054165922812271
referring;0.00014672690809247396
to;0.0001350998213444267
computer;0.00014236122453853596
software;0.0001412730570523609
engineering;0.0001388054222547287
rather;0.0001405205844382488
than;0.00014148454419213584
hardware;0.00014395818139093536
engineering,;0.00014517383747540325
and;0.00014052199679430536
I'll;0.00015626593324632172
update;0.00014213699985794157
my;0.00013068023308428995
suggestion.;0.00013175483776910145
