text;attention
Which;0.008840852204371776
of;0.0064723783338616545
the;0.006686724413551102
following;0.016972004603857498
is;0.008129952849606409
not;0.007940251496110927
a;0.007940016754749432
type;0.011983939926905721
of;0.007140744421021578
cloud?;0.039567471802913395
A);0.01595966195235152
Cumulus;0.0189586477534501
B);0.013224425283689457
Stratus;0.017099121266753902
C);0.015264215310790783
Atmosphere;0.029862320505512817
D);0.015289423052519733
Cirrus;0.018064561643441186
What;0.013330799361591037
is;0.010217561973751503
the;0.009209189527937606
capital;0.009723434809863358
of;0.0077890614031889144
France?;0.022250751931100658
A);0.015397670173598083
London;0.007886424059039257
B);0.014318314222440637
Paris;0.008842677240845389
C);0.014560077432202513
Madrid;0.011724364873973022
D);0.01780141063767765
Rome;0.009673376946119487
Which;0.014454534433661851
planet;0.012222603881843014
is;0.007222026527348234
known;0.0068692840453933755
as;0.006903975893609198
the;0.00901328975215699
Red;0.007244844066251966
Planet?;0.020378019928452114
A);0.015534739830233856
Jupiter;0.00697220425600641
B);0.013718313264731923
Mars;0.010846910088156731
C);0.01438646546784503
Saturn;0.006766895647258296
D);0.014841473299880342
Venus;0.009156322594706827
Who;0.010791224041335036
was;0.009481383832733167
the;0.007981108143120957
first;0.00995176036933534
president;0.008653030695914284
of;0.008345071106336947
the;0.007169390298713605
United;0.005591239011780974
States?;0.018639406628230333
A);0.014910605479720066
Thomas;0.006765490562130225
Jefferson;0.006688575980281019
B);0.013876682591139165
George;0.006804729699042712
Washington;0.006217453505977392
C);0.014017819732528303
Abraham;0.006488444726481562
Lincoln;0.006848397102473036
D);0.01338542056829085
John;0.005957803016370759
F.;0.008712354274095923
Kennedy;0.00804225600636366
Which;0.0123012405721264
country;0.00802824706424389
is;0.008656190823609203
the;0.0076230818997878305
largest;0.00975246019645091
by;0.00973511535538273
land;0.006350206580158728
area?;0.0198219470418066
A);0.01660499800720238
Russia;0.00818192454142406
B);0.016345869432877844
China;0.007841657332398536
C);0.014420305718244828
United;0.005588240441795664
States;0.005697104057130375
D);0.012206292560316209
Brazil;0.010871739856323911
