text;attention
Kernel;0.047402686853928386
trick;0.053576130023036066
allows;0.03781990914870625
the;0.02187480455791227
inner;0.021840149243675434
product;0.0356233046345628
of;0.026118968669600517
mapping;0.03550883209825122
function;0.02399667501521282
instead;0.025313731594264637
of;0.020723682732133746
the;0.01865979341848165
data;0.020544449777467836
points.;0.036701034168385195
The;0.01969979822689912
trick;0.022793037871431963
is;0.019386045629510157
to;0.020591249686510736
identify;0.024208871429261095
the;0.01929651785849165
kernel;0.049161753159726575
functions;0.028343414722215576
which;0.028012923427639863
can;0.01947600154139371
be;0.018341210965380016
represented;0.024890847450883557
in;0.01961222877811624
place;0.018551430212303696
of;0.024133317083508337
the;0.0188723247678593
inner;0.01825054646254232
product;0.021767055485978962
of;0.019954046012038776
mapping;0.01934851848008971
functions.;0.02082220619563044
Kernel;0.022339061369352504
functions;0.019328039903360853
allow;0.019718294381685757
easy;0.01858408065076856
computation.;0.01881302631180171
