text;attention
Both;0.019397213172887603
of;0.012422766195621106
the;0.012718145900707451
terms;0.0190338844894303
"""birding""";0.09005356997013465
or;0.014419265772939642
"""birdwatching""";0.029290775447403578
can;0.014443697124002024
in;0.012818188172973142
most;0.011888245921825675
contexts;0.01623897751050598
be;0.01231732914784667
used;0.012874581814935252
to;0.012231356432814509
refer;0.012432823601395512
to;0.012019573641765648
the;0.01158079360616388
recreational;0.014682513818020299
observation;0.013395535359289022
of;0.01196889877521144
birds.;0.017648267064805507
Birdwatchers;0.020143475786813483
enjoy;0.01626392587988585
observing;0.015159031309692534
and;0.011774320774577657
documenting;0.014356858016278529
appearing;0.015045340796037343
birds;0.012639710603819373
in;0.012545733142639456
some;0.011726383111023019
area,;0.015044563538816108
often;0.012414985345187379
but;0.013325522852478639
not;0.011078843250061539
exclusively;0.012645357924020292
using;0.013516428293219682
visual;0.01206415202614661
aid,;0.015950530270148484
such;0.01173411024221215
as;0.011383332729703393
binoculars;0.014014924544242418
or;0.011206783298319502
similar;0.011427300737077756
tools.;0.012474062583216802
Birdwatchers;0.013495710690549818
also;0.011704601638949838
rely;0.011746108237617398
on;0.011568120992013365
auditive;0.013378697550953252
sensory;0.012258811528454986
data.;0.014024195450853188
It;0.011893700517408965
can;0.01134098951502761
be;0.010825267931690884
considered;0.012046415677917793
a;0.01145274229226865
form;0.010722910312731792
of;0.011441350574932292
citizen;0.011761431480543334
science,;0.014103794270055797
where;0.012319101745373618
laypeople;0.013899319138757289
of;0.011563685080363189
the;0.01069870936442215
general;0.010776900675401208
public;0.010949207751106353
contribute;0.011599216685842571
to;0.010990436116656515
scientific;0.010773887455902116
endeavours.;0.010852607327909145
