text;attention
Sure,;0.3187078627677457
go;0.23758413654490648
for;0.215295990694708
it!;0.22841200999263983
