text;attention
Well,;0.023855181294718697
no-one;0.022655489950029757
know's;0.02395792726856619
for;0.016645186092000448
sure,;0.027115530558601657
of;0.017171975752512243
course,;0.01940258811185978
but;0.020265983053138086
we;0.01708818235320862
have;0.017172844239267043
made;0.016399635633791182
some;0.016401523162014577
educated;0.01662894205929921
guesses!;0.02711773839348164
4.543;0.039583605016141284
billion;0.020305099038473808
years;0.020106344152322382
is;0.018010819782600846
the;0.01903617071425579
best;0.01662580966238218
estimate;0.01720132697593358
we;0.016517098141029415
have;0.016340747138658327
today!;0.027699151606020805
Also;0.017090704686737585
I;0.01706966931059377
think;0.01990143954995378
you're;0.02088052894326051
grammar;0.01756358713310891
was;0.017381598917062348
wrong,;0.023685788141073274
I;0.016196056981832307
presume;0.016155449655284794
you;0.01648195695862177
meant;0.01720839875307725
"""How";0.024540411676114374
old;0.018908953640202782
is;0.018578128520364275
the;0.017431778772564955
"earth"",";0.026701054220280192
rather;0.016540582861931552
than;0.017257455487341127
what;0.016519567687136145
you;0.016291926439405593
wrote,;0.017228285746834614
which;0.01628748899065222
was;0.01572455237377233
"""How";0.018343498770580634
old;0.01636035021915899
are;0.016922745138205145
the;0.015886725297292768
"earth""!";0.017556414977248382
