text;attention
Well,;0.27219925503475056
no-one;0.011081491895565145
know's;0.020793447015767783
for;0.01765249824658306
sure,;0.09691782631331217
of;0.015003118566813156
course,;0.06698792099313403
but;0.010357324813186814
we;0.009249090888685993
have;0.007662301479274714
made;0.006522236702781745
some;0.0063752889231746416
educated;0.00755750693658292
guesses!;0.021697920749139305
4.543;0.11972792550776733
billion;0.008575066749098578
years;0.00639739014005562
is;0.010472023889196016
the;0.012702371251934144
best;0.006296970594113427
estimate;0.0065233954917802775
we;0.008258362897123695
have;0.0068049734257974274
today!;0.016555063318831834
Also;0.006932527821859652
I;0.009546912739498014
think;0.006856121019214333
you're;0.011614158702394252
grammar;0.006270951446031547
was;0.008424464602941403
wrong,;0.02055249327985253
I;0.008746548817858048
presume;0.006613344990704906
you;0.007623614397273445
meant;0.006069885135092697
"""How";0.012622454884951496
old;0.005798165667664498
is;0.008186821297826507
the;0.009280940630186177
"earth"",";0.009929188056892635
rather;0.005981037742504767
than;0.00653478320736515
what;0.006173169034650797
you;0.006687494636165615
wrote,;0.01181435017901188
which;0.0058229099703108215
was;0.006443740488733
"""How";0.008634186597876611
old;0.005420606428910853
are;0.006223450453862204
the;0.006504200878172179
"earth""!";0.006320705067743772
