text;attention
There;0.06037703837877669
are;0.04659611429302655
many;0.04932245985052389
good;0.048320344409538446
alternatives;0.05612644385328433
to;0.049784734183171656
GMail,;0.25543875783974346
such;0.048882561676037266
as;0.05295954422314969
AOL,;0.08482853920021471
Yahoo,;0.06359585064054898
Outlook,;0.06729672911434309
and;0.04520405357351324
Protomail.;0.07126682876412803
