text;attention
There;0.06576329022075751
are;0.05132496488677655
many;0.055183951674956024
good;0.05694153689709156
alternatives;0.06331431294916592
to;0.055713334585271515
GMail,;0.17879438699113007
such;0.05287155731252243
as;0.057009462920713266
AOL,;0.09090093234058985
Yahoo,;0.07085285958426658
Outlook,;0.06867578804809851
and;0.05229270253992051
Protomail.;0.08036091904873972
