text;attention
The;0.01611118766893454
clue;0.0163955863189213
"""Aircraft";0.04612053193201084
whirling,;0.02802675911174114
cheer;0.010826193960191294
"pilot!""";0.02764085058481458
is;0.013371878542859688
a;0.012903150102764382
cryptic;0.015590536777638693
way;0.012125832976324712
of;0.011403657573810802
describing;0.013478578647072036
a;0.010338561125941852
helicopter,;0.02612039285181314
which;0.012487942462270097
is;0.010200401838127053
a;0.01150585190192526
type;0.010639277673668606
of;0.010673877250713084
aircraft;0.011187429544439005
that;0.011620744633902648
rotates;0.013229492770509646
its;0.010757751885753262
blades;0.011851638907067238
in;0.010379683052584104
a;0.009540348912342601
whirling;0.011015201099993354
motion.;0.014161271985255366
The;0.013441270121459122
word;0.012313362784046303
"""cheer""";0.023522617456775773
is;0.011668103525845191
a;0.011209381186387476
homophone;0.019063217212122743
(a;0.014761078253594745
word;0.010567716794755178
that;0.010872305032495646
sounds;0.010757217128253746
the;0.009744686281587811
same;0.010102576644848298
as;0.00992652357196552
another;0.009986461570993215
word);0.010725145196420162
for;0.011589717988291427
"""hear"",";0.016194394179560756
which;0.01048251054501702
is;0.009474655062220732
a;0.009612437730375574
reference;0.010644735144123414
to;0.010381100848487647
the;0.009597427750341529
sound;0.009836714126965903
that;0.009959483133439242
a;0.009411187552066188
helicopter;0.010708545306338843
makes.;0.012714402478550596
Putting;0.011994084688555978
it;0.009805375037126212
together,;0.014282143834466222
"""hear""";0.016493348955544256
+;0.01351571078022705
"""pilot""";0.014637025576349915
=;0.01110589214045923
"""helicopter"".";0.013440778842796992
So,;0.01231713321120452
"""Aircraft";0.014314504260420021
whirling,;0.01203270611078117
cheer;0.009541971406197888
"pilot!""";0.010631805489194946
is;0.010404078436963702
a;0.00961209031656171
cryptic;0.010270756075936423
way;0.009401430532188433
of;0.009230669372968653
describing;0.009480863516046623
the;0.009327899462755482
word;0.009420817544649187
"""helicopter"".";0.009765327707885286
