text;attention
A;0.4099503206180408
VPN;0.04268162046786341
can;0.009379287149223163
make;0.007878603288714581
it;0.008439270709140486
harder;0.028253220575708043
for;0.00829683305490833
your;0.00763960398966631
ISP;0.017451535516781063
(Internet;0.08225007356575445
Service;0.0035504980375094717
Provider);0.012706945683839474
to;0.0047049342528420615
determine;0.00533543658323032
who;0.00479869700293625
you;0.004064636544245101
connect;0.004647704378965869
to;0.004432086828084261
over;0.003932632961211408
the;0.003509866301021682
internet,;0.015646644544461977
or;0.004882175443322496
to;0.004002201737720368
censor;0.0053568145679777175
certain;0.0034612873688411724
internet;0.0036945815877423706
services.;0.051298681719357975
However,;0.007525804429844481
this;0.0040317834753655305
doesn't;0.030315509869907296
prevent;0.004047835934816278
the;0.003637698633153326
VPN;0.005368369062867632
itself;0.004271441142690671
from;0.0037280239119992196
logging;0.0038450040135987037
what;0.0036209810271952735
sites;0.003789827789943977
you;0.003491225297139402
access.;0.00731979764780397
Basically,;0.006363869160525529
a;0.003699006687795155
VPN;0.004081087679717808
acts;0.0038629650820749427
as;0.0034983063902985245
an;0.0034105623063628455
additional;0.0035979108106602865
relay;0.004712896248536063
in;0.0032709030636692673
your;0.003300120431266483
internet;0.003386070572753789
connection.;0.004907930245796838
In;0.0033640569766401405
order;0.0037322496928172354
to;0.003260328109483384
achieve;0.0034102831053569173
greater;0.0036039386371359687
anonymity,;0.006730150287469604
you;0.003340764689074919
would;0.003490590358350571
have;0.003182568782895394
to;0.0033374651242379697
use;0.003321625953579284
a;0.0032764815557620734
network;0.003717440773562615
(like;0.0045038776055756485
Tor;0.003583167115101485
or;0.0032647757263583642
12P);0.004937934911565097
where;0.0032200631680293548
no;0.0031820921602616088
single;0.0030768152223467926
relay;0.0032726878336336953
knows;0.003206339579878473
the;0.0031321335512393355
entire;0.0031978045895214827
source;0.0031661487675541168
and;0.0029794072166871885
destination;0.003212837011565239
of;0.0029526807497019065
the;0.002954159399113961
data.;0.0030580059506061497
