text;attention
Cough...cough...;0.11419828121086399
Let's;0.02070376866678293
be;0.013733334485917556
serious;0.01733947196756715
and;0.01513359828562687
not;0.01465241086656892
laugh.;0.026173962829303718
A;0.014928482640056822
child;0.018489876243430448
falling;0.01837391932216093
down;0.01710050012477236
and;0.015353018720601913
hitting;0.016071532344718725
their;0.01411366891491908
face;0.01637523587841734
could;0.01718032032201058
feel;0.01644229892426339
scared,;0.022906808035221667
upset,;0.017243216981805552
and;0.014478373845552324
in;0.01297324193208864
pain.;0.021917784748962457
Falls;0.018501609980136693
can;0.015491930875871855
be;0.013573464221939441
distressing;0.018628415012162666
and;0.014141938253761211
disorienting;0.01789759704918591
for;0.01382811098940222
children,;0.01766869483898258
and;0.013867360910766471
facial;0.014759423776191275
injuries;0.016291232994586458
may;0.013725834744895015
be;0.012650526211536433
particularly;0.013248601974471705
frightening.;0.017230767019585376
The;0.013484468604277287
appropriate;0.013893639362084065
response;0.014706966753160319
is;0.013960686447800897
to;0.014150497165742607
comfort;0.016086714685831966
the;0.013568224262704874
child,;0.01644906600452814
check;0.014440073836076268
for;0.013666229253849131
any;0.013105891821334517
injuries,;0.014819933807580787
and;0.013364741040274646
provide;0.01362004758029463
treatment;0.014169194130427698
or;0.013249173812549276
consult;0.014176938867526082
medical;0.013111162765124867
help;0.012992479561210616
if;0.012726556562945381
needed.;0.012868697529587145
