text;attention
Here;0.010919713620288747
is;0.011296385314208011
a;0.010236782101747279
python;0.017347048932254062
script;0.01629959298626606
that;0.015469727400842744
connects;0.01268182156075343
to;0.012407466339498505
an;0.010406751305240769
FTP;0.018361897370934396
server;0.013239598494491122
using;0.014767511521271152
the;0.009737556090635481
ftplib;0.017007149145251556
library.;0.030375040805325822
It;0.012110731086667048
requires;0.014616369176044641
the;0.00995369697399815
user;0.011451317019883838
to;0.011768838838628181
input;0.012051553667958627
a;0.010510241770861706
username;0.012723345346062252
and;0.010915864428539026
password;0.012091537728300704
for;0.010623666755237673
the;0.00933374922003283
associated;0.010529259778018765
server.;0.020435641673624976
**;0.012809925230904337
“python;0.02251175732661761
from;0.01413902091237812
ftplib;0.016656054140268335
import;0.014299941271355348
FTP;0.012675252263504628
import;0.01851811183105398
getpass;0.016056569780161376
#;0.017023018748440116
IP;0.011968080871318135
address;0.010825260819176787
for;0.011881529617242152
FTP;0.01066630796229629
server;0.010305421854889621
myhost;0.016548234988003046
=;0.012987240883188717
'127.0.0.1';0.048314491776666635
with;0.0158551982275003
FTP(myhost);0.02616861136367824
as;0.010774791057525991
ftp:;0.014642675068935063
username;0.012822728405138166
=;0.010986211477196361
input('Enter;0.021464556278023232
username:;0.013213014970381395
');0.01175442179248929
password;0.012151586503439034
=;0.009941061618714097
getpass.getpass('Enter;0.024222237865971434
password:;0.010231588366996433
');0.010016718762071348
ftp.login(username,;0.017380441902411933
password);0.01014998255461787
***;0.012126996026555944
Is;0.009911534582302014
there;0.010838872877059686
anything;0.010510047413683516
else;0.010463832600804397
I;0.009678061200978312
can;0.009447533092636823
do;0.009325934320425458
to;0.008880947900348634
help?;0.009184337039782199
