text;attention
-Creative;0.02918642752411207
problem-solving;0.032230320669791826
-;0.02131555480912047
Quickly;0.017114833395816525
develops;0.019037363456059147
effective;0.013817601166357543
solutions.;0.04372646599360159
-Strong;0.033737657022593466
interpersonal;0.024946676103575424
and;0.015535354442843636
teamwork;0.016628356585586233
abilities;0.019781083727891682
-;0.02512991498435799
Approachable;0.024546030520100157
and;0.014958596151698964
collaborative.;0.023666605082000115
-Stress;0.043674948954521536
and;0.013592502606237056
time;0.01334881964268745
management;0.01765523710560363
-;0.023638862788819732
Makes;0.018543629404457727
rational;0.015160936871842357
decisions;0.01833489925472434
in;0.013039245601427486
high-pressure;0.014860152538565506
situations.;0.02142109252888794
-Professionalism;0.037622112659997355
-;0.01969873546884368
Shows;0.01627155710256109
respect;0.016107683767331595
to;0.013025948671702496
all;0.012107730336556894
individuals.;0.015948740123806367
-Determined;0.033846509461015105
goal;0.015619458336954753
attainment;0.017619972874357237
-;0.019896766600990646
Overcomes;0.021048102239542815
challenges;0.014965335058272185
to;0.012242022986011509
achieve;0.012809799242197054
objectives.;0.015551628713146661
-;0.013778287796612394
Timely;0.021906463340738373
task;0.013066457678808928
completion;0.015059083123575259
-;0.014296422159954077
Consistently;0.015115765272646676
meets;0.011728619757346315
deadlines.;0.012037628293748857
