text;attention
As;0.0885102596533438
an;0.05615870001615814
Al;0.05015053274709715
model,;0.11319747314431
I;0.06180027433841592
am;0.04868824193150186
unable;0.051712755582178714
to;0.058753673403443174
answer;0.0622061119544186
deep;0.06023923479012132
theological;0.08490925989981683
questions;0.05761802488041684
like;0.051644966656215686
"""What";0.05748153421178435
is;0.04597232742704461
"God?""";0.050956629363733144
