text;attention
Tokyo;0.19603361474836217
is;0.17003118256485317
the;0.14516266720559198
capital;0.1623279597598189
of;0.1379390543723562
Japan.;0.18850552134901757
