text;attention
Here;0.016497036604476687
is;0.01492710139611326
the;0.013653579437466075
list;0.014778368714413063
of;0.013770644877365235
all;0.013748105860818942
the;0.013474590986697062
countries;0.015547123438149114
in;0.013617283930136342
Europe;0.014203906093531922
in;0.013469623326629565
alphabetical;0.014360302070230679
order:;0.0147892236758812
Albania;0.014574597891235533
Andorra;0.019036418512138963
Armenia;0.014823575596564631
Austria;0.014762214220350192
Azerbaijan;0.014474531626790313
Belarus;0.014071609450269116
Belgium;0.014437745956017373
Bosnia;0.015192910229399018
and;0.013591987623971543
Herzegovina;0.014555277023387029
Bulgaria;0.014115134332114303
Croatia;0.013668695594915393
Cyprus;0.013769906695191129
Czechia;0.014605411008069943
Denmark;0.013957707567487217
Estonia;0.013719851686024177
Finland;0.013469113826243337
France;0.013407098959063385
Georgia;0.013376646463625226
Germany;0.01346237482059331
Greece;0.013284095924022115
Hungary;0.013105046430572524
Iceland;0.013628472194232613
Ireland;0.01376823903137706
Italy;0.01318333826885258
Kazakhstan;0.013407246698180332
Kosovo;0.013630180813882746
Latvia;0.012911788413526708
Liechtenstein;0.014256929336793301
Lithuania;0.013146350212290093
Luxembourg;0.01320444107931134
Malta;0.013553886711647103
Moldova;0.013679813220290863
Monaco;0.013158908235228603
Montenegro;0.013350258508631004
Netherlands;0.012971558406086202
North;0.013049835869879154
Macedonia;0.012941889557744304
Norway;0.01286293185670521
Poland;0.012880115610034198
Portugal;0.013142053987212573
Romania;0.012808810232589648
Russia;0.012808696071284832
San;0.01294312929987691
Marino;0.012968547374069725
Serbia;0.012763393510145072
Slovakia;0.012915038228753449
Slovenia;0.012905565560445502
Spain;0.013022713422980708
Sweden;0.012976368529795904
Switzerland;0.01291544035733814
Turkey;0.012861947415878592
Ukraine;0.012840886232660062
United;0.012894332170112746
Kingdom;0.012754239817199226
(UK);0.014917671488188166
Vatican;0.013083731790404904
City;0.012712414905143684
(Holy;0.013271809282712715
See);0.012608184448559184
