text;attention
Hi,;0.2339641243392408
how;0.1133958229012527
can;0.11237225996501943
I;0.11061307157544441
help;0.11997750726031951
you;0.10172930927847904
today;0.09806596889306225
?;0.1098819357871818
