text;attention
A;0.8006893217525847
neural;0.006215959943214478
network;0.005667653061888573
is;0.005569642766597009
a;0.005049728166925453
computer;0.004827373390876162
system;0.0064156310441102
which;0.006098611587713834
tries;0.007394740050824834
to;0.00596478143485498
be;0.005243913822690958
able;0.007560673618652134
to;0.004961290252487707
accomplish;0.007022362107037297
creative;0.007108380421589109
and/or;0.006023079837134035
intelligent;0.005340124007707381
actions.;0.009176621264134011
They;0.005671601676385577
have;0.005251782677080346
to;0.005267302537005701
learn,;0.008394481304067607
like;0.005551911631407898
people;0.00505994074393583
and;0.004660365718647135
are;0.005657408865656234
a;0.004532590920314417
network;0.006386785392603839
of;0.004999185639230561
"""neurons""";0.0076950386789403115
inspired;0.006304520113731758
by;0.005053999250610782
the;0.0042584212823582705
human;0.004232443697312326
brain.;0.004692331339688563
