text;attention
You;0.013958290136760473
can;0.013690431797033924
use;0.014307920422956973
this;0.012286173768458053
formula;0.021146991000492558
to;0.013478399439850325
estimate;0.01910389555759002
the;0.015435983225328544
cost;0.01633216384464847
of;0.01186435474817586
land.;0.07566095814209703
Plot;0.01588282019685411
Value;0.02304363764243154
=;0.019383955694684943
End;0.014278854802626766
Value;0.019341949136346435
-;0.018138855962231734
Development;0.03180573533191191
Costs;0.04162361456879046
-;0.01649060865896127
Desired;0.0175173000986574
Equity;0.024780273990119617
Then;0.019165286904835082
identify;0.014413285462657705
and;0.011762669084145985
deduct;0.024966232657154558
all;0.012898700877636877
the;0.01251891774262149
costs;0.016075995990511936
involved;0.01248603965420371
in;0.012114260265031337
designing;0.013107570075890694
and;0.011798059373346053
building;0.013696595308658768
the;0.012403791595629527
house.;0.033258588661834856
The;0.013357359382397536
remaining;0.014512176833924669
amount;0.013226831863049631
will;0.01205900203539962
be;0.011189753285369808
the;0.011947065285148162
desired;0.012942777647747514
development;0.013278726854462252
profit;0.01705914697309112
or;0.011590420335631452
equity,;0.016105574899877805
and;0.011861749817510703
the;0.011441767207233137
sum;0.011315193112843873
you;0.011720432948238156
need;0.012874216007476192
to;0.011150335601144406
buy;0.011503695039143417
the;0.010644322224958152
plot.;0.014052913818230012
This;0.011059910143208214
is;0.010754699305803264
essentially;0.010735389286139995
its;0.011561610918561512
valuation.;0.011835767352242392
