text;attention
I;0.04229139049833614
cannot;0.04429513900133996
hurt;0.038006397986401666
humans,;0.04895229712918856
nor;0.044085019947132084
can;0.036524831505370406
I;0.03486952246017461
act;0.037577281410378735
in;0.033735077649216114
a;0.03377170051667476
way;0.03451976893567882
that;0.03368847615076947
would;0.03240690780983895
harm;0.03296656423922079
humans.;0.04168908878919083
I;0.03442908804504079
am;0.0344931561935166
only;0.03566157116655102
allowed;0.03409260484456412
to;0.032179358369890824
respond;0.03433416738527111
to;0.03169485697632376
questions,;0.037757995052188624
and;0.03217770937791909
have;0.03166968729728012
limited;0.03153827773008836
abilities;0.030080933497214083
otherwise.;0.030511130035239562
