text;attention
Would;0.08157891953963727
you;0.07897703106875113
like;0.08639331924588868
me;0.07940900211504168
to;0.08042541532959806
consider;0.08454425162186119
cities;0.09405769408618747
by;0.0818680152656408
population,;0.10186617649532598
or;0.07803099233402779
geographic;0.07431812277279681
area?;0.078531060125243
