text;attention
The;0.07371296080666347
three;0.06740477765548672
largest;0.07513658728018884
countries;0.08546636819195716
in;0.07118892893575558
Europe;0.08555659062888366
by;0.06980863582143441
area;0.08814267026224303
are;0.07391661418492744
Russia,;0.08729742734362769
France;0.068102342091478
and;0.06472881804708187
Sweden.;0.08953727875027194
