text;attention
There;0.013195973787562982
are;0.005734025696004358
several;0.005933411214768114
ways;0.006791530317406492
to;0.005677236532482594
output;0.012943386476540971
all;0.009811787549504044
the;0.006260370832714681
contents;0.009842256934918575
of;0.0064932152025651575
a;0.005812269478697994
list;0.039364217700835244
in;0.01492787929650483
Python.;0.07788129474882838
One;0.007813575919812838
of;0.00943444280766663
the;0.005262553820845744
most;0.005090498359855496
common;0.005762186268299568
ways;0.005661323598720011
is;0.006129871208149057
using;0.008044908249739753
a;0.007970830852654414
for;0.012287465403915768
loop:;0.0319345784086136
***;0.010731725440782994
list;0.01085831434957817
=;0.012369325122860516
[1,;0.06341645367982598
2,;0.042948630300808734
3,;0.015334369725688815
4,;0.012922319314679699
5];0.01831482022674762
for;0.007484442707045032
item;0.007523820798103154
in;0.006343083775037506
list:;0.013336068070633776
print(item);0.05267215503004138
‘**;0.008505519194403257
Another;0.007108535174323738
way;0.006604293235308563
is;0.006177027130076959
to;0.007789586513212114
use;0.005992614112603159
the;0.006299004497411834
join();0.03460423993546896
method:;0.01548266573337681
°°;0.012287180507504497
list;0.008741815917448529
=;0.006795678626568799
[1,;0.019018204940548813
2,;0.015618440808492574
3,;0.010306303653080249
4,;0.007077443075138669
5];0.010025921631051508
print(*list,;0.03274828248815816
"sep="",";0.010646168911989613
""")";0.007285484542011667
°*;0.0077649904859427
Finally,;0.009895233646810404
you;0.005041278178263881
can;0.005270990057551893
also;0.005179301346910487
use;0.005162119919958221
the;0.005254631400243682
str.format();0.020489723687030243
method:;0.008894957224563009
***;0.006416743065795282
list;0.006707383534925082
=;0.005734949587075532
[1,;0.008196495450035451
2,;0.008033411555307644
3,;0.006216278949671206
4,;0.005571584211379294
5];0.006471790096373939
"print(""The";0.009535949430786521
list;0.0054270443672728465
contains:;0.00598190484940582
"{}"".format(list))";0.008191888077650561
°°;0.005130321039427173
