text;attention
As;5.252040610380395e-10
of;4.563791937513468e-10
today,;5.658342491529634e-10
Amazon;5.054096768699426e-10
recommends;6.044664454917034e-10
using;4.5849999105418475e-10
the;0.9999999590742691
open;4.782844101718044e-10
source;4.661978498188025e-10
“epub’;8.773686609856719e-10
format.;5.404643271144387e-10
To;5.108363969826777e-10
convert;4.955984093971998e-10
your;4.597988899082222e-10
e-;5.350492123686273e-10
book;4.5651175630293087e-10
to;4.542013761951624e-10
the;4.3900711329521016e-10
epub;5.7459078973046e-10
format;4.486514107342916e-10
in;4.420079467566612e-10
python,;6.279318747649812e-10
you;4.5008814822959373e-10
can;4.6158710834648633e-10
use;4.5517525256122245e-10
the;4.3661944375973004e-10
‘ebooklib’;8.784878780695803e-10
python;4.837118680588331e-10
library.;5.204284790260374e-10
Still;4.846324453475115e-10
to;4.5009051574894537e-10
have;4.554703998247594e-10
a;4.4667025611283215e-10
properly;4.567371874035035e-10
formatted;4.708153298696598e-10
e-book,;6.665958674375198e-10
you;4.429745994600044e-10
should;4.61284588067103e-10
go;4.5387380192723826e-10
over;4.556692355515609e-10
the;4.3254287987532894e-10
formatting;4.6232374372711193e-10
to;4.450593339145721e-10
have;4.4902422796312377e-10
the;4.323632068058969e-10
text;4.4692536659527815e-10
paragraphs,;5.854196763721051e-10
headings;5.012756276502464e-10
and;4.3368017926226415e-10
images;4.345848018952932e-10
properly;4.4169290820551426e-10
aligned.;5.186996176626874e-10
To;4.925538396411767e-10
achieve;4.6433333354299735e-10
this;4.514270529738128e-10
you;4.424044992869075e-10
can;4.505672543730222e-10
use;4.406419513407243e-10
additional;4.452803869417722e-10
‘HTML’;6.629814095535247e-10
tags;4.434504153467893e-10
for;4.391933201922742e-10
example.;5.074764169556727e-10
In;4.751143988408495e-10
any;4.5604646751427706e-10
case;4.4675964055400237e-10
you;4.354384559007392e-10
should;4.459419489989326e-10
check;4.5030236858825627e-10
the;4.274798484973088e-10
output;4.376283626811354e-10
if;4.6090663581922046e-10
all;4.36971434186265e-10
the;4.2324654476543994e-10
formatting;4.36981341365948e-10
meets;4.4379589659375424e-10
your;4.3283245539470186e-10
expectations;4.787027229899594e-10
before;4.474645684450961e-10
you;4.26345457965823e-10
publish;4.3156892250025746e-10
and;4.304424192765109e-10
reformat;4.729062532273285e-10
if;4.4057128960604377e-10
it;4.2150323947245616e-10
doesn't.;4.896721167986471e-10
