text;attention
You;0.03148632953153177
should;0.03367477774999862
have;0.030960296316294454
a;0.027795091324653944
good;0.029687000600941104
understanding;0.033619732908981036
of:;0.037943410233716716
-;0.03169166689189099
linear;0.03209095611355164
algebra,;0.03959514247541554
especially;0.030161068365009164
of;0.028170128036766637
matrix;0.0303772174122531
operations;0.030421484972361943
-;0.031561107408715657
calculus,;0.03307607373956568
including;0.029501177965584362
computing;0.028666512389330757
derivatives;0.028447242212879892
-;0.02907034782170032
probabilities;0.030250207948186322
and;0.027324484211204005
statistics;0.027345210228345088
Do;0.030367666065873895
you;0.028636348896864408
want;0.029780245433249492
me;0.02912377678806918
to;0.028153105308658093
detail;0.030433331504474467
each;0.028533289428538628
of;0.02725192023560111
this;0.027202875718130903
requirements?;0.02760077376166106
