text;attention
No,;0.0611457563479155
but;0.056953922497709836
you;0.0521136871455395
could;0.055402754832622386
theoretically;0.05834529750059898
train;0.06571271641173697
a;0.05388062129859023
subset;0.0568756118586291
of;0.052479925345951466
my;0.0556450001835233
code;0.0552655904548405
to;0.055505184837075755
give;0.05270102092216883
you;0.05224985592158421
Turing;0.05421298795463679
Complete;0.05446143934583407
answers;0.053441066757260444
only.;0.053607560383782116
