text;attention
This;0.02280044033778874
question;0.024670824626501164
is;0.020978437261928693
dependable;0.03905218882288582
of;0.021138731711588192
the;0.01855154433264527
person,;0.02647047047418972
but;0.0203430377698879
in;0.020300770174152036
most;0.020472542479853913
normal;0.02055088494771312
humans;0.02045995877099092
the;0.02027918159084309
endorphins;0.03580332525009654
are;0.02062355705990795
a;0.020571710697589025
7/10;0.05475791712338633
pain;0.020187037084856516
relief;0.01884509547127968
drug,;0.022939576839437738
as;0.019578596673367598
the;0.018208129026558984
Morphine;0.02893993379993331
is;0.019329711392162063
an;0.019999323471023154
8.5/10;0.0612591799442325
for;0.01861482730697271
its;0.018838528661596226
nature;0.018914202662491462
of;0.018217092192415275
relaxing;0.020369875619529392
all;0.018449110151478584
the;0.01772239049394415
nervous;0.019126249106754773
system;0.01719860532395531
and;0.017839575115479386
being;0.018788453288527955
used;0.018082660285788914
mostly;0.01798336577026735
on;0.01757039127452617
accidents;0.01820959775321596
and;0.016975492567977462
hard;0.01748070893625639
pain;0.016607276363564467
situations;0.01589948999045807
