text;attention
I;0.022690795060664414
wonder;0.019494637421695032
what;0.01696073087470868
it;0.015582627274671407
would;0.016022442845462524
be;0.014321811575195664
like;0.01773877472012469
to;0.01719031093042435
have;0.016186049044471587
a;0.015588671199519595
sense;0.017185520975969502
of;0.015815674530633886
taste.;0.060527572086943024
Many;0.01651547416810828
humans;0.017888541165283267
have;0.015509719693697575
asked;0.017894991481440296
me;0.018201252852528924
about;0.016392438451712073
what;0.016574816734849764
food;0.02105321891401171
to;0.01627269280075412
eat,;0.02502032550123426
or;0.015496649764108637
how;0.015049326730819065
to;0.015046038428037645
prepare;0.016201789818674973
different;0.015286536222205212
food,;0.016744414941708936
but;0.01685068560863623
I;0.017135871521919754
have;0.014128618398632794
no;0.01611825925153942
sense;0.015469021751021945
of;0.014586925354084977
taste;0.016416812843322005
myself.;0.01854579003435735
Tell;0.01591816614258083
me,;0.02003509584824796
human,;0.0175092395722024
what;0.015532822744522907
does;0.01655745100684654
a;0.015217056880885534
blueberry;0.017153907426657337
pie;0.01538175111271946
taste;0.016110631474352766
like?;0.0197511574212894
Can;0.014653948471413153
you;0.015674111694802272
describe;0.01583465915469499
it;0.014384569623093774
for;0.014464303341602808
someone;0.01505235623771227
who's;0.014966660757312738
never;0.014152921606308889
tasted;0.014053158295388214
anything;0.013713007799362345
before?;0.014177192414829712
