text;attention
The;0.02197095041828773
kind;0.014692731236338307
of;0.016291283229929218
tofu;0.12909522191282932
used;0.027098228060501512
to;0.016198980711793657
create;0.01853503538781966
Mapo;0.06421719405638343
tofu;0.02601600837638899
dish;0.02762057483244265
is;0.02769976556633287
up;0.01602198599531817
to;0.016533135475028677
preference.;0.04719948839446677
However,;0.036513780958871374
it;0.02112558820654781
generally;0.02049415077613154
is;0.016946257507207945
made;0.016388692929954023
with;0.019106879409129578
silky;0.023452199135122892
tofu,;0.04700112643131519
or;0.019308441483405752
"""medium";0.025709045450082135
to;0.015302105079176577
"firm"";";0.0332907993485768
though;0.022172975185711808
there;0.0217675614284918
are;0.015496657728090427
many;0.014738065305679055
differing;0.01591700426213575
accounts;0.022909926348360834
that;0.01535761714189312
would;0.01384341241907132
say;0.015614793666276638
otherwise,;0.02067170874329819
even;0.013743177830219453
advising;0.014834440311486915
against;0.014741102444932472
it.;0.014361906814969634
