text;attention
First;0.035752757413390575
I;0.03236759103501095
would;0.03245367694000548
recommend;0.03607839847924564
you;0.029869330133635887
notify;0.03688696819138716
said;0.03361604743164941
online;0.031689289692243314
virtual;0.03133818649003239
assistant;0.031280053010888924
training;0.03170480927593261
crowdsourcing;0.040572915335265476
platform;0.03005376606994924
of;0.028635108872849032
the;0.029249711178374018
mistake.;0.03872501040439279
Secondly;0.03182657256978974
I;0.029043736196650877
recommend;0.03415087493797183
you;0.02869843952636682
make;0.03121024448791755
the;0.02931753982288743
choice;0.031634631678147736
based;0.029810847301735752
on;0.03001444941591637
the;0.02784369169539405
other;0.028618410287417035
factors;0.02941679990468407
in;0.02733609334943856
the;0.02663929189060414
agreement;0.027105565162402274
primarily.;0.027059191818422975
