text;attention
To;0.0179742675539922
use;0.01609141798378528
ChatGPT;0.07337939225700725
you;0.014014355070266597
can;0.012455650855656105
follow;0.012702194773099298
these;0.013897572035343742
steps:;0.033095575023826235
1.;0.07277140599180665
Go;0.012855179517866813
to;0.011946401605377388
the;0.03629026637161935
website;0.021084041731010528
for;0.011673589945998967
ChatGPT.;0.07020033624223929
2.;0.03272984475920968
Click;0.013285126647616786
Sign;0.011245880124078393
Up.;0.02018478938218495
3.;0.027362974273675168
Enter;0.010769544240345638
your;0.01162095894525571
Email;0.012012268010987473
Address.;0.0196647677392042
4.;0.023360726223766056
Confirm;0.013609229705326544
your;0.011014015482224805
account;0.009651731551127524
by;0.009548891728993087
clicking;0.010777471274277254
the;0.01732991715177666
prompt;0.009924487798605263
in;0.009178618484052666
the;0.016377378879547537
email;0.010266185774655481
you;0.009384507666584224
are;0.009124405482483434
sent.;0.014057677302582776
5.;0.017120776190897122
Enter;0.009108879083050829
a;0.011959849320380573
phone;0.009546779816122232
number.;0.012772923310621607
6.;0.015062718854545973
Type;0.008833049751830899
the;0.01169502563644009
code;0.009332463643321718
that;0.008857737118241019
is;0.008370784851413614
sent;0.008439422678572193
to;0.008344201219827629
your;0.008658981299070128
phone;0.008541198869528248
into;0.008119566546719829
the;0.009888814432191962
prompt.;0.010308574393075087
7.;0.011168033270231421
Enter;0.007804555971798446
a;0.008302685336835805
prompt;0.007791290333981512
for;0.007589636725149874
ChatGPT.;0.009469005758695425
