text;attention
Are;0.027118186836315616
you;0.02535000105404274
thinking;0.0252206250768057
of;0.02762829127676163
a;0.025237598529460715
solar;0.04398567139632937
still?;0.16545630778485115
Forms;0.03070721880524225
of;0.033600368538742036
it;0.03136170910597582
have;0.026801973617904085
been;0.024495424059628557
around;0.027414025584784674
since;0.028725403940243404
the;0.023347470041452066
Inca;0.030776777445704825
Empire,;0.029325835929380765
but;0.026109727363612854
there;0.023946785277118247
have;0.02326581457607135
been;0.024235069068436643
recent;0.026400492823451117
iterations;0.029209929204383086
targeted;0.026255996891415768
for;0.024905843333423237
remote;0.02484833223755091
areas;0.025327556354892058
with;0.02364909391682377
frequent;0.025484549445376252
or;0.02281380463107535
severe;0.0228481059003711
droughts.;0.024146009952372975
