text;attention
First;0.0029685476045673317
you;0.0025182799806941886
need;0.0025674426307830565
to;0.002900790059147376
rearrange;0.015252614646821027
the;0.00257204787786402
equation;0.0037383501554274887
for;0.003859909465930348
x.;0.006972123477586078
In;0.0025145299458107055
this;0.0022591172872574875
case;0.003183605316973561
you;0.002503938652375046
need;0.0024061643908683187
to;0.0023599477249769333
use;0.002510751823168056
the;0.002251198988952781
pq;0.003485659222988327
formula.;0.007037634497205068
Then;0.0034366096625310723
you;0.002484388949364367
will;0.0023380059483320862
solve;0.0034134984355212736
the;0.0026327464958203328
equation.;0.00400132949762244
x2;0.006047277348805179
+;0.0033973658521904812
x;0.0027291654600110327
+;0.0028784699302539184
3;0.004349245654796446
=;0.0029306688183556614
0x;0.0067126821011610945
=;0.004552667969622377
-1/2;0.012204480270193916
+;0.008519970984867023
v((1/2)2-3);0.6988159271584883
x;0.0033564818848178524
=;0.00402212460907925
-1/2;0.0041704482402818
+;0.003449581271036349
v(1/4-3);0.07002633639664003
x;0.002492631645974105
=;0.0030896883858736166
-1/2;0.0038316551075682883
+;0.0025673034141450507
y(-2.75);0.016520390535050257
Since;0.0033177369833020756
we;0.0024481698860985665
cannot;0.002733174417422051
take;0.002448492979380802
the;0.0022175557279013394
square;0.00221948004610835
root;0.0025327960652830484
of;0.0022082533558192047
negative;0.002399315879442177
numbers,;0.0031982112068809163
your;0.002336701452353429
equation;0.0022755756212693677
does;0.002154706148958942
not;0.0021790332031550357
have;0.0021634144461715084
a;0.0021132620191065114
solution.;0.002220324783545651
