text;attention
You;0.006607601205728344
can;0.0033892130653289426
use;0.0035625696968502986
a;0.003083463654946557
combination;0.003450966791526775
of;0.0031303974208913114
dd;0.007044170737725476
and;0.006155924159519987
gzip;0.013743454699873243
or;0.005075651101953258
zip;0.005744771848720824
to;0.00416106658305957
peform;0.005405432842183297
this;0.00467146064946485
task.;0.012737843636147626
1.;0.012661460345281126
Backup;0.008036082509711436
the;0.004035142195815818
disk;0.008203953576048004
partition;0.005109155327205767
using;0.0042952692505480485
dd:;0.035454673689687896
$;0.005308058756976372
dd;0.0052182138929440704
if=/dev/sdXx;0.07687531534494174
of=/path/to/destination/mybackup.img;0.42163856308629083
2.;0.020225631030452513
Compress;0.014493941685814563
the;0.0035450069111090106
backup;0.0037310451852311166
file;0.0035585630770555605
using;0.004066131661950835
gzip;0.006213118317260521
or;0.0043500017016131634
zip:;0.010179696404918101
$;0.0036132450141856025
gzip;0.009673134970255239
/path/to/destination/mybackup.img;0.07257696178551194
This;0.005131840295817334
will;0.0039302663470028604
create;0.003394244694212232
a;0.0029899440533952193
compressed;0.005486635181226218
archive;0.0037484463276940177
file;0.0033957615694228
called;0.0037433158748566573
mybackup.img.gz.;0.03492262204456557
Alternatively,;0.004336750921465761
you;0.0027190860675992577
can;0.0031575508544985213
use;0.00297179456779207
the;0.002634499401019552
zip;0.009352879763379491
command;0.0038191927975847824
to;0.004349514541198612
compress;0.004724438398638123
the;0.002987319837990277
backup;0.0031057300929016067
file:;0.005286616165242216
$;0.0033275509378129222
zip;0.008409899870895523
/path/to/destination/mybackup.img;0.013850012664844123
This;0.003957660408842263
will;0.003119744535380347
create;0.002999735743746918
a;0.00287569615378344
compressed;0.002985283013412853
archive;0.0025623793332936267
file;0.0026541814403089727
called;0.0027512097001635167
mybackup.zip.;0.0032918425852826276
