text;attention
State;0.031322228599602674
that;0.015488450950267843
you;0.017591973927725206
are;0.01499334653756586
a;0.014058430996061822
loyal;0.018344138886882105
customer;0.015501635004473114
to;0.019410460103689908
them;0.015402634090798764
for;0.013645485221806005
years.;0.045548090160283494
Provide;0.02680057423849111
offer;0.022077692959695715
by;0.020992876152532758
competitor;0.02466501292922831
that;0.018950437408308263
is;0.013908699683739615
lower;0.016448381612001843
than;0.016151878818058605
what;0.018770711958052376
you;0.014290265995829459
are;0.01235856771085424
currently;0.01648453136902179
paying.;0.05297446596995562
Inform;0.021448203330791657
them;0.01531470965264525
you;0.01660098292499073
are;0.012765083855307491
thinking;0.01509294104806017
of;0.014386781275764898
switching;0.027195627175858574
and;0.019593129543545605
politely;0.02114585213972443
inquire;0.030465464023689902
if;0.02677477524925146
it;0.012533524780665663
is;0.012892493320679465
possible;0.017809954416116932
for;0.013651975342452752
them;0.020627552334272145
to;0.016575692393318076
offer;0.01956418147253936
you;0.019458150372752017
a;0.013467603749233064
better;0.014748845021442077
deal;0.01666225297911614
as;0.02797628189904046
a;0.014124274366412013
loyal;0.016665955348330125
customer.;0.04627674069907303
