text;attention
I'm;0.10817086837351765
not;0.06122470293925789
sure;0.06632610507787287
what;0.062416214536040245
maps;0.06758364582358667
program;0.0699223756127288
or;0.06594231134775261
app;0.06528087032949229
that;0.05988077449753051
you;0.06294738204067261
are;0.05865091933605216
using.;0.07511831732257566
Can;0.05937219574657081
you;0.05774713643599459
clarify?;0.059416180580354395
