text;attention
I'm;0.12478385553666084
not;0.060998490450792
sure;0.06355803126879997
what;0.0627214125086515
maps;0.06925030711218544
program;0.07564901802007451
or;0.06461115845274112
app;0.06310179441116488
that;0.059324564632267394
you;0.0616308291323003
are;0.05676192406392092
using.;0.06649166894630698
Can;0.05659474138758704
you;0.05677245569359895
clarify?;0.05774974838294811
