text;attention
I;0.06165448694789214
do;0.04840594328020703
not;0.054797006317178584
have;0.0551006219189702
access;0.05324568158234789
to;0.05192327510504826
the;0.04495971094749222
Internet.;0.08532666068258297
I;0.04489468324657085
do;0.05146544825746574
not;0.044280922241940995
able;0.043948618470958614
to;0.04466384744156351
gather;0.046772099184351684
latest;0.05047310443977126
information;0.046903058795864504
to;0.04445574884470416
answer;0.04376922772207184
your;0.0417695613757262
question;0.04119029319729149
