text;attention
February;0.12598353321776493
07,;0.1948784116674554
2023;0.1972228424441211
22:00;0.1642013061491158
in;0.1092705819171215
Moscow;0.10410399886365863
Time.;0.10433932574076285
