text;attention
Fantasy;0.17823582502473537
landscape,;0.1573570933376971
hyperrealistic,;0.1849189880841087
pastel;0.10055974608071379
colors,;0.09550105696546099
by;0.08773536639981556
greg;0.09573635608279296
rutkowski;0.0999555680246754
