text;attention
The;0.033124204010715266
European;0.013667030325092153
Union;0.018130962677357063
(EU);0.024129687582960926
is;0.009263835596073888
an;0.016570494126844307
economic;0.012404220156343229
and;0.008928340632708162
political;0.012343074142807935
union;0.024461430854242266
of;0.01174334112285101
27;0.02114001161261509
member;0.009805345428861563
states;0.011928219935231013
located;0.010439521564266441
primarily;0.009005045905906428
in;0.00797405586737139
Europe.;0.028377143984708485
It;0.015531913178934476
was;0.01025156273396346
created;0.012057024966333955
with;0.008551632107807308
the;0.007656911399728508
aim;0.012389266968099654
of;0.011067027683266513
promoting;0.011109197871646005
peace,;0.01603996881186862
prosperity,;0.011669503311807829
and;0.009830471845131064
cooperation;0.008328797847525828
among;0.008367445222307757
its;0.007573019462510303
members;0.007960393113799048
through;0.010326795340615928
common;0.008452711422227546
policies;0.009887552380213644
and;0.007913058298523857
institutions.;0.04138299504808938
The;0.011147810465938428
EU;0.02183589789521029
operates;0.012624009418469062
through;0.013269976557786133
a;0.009097533014911719
complex;0.011192066816931724
system;0.008803696850027977
of;0.008708066454323118
decision-making;0.01986785039334422
and;0.00974531873120593
governance,;0.018521462590750097
with;0.010918399262341009
various;0.009092006402252873
institutions;0.013721913547171167
such;0.014450513668668924
as;0.009301959003994663
the;0.008385574781120939
European;0.008889748517272549
Commission,;0.01912332068317388
the;0.007852557051844388
Council;0.01207320914245679
of;0.00789187025769111
the;0.0071978531791563605
European;0.007331456318222833
Union,;0.009359682832977861
and;0.00858278629774401
the;0.007157340302666349
European;0.00730178467644699
Parliament.;0.0156781652627993
The;0.009107592526522887
EU;0.010694474977576713
also;0.00973426182964618
has;0.00792117374454652
its;0.007387831529348742
own;0.008986673458002581
currency,;0.021181225210794838
the;0.007905677393887724
euro,;0.013328284756014434
which;0.008193089552445382
is;0.007375490332373976
used;0.008038946732632857
by;0.007765570652159708
19;0.009377341955880266
member;0.007053131497719699
states.;0.007042188932189498
