text;attention
Some;0.04481642955602839
required;0.00909049774257625
skills;0.009079554914525913
that;0.015092041098437542
are;0.011508659899948653
common;0.005098183832750777
among;0.0052629203151132575
programmers;0.012517240458727931
include;0.010113358039139845
scripting,;0.20540267515037938
debugging,;0.07325469796337497
project;0.004360418959277875
management,;0.02405281709903191
version;0.004411251545283657
control;0.003361135197483176
(git),;0.27030250310654685
critical;0.004023175576173801
thinking;0.0035005401309620822
and;0.006045704659787416
teamworking.;0.055296845643094325
However,;0.02047546206361284
different;0.0032555452422601203
domains;0.0058213016759819285
of;0.009426540148224536
application;0.0031340791687845177
require;0.00372853195287627
different;0.003077326550079784
skill;0.0036563620040804415
sets.;0.02014057864565914
As;0.0035216152615305846
such;0.003470076624824686
no;0.003127321297578648
two;0.003131628116427841
programmers;0.005272819773872442
share;0.0034080322265826156
the;0.004734735991017392
exact;0.0038059267549420774
same;0.0031198229255972477
skill;0.0032784514248843126
sets,;0.008991821102240054
As;0.003782382884345599
an;0.0031247837069146027
example,;0.010068868645216134
while;0.0037085275129175644
a;0.0033472855076515573
software;0.0038131085900437226
engineer;0.0034120123296384076
can;0.003162069219932861
code;0.003563867590096761
in;0.003420679636086591
a;0.0033468701457687357
wide;0.003094517649682918
diversity;0.0033685679771004173
of;0.004087536248304048
coding;0.003518833655022379
languages,;0.006987265538270704
a;0.003000442268919693
more;0.0025957591535241483
specialized;0.0029573588041751486
role;0.002708496221744378
such;0.0027702870117044293
as;0.0024950593130075344
a;0.0026020999332319033
machine;0.0031218983259925694
learning;0.0024280441424442494
engineer;0.002452231131901682
will;0.002646255032224851
mainly;0.0025190716269508904
code;0.0022644122672882015
in;0.002240340024450462
Python.;0.002222438065745392
