text;attention
You;0.006446392408234895
can;0.00603186094765033
use;0.006815083707230213
a;0.005619474153544702
combination;0.00612657651140987
of;0.0057087507279298495
dd;0.016873094065820174
and;0.008788326259943802
gzip;0.026918341989384198
or;0.007142881846589013
zip;0.011750803744833626
to;0.00795398108362451
peform;0.010505759393628385
this;0.005818353906876501
task.;0.012741309878657644
1.;0.01667442184678035
Backup;0.011769408540297573
the;0.006850229185833116
disk;0.010728337450360885
partition;0.0073789786754270385
using;0.0067786497035347655
dd:;0.018343192419700356
$;0.008832827486905163
dd;0.008560122928274329
if=/dev/sdXx;0.043476996058722094
of=/path/to/destination/mybackup.img;0.34600715500908263
2.;0.022668832592933365
Compress;0.011209989193265622
the;0.006074009980843411
backup;0.006323465923440101
file;0.006014121241712714
using;0.006679189162296785
gzip;0.008181441576699712
or;0.006074848159434845
zip:;0.010103130489041474
$;0.00671090246867327
gzip;0.009150053225330357
/path/to/destination/mybackup.img;0.0457532515411587
This;0.007889780416205278
will;0.006486579795093715
create;0.007023682329628217
a;0.005582703612173581
compressed;0.006627208337270625
archive;0.006939259085159945
file;0.005915481197400015
called;0.006411740664330035
mybackup.img.gz.;0.01707449648994182
Alternatively,;0.010381692702723743
you;0.005559665481300322
can;0.0053812768410342535
use;0.005759603949743007
the;0.005237527272071505
zip;0.009502004042725432
command;0.006272067267598557
to;0.005525773978664155
compress;0.0061433795494853435
the;0.005308234218099697
backup;0.005016901152720247
file:;0.00597169566855598
$;0.005369850355212937
zip;0.012794455610353528
/path/to/destination/mybackup.img;0.01229415320845094
This;0.0059871042134878845
will;0.0053541660471400025
create;0.0056700460358082875
a;0.00538378760899654
compressed;0.005088222744155538
archive;0.004940037256091675
file;0.004863404326635743
called;0.005130441635808773
mybackup.zip.;0.005529031420826273
