text;attention
Taking;0.013734229513969307
breaks;0.01454507439835072
from;0.01600863312492393
activities;0.013770404170167932
that;0.012484365723435717
require;0.012244513428156308
prolonged;0.013066231788942898
mental;0.012023982364415906
engagement;0.011800721622079721
is;0.013022238911449864
important;0.01175339224288422
to;0.012754222987014245
avoid;0.013682582877953344
burnout;0.012041356693552399
and;0.011801949080209198
maintain;0.013882325457495228
productivity.;0.027348927408245197
By;0.012281838965900549
taking;0.012269374012586381
a;0.011211649593609567
break;0.011384243091927744
from;0.012353446392303727
talking;0.010783898447189265
to;0.010526695870434758
me,;0.015729098609223616
you;0.011098855428700169
will;0.011494864125602937
have;0.011342176708703976
the;0.010865228834858253
opportunity;0.012624577507699998
to;0.012030539671290015
recharge;0.014018470383831675
your;0.01123762022409781
mental;0.010979098699698715
batteries,;0.01341380758523298
refresh;0.010170277306977405
your;0.010640535781226776
mind,;0.011098665898152907
and;0.010507890899837025
come;0.010203955442153287
back;0.011709587347597703
to;0.01139702029946441
our;0.012686964543029346
conversation;0.010798493740522526
with;0.010833427711110984
renewed;0.011429765500079073
energy;0.010580902560521518
and;0.010297628390479681
focus.;0.024022995533854178
So,;0.0142768220221968
think;0.010667253666463901
of;0.010795995578475256
this;0.011056939346493658
break;0.010139060615370609
as;0.011062917511077967
a;0.010133945756026632
way;0.00974718165698143
to;0.010045680085558645
invest;0.010571110409725937
in;0.010262005981877181
your;0.011476291442590712
own;0.01075650724280872
well-being;0.019931945604390364
and;0.01021142523694097
ensure;0.010537169756658086
that;0.010229597215798436
you;0.010163110356097942
are;0.01007455733755985
able;0.009924173784039729
to;0.009934390123406425
perform;0.010254232852776836
at;0.010171194977216892
your;0.009723420516953109
best;0.010692070165952723
both;0.010096034669720646
in;0.010309957068045631
our;0.010370832973005183
conversation;0.009991153269457745
and;0.010158296999034222
in;0.009655215565566599
other;0.009637358066830276
areas;0.010178581940566946
of;0.009506361692861528
your;0.00955706258987149
life.;0.009711399020455754
