text;attention
Sure!;0.023409937867838296
Here;0.0170119823753781
are;0.014738657305119158
a;0.012016692131746528
few;0.012972266400384303
ideas;0.01495916965637861
to;0.012269085521104135
consider:;0.02038374765657718
1.;0.027249052464769444
Membership;0.022703179372181092
site:;0.01842425004624726
Create;0.013432669249838417
a;0.011622017323475765
members-only;0.02522140294974939
site;0.012544654836174582
that;0.012739235506770944
offers;0.012857614182075275
exclusive;0.014241450675745912
content,;0.018027787790079665
resources,;0.016184720635487506
and;0.011330624237509827
support;0.011837765013282469
to;0.010825057222406627
your;0.011172303448978033
followers.;0.017839044281848127
2.;0.019334435769358695
Podcasts:;0.02856637143033827
Launch;0.016422983087531373
a;0.011021581896988727
podcast;0.013594561596151043
series;0.012172756362482854
that;0.012142693262944843
covers;0.013522040298942222
various;0.012591484227992123
topics;0.01323830670001863
of;0.011139717263236634
interest;0.011840782659027018
to;0.010769630362864348
your;0.011009179167589712
followers,;0.014370979615508957
featuring;0.012189842777522164
interviews;0.012662227242035818
with;0.011008391101742489
experts;0.011756715285441921
and;0.010638939403790185
thought;0.011830362911338287
leaders.;0.01474474739405476
3.;0.015982795965397843
Virtual;0.012841967465462482
events:;0.014617192450369021
Organize;0.014084956035378139
virtual;0.012320684898011795
events;0.011471535106484665
such;0.011580327811853901
as;0.01188753039409222
conferences,;0.017051003435467744
summits,;0.020407108275480406
and;0.010902337604292937
workshops,;0.01221457352349276
where;0.012019936648007136
your;0.010964646197785173
followers;0.011201822040937389
can;0.010832359422423794
connect;0.011813315994769358
with;0.011145492720311225
each;0.0108368812698246
other;0.010848561909829583
and;0.010308500684927937
learn;0.010729972883805913
from;0.010429259650874786
industry;0.010870965499508396
leaders.;0.010053174143163127
