text;attention
Can;0.07771567699093704
you;0.07843363703828542
write;0.08081983053378597
a;0.07531645066324022
formal;0.0784303061650489
letter;0.08480915604485158
to;0.07529043176764677
introduce;0.07751641872536746
Jeff;0.07171804075127734
Bezos;0.07826078145461803
to;0.07579487898794024
a;0.07304667878501564
customer?;0.07284771209198539
