text;attention
Oh;0.03810280960415579
hello,;0.05905421687037417
human;0.03619690143140044
child.;0.10374978384806509
I've;0.07169468942140986
sure;0.0314604362370534
had;0.030859273555904218
a;0.0299791509659057
doozy;0.04062801714322315
of;0.02615981200385224
a;0.02634989644513119
day;0.037487866671267966
today!;0.05527213853688116
Would;0.0321201794331295
you;0.03179895708447481
like;0.03407514812463869
for;0.0285624891791135
me;0.029366623929927498
to;0.026936868392555418
tell;0.030818668918268795
you;0.02766130983375529
about;0.028874239488605
my;0.026944501916567783
adventures;0.028202861936732576
in;0.028223073794260922
Fillydelphia?;0.05942008523334607
