text;attention
The;0.023326779903706747
best;0.010536098825312179
way;0.01089958496201282
to;0.010183372911405556
learn;0.012397033549241526
Spanish;0.08990673512954922
without;0.0235916979384137
classes;0.03835755667253964
is;0.0435713989009975
to;0.01390951812898523
practice;0.022253249391950048
it.;0.051039758429254393
You;0.014944623470877405
can;0.011737274758973399
try;0.010298624941386855
to;0.010251473829489125
speak;0.013281187108365814
with;0.010418577337390425
your;0.009688237108919667
Spanish;0.014028381427745132
friends,;0.02037850152860491
move;0.010153045974502417
to;0.010316434487203268
Spain,;0.01556851552680502
or;0.012645730990392163
talk;0.009809354513694427
with;0.009421956787842545
people;0.00936431271424062
online;0.011047464716149674
in;0.008925292748346785
Spanish.;0.02865547775265222
Apps;0.014296460710541276
like;0.011673140945900787
Duolingo;0.01884064683105338
are;0.011919227687784384
helpful;0.011369339454154657
for;0.009747687212213934
some;0.01016240468026988
people;0.010816324755029971
who;0.009427513416818668
want;0.009292623874382448
to;0.008777067169622173
learn;0.010230903516722503
a;0.008647174536331518
new;0.008471902489507023
language.;0.015970373750581655
It;0.009979128290472981
is;0.01036576277765048
a;0.009120362767807281
philosophical;0.010961315278975647
point;0.011921758548466352
whether;0.01561101720778855
any;0.00997535156400589
of;0.00887885199480056
this;0.010930803151884308
can;0.009646300886184256
be;0.008474371053606355
considered;0.009760060930890551
to;0.009385599845910425
be;0.008559731968834838
without;0.010572079549261553
classes.;0.022412992298101238
What;0.00984025960001384
is;0.008647098513430138
your;0.009050552689406181
definition;0.00923650573158495
of;0.00860391225110426
a;0.00825194998922612
class?;0.009264189612728596
