text;attention
The;0.011450283469651002
code;0.009969774475930268
is;0.008759455401050347
creating;0.014216994263760734
a;0.00883701993317606
list;0.012029686552350757
of;0.008637143336516629
unique;0.012210636600367383
tokens;0.015334247416475292
sorted;0.014468865098801086
in;0.008260861400907234
alphabetical;0.014349204574205172
order;0.010760610498570394
from;0.008922691013363617
a;0.00917747699677517
list;0.009803683240188432
of;0.008479431742271901
tokens;0.010492085728617345
and;0.012884511507615956
their;0.009034787354370674
frequency.;0.02874622489131473
The;0.009180201561999562
list;0.008624164729861411
of;0.008347474267763912
tokens;0.008791931602612274
is;0.008566562227200617
filtered;0.01239404180263197
to;0.010028192246929213
only;0.008410190929437527
include;0.009201071539804014
tokens;0.008973090584847816
that;0.009842556234734201
have;0.008251845203112446
a;0.007916156361665453
frequency;0.0090063273133842
greater;0.010303235161074328
than;0.008552349925648158
or;0.00800317922956788
equal;0.008803010886922348
to;0.008287604827397294
the;0.008037351272989471
specified;0.00930242735583844
minimum;0.009481366993036382
frequency.;0.01676098406274386
The;0.009919620804827759
'<unk>';0.014680115819628105
token;0.009436551626731182
and;0.010394676409341311
a;0.008002029677896117
list;0.00813591732194952
of;0.007944128312386337
reserved;0.009250609151874934
tokens;0.009518444526606789
are;0.008565649183075017
added;0.009213003984230859
to;0.008287372413187713
the;0.0076403851946870785
list.;0.01231780813988691
Here's;0.017645119651221015
a;0.00888907690995416
version;0.010000998543153996
of;0.007961531147711795
the;0.007976597335160209
code;0.008832523352013394
without;0.010529558790698487
using;0.008662640243387618
comprehension:;0.0457664152984613
unique_tokens;0.02423252529016471
=;0.011629853990277139
set(['<unk>'];0.028929146219005046
+;0.009947188190457625
reserved_tokens);0.024554640763389236
for;0.014149313122270418
token,;0.012809174462915756
freq;0.010888958010089168
in;0.009874221400698545
self.token_freqs:;0.0320483209858106
if;0.009108413608821808
freq;0.008374480246833644
>=;0.008236660218655892
min_freq:;0.012636602076153266
unique_tokens.add(token);0.01857311590033866
self.idx_to_token;0.019043259720730513
=;0.00884119549763775
sorted(list(unique_tokens));0.014661164640195398
