text;attention
I;0.12683120923362465
fine;0.126807795133997
and;0.10997637887971023
how;0.10884439861939887
can;0.10366996941150161
J;0.10489980418076324
assist;0.10855464834968274
you;0.1043223415029991
today?;0.10609345468832257
