text;attention
If;0.015102827368344781
we;0.00974541414667017
assume;0.012071913367023106
that;0.009957376767613902
Pluto;0.014466992109513212
is;0.010204887278573365
a;0.008756614077352821
planet,;0.019032129167644015
there;0.009818202716952754
would;0.010944239537163315
be;0.009059765337848849
nine;0.01297959444145026
planets;0.014399981519940597
in;0.011213580577846808
the;0.0086445590938994
solar;0.008972134909847574
system.;0.02412976742459332
Before;0.0118138316276877
2006,;0.03935175908119651
Pluto;0.01569605673674738
was;0.011281212713250662
considered;0.011156454645081216
the;0.009419537062629161
ninth;0.012285952918908775
planet;0.012481284523789264
in;0.01026175920555124
our;0.009037153660719662
solar;0.00899721448919981
system.;0.019576977333296212
However,;0.01704710099707635
the;0.01030630195566622
International;0.010001929438697517
Astronomical;0.01240244289817192
Union;0.012203096303713499
(IAU);0.02015187465896954
redefined;0.019069228504162133
the;0.009727032240393004
definition;0.010413773653581145
of;0.009342342143498559
a;0.00908388183187945
planet;0.012721858831080344
in;0.01031916027720846
August;0.009563443204922473
2006;0.013127608340247265
and;0.012124870919909388
reclassified;0.01193238673271361
Pluto;0.011481463811291805
as;0.010715440046808257
a;0.009083394547554757
"""dwarf";0.011421091481167349
"planet,""";0.01420818155214847
leaving;0.01175541302815965
eight;0.011469829624886286
planets;0.010258327819580382
in;0.009326921452579472
our;0.008429473832864782
solar;0.00851559405029147
system.;0.014943013947561435
However,;0.013395556692597534
there;0.008854059409304893
is;0.009075389367971514
still;0.010789505051212383
some;0.009158189285912555
debate;0.01175592067976492
among;0.00994164083227038
astronomers;0.009918025758301526
and;0.009307165827672879
the;0.008328676228422217
public;0.009458702632576824
about;0.009491154109216134
whether;0.009813874576651449
Pluto;0.011704392150090656
should;0.010216198029762516
be;0.008260188979550605
considered;0.009117999981064594
a;0.008258768253800033
planet,;0.010896958036722797
so;0.010708644943947672
some;0.009378431317389
people;0.009264976866150082
may;0.009173704183301223
still;0.008943693508498933
consider;0.008958394753663092
it;0.008740073683559571
the;0.008340319944724233
ninth;0.00844649574723531
planet.;0.008297247201543555
