text;attention
Yes,;0.23268524615001018
sure!;0.22009830339069308
Why;0.18596009148070367
it;0.16665118321893427
wouldn't?;0.1946051757596587
