text;attention
Try;0.0036463819934639367
out;0.004368808604149703
different;0.0019641488913186354
disciplines,;0.7290427118625977
such;0.0010489597180906333
as;0.0021018758620957407
UI/UX;0.10944908043383261
design,;0.01163134187843422
cybersecurity,;0.10509570392260524
machine;0.0005724735913409785
learning;0.0005678455859089626
and;0.0016178681371832849
much;0.0006210214172292327
more,;0.004489884325602636
and;0.0012730470668333217
see;0.0006193346828521262
which;0.0006083973430266708
one;0.000568011287398274
fits;0.000501531106683665
you;0.0004920234620813558
best.;0.0015611071602425728
There;0.0004948179792488743
are;0.0006750227459426674
many;0.00040237910884276907
free;0.0003923915749152339
courses;0.0004188726435256536
and;0.0007383131455677705
material;0.00036981642837501463
online,;0.00128109888274258
such;0.00036974647121894327
as;0.0004566933107130051
Harvard;0.00039146823802855825
University's;0.001527646360353185
CS50;0.0009387371829595628
and;0.0004881423340123863
the;0.00046038179627110656
various;0.00030943299020027594
courses;0.00032456581534472963
offered;0.00033291986645488103
by;0.00041125977919977445
freeCodeCamp,;0.0018997370722338412
that;0.000317409737700199
give;0.00029252801095509205
you;0.00028224162923380327
the;0.0003357899489248059
opportunity;0.00028224231897404015
to;0.00032627842095127053
earn;0.0003452673058513685
a;0.00029261914583160085
real;0.0002547225292519207
certificate;0.00026560146616613376
and;0.0002812149985421414
get;0.00025329574282726206
a;0.0002638022666937526
job;0.00024733001092966324
in;0.0002577969779480392
the;0.0002497454968327196
IT;0.00023304119894591166
industry;0.00023114895406767583
more;0.0002272683396776306
easily.;0.000235653440573055
