text;attention
Tam;0.09311193391394185
doing;0.08703294182357343
well;0.0879351650640099
today,;0.13607427612814776
is;0.07783985666520185
there;0.0710892215342848
anything;0.07524107838888867
I;0.07122819592066237
can;0.06870809004356913
assist;0.08117255108750918
you;0.06751194613015304
with?;0.08305474330005778
