text;attention
Some;0.014518170756641219
required;0.015346333008220765
skills;0.018198352274699514
that;0.014098458876911493
are;0.013267637608724988
common;0.013906428402053203
among;0.01445512836280755
programmers;0.01720242587088388
include;0.01477900570005627
scripting,;0.020961738902307615
debugging,;0.018068823153470946
project;0.012724907372264138
management,;0.018282512584081416
version;0.013021719567523298
control;0.014095750951787145
(git),;0.01894867295232654
critical;0.013009444838495057
thinking;0.012943539873805171
and;0.012347242140890077
teamworking.;0.025088463508563783
However,;0.01583657064149467
different;0.01379335557425945
domains;0.017207835413408076
of;0.014077416674969583
application;0.013483214537497408
require;0.013109702938292785
different;0.013120715717728564
skill;0.013477108288704555
sets.;0.018436870844729922
As;0.012338307134374421
such;0.014159247355241648
no;0.012875564921863878
two;0.013030436763937031
programmers;0.0137531879084533
share;0.015421397121787703
the;0.012445572234431625
exact;0.013222289020380177
same;0.01269602557575677
skill;0.01211847733441865
sets,;0.014382307924131529
As;0.012386797799125293
an;0.01229917435723937
example,;0.021516201716731412
while;0.012725388247262137
a;0.013114672992938442
software;0.013189093410023828
engineer;0.014937884859043278
can;0.013050806785113396
code;0.014390346696383291
in;0.013218081774417122
a;0.012291769192171568
wide;0.012528249109783923
diversity;0.012859933344735848
of;0.012499940607701572
coding;0.01270691228662299
languages,;0.013575538364318091
a;0.01363557026901084
more;0.011901729085463095
specialized;0.01295573330738349
role;0.013300293422111146
such;0.012639506109789991
as;0.012499890316622667
a;0.012084368474673408
machine;0.012346567658405156
learning;0.012596252003663167
engineer;0.013203179357656082
will;0.01234003393040342
mainly;0.012072902576829138
code;0.012283407229073305
in;0.01206641918352096
Python.;0.01253299489940678
