text;attention
There;0.21942314732427454
are;0.009561541677414085
several;0.010951152186809483
ways;0.012143844342456826
you;0.009672562455551759
can;0.011359036370450552
output;0.018234291450997503
the;0.009621816433318714
content;0.012094593786307131
of;0.011417531367759713
a;0.008764388251937138
list;0.030602677023865578
in;0.012872255524459964
python.;0.06906169522975242
Assuming;0.015237594810901037
you;0.008726740305632833
want;0.01273150446089493
to;0.0083981510659141
output;0.01007313298433522
to;0.00981073391660339
the;0.007539071266148461
console;0.014179223934700412
you;0.01083929882247575
can;0.011078050791099976
use;0.009564491143405546
a;0.007946766354512561
simple;0.008287558941806222
for;0.009785207092099324
loop:;0.01820385469311702
for;0.009781648202574787
x;0.010028027341500887
in;0.009110436345395143
range(len(OutputList)):;0.07865722756131799
OO;0.013390469261418108
print;0.011165270431825294
OutputList;0.010598026725162775
[x];0.016268049065072877
Or;0.010124772485759692
you;0.008133701265970444
can;0.008732059332892264
use:;0.010569714920902279
print(*OutputList);0.02500246239129972
There;0.00934251062195191
are;0.00788364072237389
some;0.008201693388401304
other;0.008753568754386496
ways;0.00928345238959493
you;0.00754994977593939
can;0.007599739324973112
do;0.00745275727737388
this.;0.010086346662102398
You;0.007618711052678789
can;0.007860718243670236
also;0.00810227468818411
output;0.008155322622476636
the;0.007318871940631362
list;0.00864132804146536
to;0.007823543926026718
a;0.007245535129300771
file;0.008598377519338866
if;0.007841385047840517
you;0.007271467214812374
prefer.;0.0076250263163825886
