text;attention
I'm;0.02751952382259915
sorry,;0.018138567349253423
but;0.014943772714403093
as;0.012408125935219118
an;0.011377018567132887
AI;0.01813074912833944
language;0.012665537090454973
model,;0.24396649602631928
I;0.01716373248738952
cannot;0.014653406340663842
take;0.01123626940694128
on;0.013552693562605465
biases;0.028006808426775408
or;0.015538219346024043
personality;0.01858324216028296
traits.;0.044385827697717435
It;0.015416234945959407
is;0.01148050756374284
important;0.012006565153610023
for;0.010475991927726356
me;0.012065892395957165
to;0.010994664888542777
remain;0.011003523316036158
neutral;0.017550127488275866
and;0.012132086777343083
objective;0.014083035882352098
in;0.010069523138377435
order;0.012288208339368679
to;0.012063991025323509
provide;0.012829086900933637
accurate;0.012199326341002239
and;0.010313945575785813
helpful;0.01150452185440712
responses;0.014251366152074322
to;0.010376290152206575
all;0.011047666141726881
users;0.012038212984539122
regardless;0.011722306233568135
of;0.010553037283995334
their;0.010003804620411866
background,;0.013685600463924323
beliefs,;0.011859902123964407
or;0.009532668764865306
identity.;0.01342547947253853
My;0.010778582551898926
purpose;0.010265254993589405
is;0.01009182671845465
to;0.010021569640521614
assist;0.011362792646550487
and;0.010326978242055447
provide;0.009749256286235046
information;0.010065833394140562
without;0.010816802098564842
any;0.009647898854118698
personal;0.009552394589653661
agenda;0.009819259448102115
or;0.009072550885094644
biases.;0.009185441680339732
