text;attention
The;0.04842704470558089
capital;0.04855480169877061
of;0.04535676638154052
France;0.05439111399997724
is;0.04590435467377544
Paris,;0.0629749306179224
which;0.04807038909854198
is;0.04582364335138524
also;0.04975557796335504
colloquially;0.07978090266085722
known;0.04852790205867507
as;0.04565056613518962
the;0.045285054853218126
"""City";0.055342670758118384
of;0.04595213289672349
"Light""";0.0509183546112236
or;0.04408654106302265
"""City";0.04676646846135372
of;0.04394074452039395
"Love"".";0.04449003949037481
