text;attention
Can;0.08356423180942583
you;0.08441257313368368
write;0.07922963869863271
a;0.07077561697413987
formal;0.08126394410152926
letter;0.08625468376511045
to;0.07300628320480632
introduce;0.08102128615259434
Jeff;0.07220966405106372
Bezos;0.07698720793971757
to;0.07311270352600928
a;0.06794214592645487
customer?;0.0702200207168323
