text;attention
Some;0.0003137089896894471
says;0.0003170702759061469
it;0.00032377932690468757
does;0.0003188376344268324
not;0.00030347336579067326
work.;0.11332531533089926
It;0.0003059763653556029
is;0.00030633053487776464
most;0.00031298293118097267
likely;0.00035037038695300335
coming;0.0003095526495842896
from;0.00029854452463169413
the;0.08515938495993637
slow;0.0003165357568978746
decision;0.0003045769842259486
making;0.0003068576150219808
process;0.00030619216958252847
of;0.08503420396991596
the;0.0003343366293447773
highly;0.0003173756489226732
burocratic;0.13328420499044794
system.;0.09129378398159535
Whoever;0.0003002957667429897
designed;0.0003438183160780556
it;0.0003382309190708744
was;0.00030103979619020303
probably;0.0004198469937116809
brain;0.0003077097172110288
damaged;0.000301938622355873
or;0.00032621557365324793
had;0.00032498783552139767
an;0.0002931225654016189
agenda;0.0003146204332423065
for;0.00029995064384948214
obfuscating;0.1113561156840114
the;0.0003410635813386946
politicians;0.0003067967743338386
responsibility;0.0003114831618391174
in;0.00030091062715914335
the;0.0003296921061211503
decisions.;0.08767100466748545
Even;0.00031034497874682615
if;0.00029665928342192087
voters;0.000316872051043405
realise;0.0003248648252697052
which;0.0003019754103510125
politican;0.0005494208415326946
is;0.000312597956161515
a;0.08487435409439117
leech;0.11112278744320692
on;0.0003252918955960198
the;0.00033403082441808797
system;0.0003276600655995963
they;0.0003020380043367699
have;0.00030955544950216735
low;0.0003020298761512586
potential;0.00031842383009040117
to;0.0002969693094272874
fire;0.00034916643684832274
the;0.00032036390223515426
them.;0.0804723547142603
