text;attention
Intermittent;0.01969207507600901
fasting;0.10604246562708884
is;0.02563769348132907
to;0.014798852511090302
follow;0.015698952274858034
a;0.012649150784196941
schedule;0.019631515125298038
that;0.02009559214963596
cycle;0.013904240811677964
between;0.01921686558078657
fasting;0.02321788546544555
and;0.015412934748469408
non-fasting,;0.03509293137579587
for;0.011164267329094443
example,;0.017862944675854295
not;0.012872559852364726
eating;0.01772437388147533
for;0.014241189640769572
a;0.01042765401028349
period;0.012312732756967476
of;0.010319353380254349
time;0.01252770874513509
each;0.011163863080283967
day;0.012858592865708448
or;0.012104759160778753
week.;0.017933389773847924
Some;0.011581417570266263
popular;0.013004970527252867
methods;0.01365238316305587
are;0.013605598687007978
alternate-day;0.033010248056364704
fasting;0.022972849031086377
(eat;0.02565008116715119
normally;0.017803336496432006
one;0.01160755146174182
day;0.01412332533228669
and;0.012692824188204138
completely;0.011583618303179383
fast;0.014209686695721995
or;0.012019089650084204
reduce;0.011439693056437019
calorie;0.012316230635407417
intake;0.01160429687102999
the;0.010250042554899148
next;0.010764678757268043
day);0.012738722870297354
and;0.011922161255525856
daily;0.0139046498094378
time-restricted;0.023835478979516128
fasting;0.013401780520399722
(eat;0.018849858398896097
normally;0.013989138276877018
but;0.013152244653618073
only;0.011309717407112035
within;0.012471528705317834
a;0.010416407237077693
several-hour-long;0.01414669588058071
window;0.011229475383728621
each;0.009993349819072095
day).;0.010142324433166629
