text;attention
Fascism;0.03773144269620278
is;0.025136717445678573
a;0.02583426683858283
political;0.025759022137795747
ideology;0.02732105878178786
that;0.026155575639177156
emphasizes;0.030453259078929325
the;0.026035179285380315
nation;0.027371973210232377
and;0.025426987119877627
race;0.02586159076625975
over;0.028173128958589734
individuals,;0.02941135251829132
and;0.027120381462015553
it;0.02678039570273339
has;0.025325542491777233
a;0.025513041543565988
strong;0.024988686522561577
central;0.026240044340977434
government;0.027429248008601165
led;0.02490937587902261
by;0.02498505776115881
a;0.024647533076278948
dictator,;0.028871482041039908
strict;0.026098481823497072
control;0.025607275883533794
of;0.027515037307160397
the;0.024451786496426837
economy;0.02575823834978596
and;0.024704581450173284
society,;0.02670835249174664
and;0.02469195608235933
uses;0.02471480663515957
force;0.02452026401563944
to;0.02404875924467703
suppress;0.025079564709423414
any;0.02401610345355684
opposition.;0.024602448750342426
