text;attention
The;0.12010096169784634
first;0.09472329155682792
president;0.11636865659888962
of;0.09391359181833575
the;0.08559060921979339
United;0.09999870613188655
States;0.09841858119761769
was;0.09573786879238495
George;0.09468739577571833
Washington.;0.10046033721069937
