text;attention
Dayan;0.016555154011054708
is;0.012690402777808349
a;0.011430662064822602
Chinese;0.013037798384978535
puzzle;0.014128886708424323
cube;0.0179831381112019
manufacturer;0.018555650864011914
that;0.013330067227796259
specializes;0.01258554952697588
in;0.011526898446067713
twisty;0.019971891249053214
puzzles;0.016411518548174023
such;0.01186773707869478
as;0.013033616243315903
the;0.011271921481726023
well-;0.01170520382892299
known;0.012074360817246176
Rubik's;0.01732897358639894
Cube.;0.02199460873289427
Dayan;0.01547567569283425
has;0.012726026882915915
been;0.011270040433844863
making;0.013889376384869454
high-quality,;0.018010036366457365
innovative;0.011770742309081081
puzzles;0.014661246580072809
since;0.013055156653968395
the;0.010300239522835292
early;0.010434114929235766
2000s;0.016500359470321618
and;0.011680424357675188
has;0.011409513194460227
built;0.01169612498181248
a;0.010862617530689981
strong;0.01082762541295815
reputation;0.012404122982666976
in;0.011319048671440426
the;0.010309569142574167
speedcubing;0.023719798529949255
community;0.011470575725284572
for;0.011394276262883064
making;0.011797373912152324
cubes;0.012216944242357402
that;0.011882694687207486
are;0.010628017579531426
fast,;0.012493300273889668
durable,;0.012240814186534294
and;0.010426491555951253
customizable.;0.014860334607264358
The;0.011624802997363154
Dayan;0.01265251505010713
Zhanchi,;0.019561568120981067
Guhong,;0.015618671836404911
and;0.011301472559416935
Tengyun;0.012258095498199839
cubes;0.011563024211602166
are;0.011339513465264277
among;0.011141265994280782
their;0.010910380973370675
most;0.010408389418347364
popular;0.010843382931552388
products.;0.01370202407012367
Dayan;0.011836081843987052
has;0.01099526268238798
also;0.01068070721046434
worked;0.01089525389316318
with;0.011515222510424963
other;0.010969166606104952
manufacturers;0.011448097055134143
and;0.010584211955260821
designers;0.010993420267592547
to;0.01097421831312417
create;0.010983078269416812
one-of-a-kind;0.014462347261750054
and;0.010369871546526736
highly;0.010099314911415767
sought-after;0.01064952066251749
puzzles.;0.010402395130426548
