text;attention
Sure;0.014472185196727586
here;0.012360777799407347
are;0.012464164237305874
some;0.01172957441665524
headings;0.016475002125341424
about;0.014076772437454886
the;0.012286516463709695
big;0.01115020273359197
changes;0.012635799636141585
of;0.011684488467509451
weapons;0.017706112525974253
and;0.012661257507488905
arms;0.012081417427271684
in;0.012272292535236744
wwil:;0.03308189502881883
-;0.018806154132988993
The;0.01450670480013864
growth;0.01280858418098568
of;0.012644784547404185
weapon;0.013003591276558896
mass;0.011351741949890526
production;0.014179287516889759
in;0.011492879138155773
ww1.;0.04302919026804872
-The;0.027231122770381855
first;0.011323781094281423
tanks.;0.024961420901365577
-Advancements;0.0205749990454729
in;0.012374449854317031
automatic;0.011161064574120323
fire.;0.017488585723026775
-Systematic;0.01614393359076554
use;0.011712274978244154
of;0.01140013000492753
chemical;0.012968128136285732
weapons;0.013609870332358661
and;0.011135399794242851
their;0.011394924689433114
effects;0.011490800092019839
on;0.011484668574932584
the;0.010946529470430037
war.;0.018252491090549248
And;0.012039452160988237
some;0.011368729942798774
for;0.010962145580172146
ww2:;0.0190445328450572
-Advancements;0.01594698672057819
in;0.011324328154429618
aerial;0.012342944880441114
combat;0.011871138776185801
and;0.010904366120578171
planes.;0.014425074071550846
-The;0.01283046513080256
rise;0.011070258888063298
of;0.010609671708941207
missiles.;0.01316438190675832
-The;0.011270120402038121
first;0.01028888259148429
nuclear;0.010698932044846328
bombs.;0.013291259485084937
These;0.012142134402480772
are;0.01075667222863702
just;0.010469265927517603
some;0.010493572881804183
examples.;0.01302794354053401
I;0.010740279127494467
hope;0.010596050492847122
they;0.010437162624113419
help;0.011314425767462645
you;0.010571154645660823
with;0.010243552974313789
your;0.010271404523952638
paper.;0.010866758385530542
