text;attention
Sure!;0.11672789249017615
I;0.05195267942223358
would;0.046572802944950066
love;0.05567248314812266
to;0.0485724589125275
talk;0.04946298853810196
with;0.050478250780606575
you;0.05222956901174917
about;0.052020034296902905
Artifical;0.05895923425183431
Intelligence!;0.08674085392280273
What;0.054843527304218855
do;0.04566277585240883
you;0.04692129075662111
want;0.046813091477689084
to;0.045248823868934696
talk;0.04489039641344057
about?;0.04623084660667919
