text;attention
Okay,;0.00022767725758281095
I;0.0001741142831305302
am;0.0001909043882027796
ready;0.00020790176459947865
for;0.00017481466843831614
this;0.000179563667556817
challenge.;0.9950490761425919
Please;0.00019048898592638686
provide;0.00020185925790592942
me;0.0001747053367752122
with;0.0001688883979131842
the;0.00020106332477048188
5;0.00021526935412454994
distinct;0.00018573035173905623
biases;0.00029188757156029557
and;0.00019471223413625437
5;0.00023521443879275002
personality;0.00021967119295238725
traits;0.00021911746410275786
that;0.0002021893659080178
you;0.00019546221107522835
want;0.00018232498816824852
me;0.00017414940070218973
to;0.00016335223518672843
emulate.;0.00037986171615771413
