text;attention
1am;0.08805007820371095
an;0.07336216073316026
interactive;0.0662231376342367
chatbot;0.0946002105596964
built;0.06788913788569344
using;0.06696371382549686
fine;0.057786520000672234
tuned;0.07942262641144401
large;0.06023096656174779
language;0.058600048065168275
models;0.06307828434789269
that;0.05549730835308033
mimics;0.06114351061886978
human;0.053123718645609976
conversation.;0.054028578153520336
