text;attention
69.;0.1064272362375222
However,;0.11381534135668075
I;0.09345486341607838
think;0.09320383452091967
lottery;0.10735246210342564
is;0.10241215092845948
a;0.09311913471360124
waste;0.097730554254012
of;0.09163205971902982
money.;0.10085236275027078
