text;attention
Yes,;0.020004406200124312
here;0.015594056410573761
is;0.016427652581890585
an;0.015058839543075629
example;0.01724617765449334
of;0.01506996799524096
a;0.014916277179419539
function;0.019353179239350565
in;0.014841427749081508
Javascript;0.020158885913595638
that;0.01700741295669065
returns;0.01604052860624258
the;0.01509755582570512
current;0.015845384383936928
date;0.02062408571564073
in;0.017075752775305236
the;0.014567664517378506
desired;0.015341106342942218
format:;0.02798903792627997
***;0.01960698939174604
const;0.021227276276517174
currentDate;0.02395849229628062
=;0.017514012152600452
();0.018236905721540058
=>;0.017659192484980473
{;0.018304925457280106
const;0.0194240072286271
now;0.0225350523669058
=;0.015990727814806732
new;0.015486792168629802
"Date();";0.026142077904346955
const;0.019376014900901087
month;0.02501851628942132
=;0.01795312747730519
now.toLocaleString(‘default',;0.06497278463445345
{month:;0.023113475453197557
"‘long’});";0.026668673054538773
const;0.018233112471127313
day;0.018120960428297053
=;0.01727210923793223
"now.getDate();";0.026639307496723913
const;0.015626995840629234
year;0.01672363674840906
=;0.015151172559478643
"now.getFullYear();";0.017548879893439527
return;0.016208954545650165
${month};0.025710415323988385
${day},;0.018564306881132475
"${year}’;";0.020286518106916868
"};";0.015751242447093174
°°”;0.016713945428135542
