text;attention
const;0.029255573668019504
element;0.027839232344962384
=;0.02974266721488586
"document.getElementByld(""myElement"");";0.28806151735550095
element.style.display;0.07479073721303338
=;0.027321874671918694
"""none"";";0.0426138977571477
setTimeout(function();0.06429249500520409
{;0.028859045399113083
element.style.display;0.06317205710664449
=;0.02580262209081253
"""block"";";0.03750502164947758
},;0.03184263634896254
"3000);";0.057476986422526084
//;0.03011199909465136
3000;0.04152990583112364
milliseconds;0.029262398264323985
=;0.024727736637030834
3;0.02385809049079833
seconds;0.02193350543386289
