text;attention
Approximately;0.7621349049789645
700;0.07100450632148828
pounds;0.05766634164922987
of;0.053321452819373893
wood.;0.055872794230943316
