text;attention
I'm;0.14140631225172437
doing;0.09574303897812594
swell,;0.14418733585391358
thanks;0.10872812156616199
for;0.09537246459384636
asking!;0.12140786547427622
How;0.09700094317468884
about;0.09515010723541638
you?;0.10100381087184626
