text;attention
The;0.9909309138927134
current;0.0013124071952077012
capital;0.001360372431061872
of;0.0013079646646679721
France;0.0013364774508125817
is;0.0012945235446289811
Paris.;0.0024573408209076757
