text;attention
It;0.10431618732982384
depends;0.11536183005048034
on;0.09728261236353672
how;0.09848956713756703
you;0.09690528845121216
like;0.0983687836658455
to;0.0971744537612662
eat;0.10035660752681363
your;0.09423691090218195
steak.;0.0975077588112727
