text;attention
Sure!;0.1256446286662109
Here;0.034019650187433914
are;0.026837626477363576
some;0.025986765861632132
synonyms;0.041134000279711216
for;0.02689867355477641
problem.;0.04402063720165068
-;0.02901847013073274
issue;0.029026952205918707
-;0.026654700422468886
difficulty;0.027604438613521246
-;0.025760549018453247
complication;0.029735648859863045
-;0.02562707591585063
trouble;0.02878528215047997
-;0.025480746568376397
obstacle;0.02986818626492252
-;0.025016415678184738
dilemma;0.04668183407043657
-;0.024547638164693977
worry;0.02597213315683304
-;0.0244821493426929
headache;0.02635450774383928
-;0.024345051338037212
mess;0.025198036999016692
-;0.024293292879973265
pickle;0.026586964743973648
I;0.02607057052127174
hope;0.024581254886226856
these;0.024217060425893593
synonyms;0.025464683726066712
help!;0.024084373943493585
