text;attention
Did;0.1666253982259906
you;0.16755203936092625
mean;0.16980715961444942
puss;0.1703517914362512
in;0.1638289996186244
boots;0.16183461174375802
