text;attention
Did;0.16701317273621158
you;0.16297521624222785
mean;0.17271210960627434
puss;0.17632154725277036
in;0.16184585915309305
boots;0.15913209500942274
