text;attention
If;0.03059449180915664
we;0.009018820582644962
assume;0.010748839015371985
that;0.006510051069344396
Pluto;0.03579718592266737
is;0.011648563166896797
a;0.006270462826357138
planet,;0.1710178959692856
there;0.008024935357455404
would;0.014402214660259106
be;0.006661374503586014
nine;0.010485814229978234
planets;0.013292667285779521
in;0.008448462188299796
the;0.007138205978538634
solar;0.006856934070555478
system.;0.03338080753997845
Before;0.008960502067966291
2006,;0.08009378654118353
Pluto;0.02404070999413215
was;0.007846680610294426
considered;0.00756244740048137
the;0.005865252250705343
ninth;0.008709463234566629
planet;0.008216101604387956
in;0.006426334804945391
our;0.005932743839847252
solar;0.012446886800459873
system.;0.017377497284506088
However,;0.022478013884472313
the;0.00742579522994445
International;0.00736191476775162
Astronomical;0.008460935692259655
Union;0.013390708738522902
(IAU);0.019981773913052336
redefined;0.009959546326577454
the;0.005663402984480401
definition;0.005885070534680245
of;0.0052079450703676495
a;0.005416868059716508
planet;0.007652692398527154
in;0.005952990380394548
August;0.005891813181623376
2006;0.008130745474982127
and;0.007043834659055126
reclassified;0.007352024843611338
Pluto;0.007888065637859243
as;0.006798295307444648
a;0.005756750198330308
"""dwarf";0.008833815063894374
"planet,""";0.010880373659882425
leaving;0.005838279569586709
eight;0.006869648398759258
planets;0.005908343868820342
in;0.006648232461585226
our;0.005165017472076632
solar;0.007323680016909853
system.;0.00990648392355494
However,;0.013544143615029498
there;0.005456758530497718
is;0.005649198028655855
still;0.0061648898221233605
some;0.005792000877723767
debate;0.007409276985156142
among;0.005736747152714895
astronomers;0.006587642084432608
and;0.005777059203217921
the;0.004996885753000667
public;0.006416824469018597
about;0.006477180173703643
whether;0.006061084188249622
Pluto;0.006724774104637759
should;0.005712816835467013
be;0.00518471411824732
considered;0.005272717075774211
a;0.004960655562267199
planet,;0.006803277466674669
so;0.006998111202809165
some;0.005274273926626447
people;0.005248922850325526
may;0.005491232201683512
still;0.0054847978436152
consider;0.005483546620517741
it;0.005319468623931485
the;0.005099004204086446
ninth;0.005101526335884126
planet.;0.00492127581557297
