text;attention
I'm;0.1546385235792656
sorry,;0.041624725331819344
but;0.03591049933318347
to;0.03333869791897279
find;0.03538786509377181
out;0.0359902471600751
the;0.0347201072996221
time;0.03903679090412226
till;0.03905437946023458
the;0.03330208980335249
next;0.0348794302779684
bus,;0.057531836115907495
I;0.03459891122641395
also;0.033641720754437755
need;0.03444611962320592
your;0.035447385219009454
location;0.03936535279733369
and;0.034206948678895184
the;0.033901040366939354
bus;0.03485202351497302
you;0.03412355680459429
are;0.032528738250512
waiting;0.03302404238575005
for.;0.04444896809963986
