text;attention
I;0.039274540778293024
do;0.0403139167071406
not;0.037360757361506014
have;0.04845911318893867
access;0.0440851800100668
to;0.040236718364770614
the;0.03775868184639305
Internet.;0.21297519312272845
I;0.04066569123238
do;0.042751476632033034
not;0.03852136064829019
able;0.042051922746104996
to;0.042916537268822864
gather;0.04098608973789328
latest;0.039715929834944486
information;0.03965582107861423
to;0.04460375744331606
answer;0.03621896580374563
your;0.050177595814449645
question;0.04127075037956829
