text;attention
Placenta;0.013024896520433569
previa;0.5898278257159779
is;0.006802894351123327
a;0.004647508000202297
condition;0.004296000878781615
of;0.003375972254035137
pregnancy;0.01191679772957817
in;0.0034159346590476765
which;0.004988860028907153
the;0.004975226038675706
placenta;0.017626866414597115
grows;0.0036084187028823564
in;0.0034630335116746847
the;0.004365876768499351
lowest;0.0044222716932676275
part;0.003734562563317508
of;0.0032622742512802227
the;0.006307006199741623
uterus;0.004677366482159464
and;0.003506589777189136
covers;0.0038457182279834773
all;0.0033304928841197574
or;0.003145532491518474
part;0.0031202842783734698
of;0.003111973096335815
the;0.003293230771076669
opening;0.0034661703431777507
to;0.003149149649668589
the;0.0030837980038455042
cervix;0.004109689396535859
Several;0.004664592387526718
nursing;0.00946169202110893
interventions;0.016032915911215823
can;0.004810206427745118
be;0.0035141445931390868
implemented;0.004096522867030099
to;0.004693544582499304
help;0.0037238400047354845
prevent;0.005857969072009907
and;0.0038435348144475493
manage;0.00666665652921321
placenta;0.011928234726124962
previa,;0.014664458203732288
such;0.0037842509354086085
as;0.00454179879202022
blood;0.0060647414907348506
transfusions,;0.015110398622225914
external;0.003873296658866206
monitoring;0.006139825635324535
of;0.003556211213442643
the;0.0045533193282988865
baby’s;0.006115236331265734
heart;0.0033314303937015087
tones,;0.004937709015757019
and;0.003934864432627875
administering;0.004014569003635917
medications;0.0040402317712436055
to;0.0035577128375745616
reduce;0.003463145802103155
the;0.0032633346442020707
risk;0.003333895642554506
of;0.0032738803222296994
preterm;0.003528867113421708
labour.;0.004809642500964264
Additionally,;0.0044162125347979465
nurses;0.0059622669625727254
must;0.003849411402049047
be;0.0032854565482012196
aware;0.003353041369277064
of;0.0034747097517043276
any;0.0033465647261938293
signs;0.003959298325309108
of;0.0033288665678124518
bleeding;0.005915681350903917
and;0.004459261819972062
be;0.0033325787655940774
ready;0.003360067392664217
to;0.0032919517855113144
take;0.0030573970779009052
action;0.0033316048905386087
if;0.003166766942648533
they;0.00293974550369568
occur.;0.0030802199705142036
