text;attention
If;0.07961328803574966
we;0.03575232579542358
assume;0.0316025945420395
that;0.027245045387479495
Pluto;0.07792051223446353
is;0.028749943119178955
a;0.02535428426285329
planet,;0.07724218789706258
then;0.0297122347687421
together;0.028334150754036336
with;0.02947596210871683
Mercury,;0.06478049591931949
Venus,;0.04516807121559346
Earth,;0.038479689079684715
Mars,;0.03295452415674199
Jupiter,;0.04119352027806473
Saturn,;0.0333969734547959
Uranus;0.051716858648789325
and;0.026316392857442413
Neptune,;0.040674063998302805
it;0.02604976256630172
would;0.025531615681097772
be;0.0243733713923716
the;0.02464278011593698
ninth;0.027336276382717333
planet.;0.02638307534709375
