text;attention
Sure!;0.22023536070805555
How;0.11873661681094062
about;0.10528744044621811
the;0.1383316449064572
number;0.10024622826389211
47?;0.13970525913504062
Good;0.08853923898341388
luck!;0.08891821074598191
