text;attention
I;0.03146843681005226
do;0.015174412162054635
not;0.018001553765247914
have;0.01562716954719311
the;0.014608802540899291
ability;0.017529609977401484
to;0.015145838995385253
retain;0.017311686709740322
information;0.02272422826740361
from;0.016129778393290706
previous;0.020362626733073562
conversations;0.04667782842183098
unless;0.02437069452435684
it;0.019813712653793634
is;0.01421370232811629
provided;0.01675565886367685
to;0.01363658960624955
me.;0.03378714130883076
Therefore,;0.02594484449388375
I;0.021492477838133923
do;0.018738297188257057
not;0.014939880881117263
have;0.0159876237904554
any;0.016323298071311075
context;0.02431449271203274
about;0.021236905059449106
what;0.01789300318188869
you;0.02068764869054649
might;0.014499790370584428
have;0.014891921188034563
asked;0.022366237900579643
or;0.015177010461476693
mentioned;0.01660471939831404
previously.;0.033246837607564986
If;0.016498099361767934
you;0.014595877152459732
could;0.018265508178521295
provide;0.01634813091498444
me;0.016276997224138546
with;0.013926570770083116
more;0.014961756092793328
information;0.01573456490798154
or;0.013557417096168686
context;0.014240622025148359
about;0.014456528860498547
the;0.014039715720413352
conversation,;0.02091084256566453
1;0.016409813567849003
would;0.015066443144071087
be;0.01246482328595265
happy;0.013034783096505654
to;0.013443103381312334
assist;0.01325178507891478
you;0.01226487884960374
further.;0.012567278282940514
