text;attention
You;0.03693767785966845
could;0.01735474668540907
always;0.02374155794728481
look;0.015926576406430304
at;0.019624445067975223
the;0.016111061485098443
individual;0.020787670235273222
mods;0.033196053151595684
that;0.02043472844009126
make;0.016125005704688968
up;0.018559905804198813
the;0.015096384442689691
modpack,;0.13071078491440272
and;0.024113857753251176
download;0.02215160401747798
them;0.019683203074877004
one;0.014420788885642254
by;0.015715437309634813
one;0.020404277890070776
from;0.01684509319633239
the;0.015690646866922
curseforge;0.03718494790094029
website.;0.03259614380337934
You;0.017323236270619626
can;0.015333906091125884
also;0.018551329319648438
download;0.01883022612825988
the;0.016515251003076496
FTB;0.02811897663399565
launcher,;0.051855256049456594
download;0.017363402830529687
the;0.015041846673689994
modpack;0.023217483857941854
from;0.01632518667003141
there,;0.021317318976271038
and;0.016304148879709098
copy;0.01641022511350054
the;0.01439907002502108
files;0.015975289693172336
over;0.014603821819143957
to;0.014418569493788794
your;0.014811504343018006
preferred;0.014648601939754619
launcher.;0.015222749344910372
