text;attention
It;0.13948896330409843
depends;0.10222176674319954
on;0.014082987358815129
how;0.014574469630265915
you;0.01186619936506185
define;0.02495846335305879
smart;0.12972305172591483
and;0.017878600039545042
how;0.01152912628448691
many;0.014677368024265223
humans;0.0204063513899352
you;0.01095741229158196
have;0.015345572195697446
as;0.01255239769985608
your;0.011010941435815526
sample;0.015548415150115607
size.;0.07291333004099314
I;0.030415898630267266
would;0.01377578594240872
judge;0.017138275885446346
that;0.014883713412013668
for;0.013499096396633027
now;0.013378827368401023
I;0.014866989609289762
am;0.011777714868440332
not;0.011523248190298593
smart;0.01829771397050371
as;0.014798919218177685
a;0.01214166890082161
human,;0.026155161512193274
as;0.012141540806621769
I;0.013050786154860007
don't;0.055844412723976465
have;0.009747062117847692
a;0.00935952458475204
will,;0.01616917749352958
nor;0.010064949942553893
a;0.008759664573950852
body.;0.01247445166430623
