text;attention
Diamonds;0.006771485331285163
are;0.010302624546121814
formed;0.0059624860874081
over;0.006451416600096444
millions;0.006135498957124885
of;0.008382972819901172
years;0.00693090181225718
deep;0.005578464921099094
within;0.006183064120980101
the;0.03600377474362006
Earth’s;0.13182053766604876
mantle;0.006479597046600831
over;0.0075050456538723765
billions;0.005856709110528049
of;0.008589394225128388
years,;0.03213532944348945
as;0.0072923655774269035
a;0.008823281682954237
result;0.0054710523687848045
of;0.008850503069014188
heat;0.005743240793853569
and;0.010862047014233964
pressure;0.005641341046297614
from;0.007786284382460225
the;0.036709456682768066
Earth’s;0.08376809749199901
gravity.;0.1463274686672747
Diamonds;0.007157782716944862
originate;0.006081291235646639
from;0.010092559542248806
carbon;0.0060215842722201015
that;0.010175787856707112
became;0.009879490134622653
trapped;0.0060453976491862925
in;0.008824500823239023
the;0.02406878118275913
upper;0.00612873441775888
or;0.007162786358341813
lower;0.005592483017799166
mantle;0.006445812331944683
during;0.007107388035587471
the;0.0276506171410995
creation;0.006293374650536101
of;0.010310328041547258
the;0.027537919263865875
Earth.;0.09410723735053951
I;0.00924696562702411
hope;0.006246309618379023
this;0.009048008241009509
helps;0.0066791990117041535
you;0.008953359639495045
to;0.01059194485042071
understand;0.005714599183382936
how;0.006457956035560756
are;0.008557612866293996
diamonds;0.0073244900455865306
formed!;0.016131256995919305
