text;attention
A;0.03996413610617523
penguin;0.09506057909880011
and;0.03560986482200908
a;0.0309403115183989
walrus;0.06179329161622031
walk;0.04470431778827553
into;0.06277817828186849
a;0.02960776595729557
bar.;0.12331970613618248
The;0.03112066403537062
bartender;0.0427461228465915
looks;0.029515585431536488
at;0.02905757626602403
them;0.038110600952801485
and;0.02895341286263205
says,;0.035107880462972176
"""What";0.03220591717297335
is;0.027852260743294364
this,;0.03319531915594123
some;0.02853799884636694
kind;0.027601601544087147
of;0.02812672433345198
Arctic;0.03298530745652341
"joke?""";0.031104876564207507
