text;attention
In;0.05253989702176275
order;0.05114673251194419
to;0.05128325769449613
make;0.04920685461420977
it;0.0495637889215097
personalized,;0.05708411035759171
I;0.0493459454078043
will;0.04955037483083482
need;0.05139079030730085
more;0.04769906841015702
information.;0.053733634223290104
Please;0.04904593801429295
remember;0.051627067213887864
not;0.04886602940848958
to;0.04962765806734027
share;0.049453380225157946
personally;0.04729930959667147
identifiable;0.047337679049095506
information,;0.04740713671422789
though.;0.04679134740993524
