text;attention
The;0.018919260954357833
total;0.016873502644877535
volume;0.019068797886918665
of;0.01562597467450207
the;0.01537677648538799
sun;0.024209537756015396
is;0.01795742534965226
1.4;0.023404149899147183
x;0.016730039848981356
10°27;0.02513729210751831
cubic;0.015052810390112413
meters.;0.02635902290985997
About;0.01585028842692074
1.3;0.019537167654657347
million;0.01548374468308435
Earths;0.025439956358853266
could;0.015765699941463884
fit;0.015596442689541497
inside;0.016057848328116325
the;0.01458969692916425
sun.;0.02435141211386415
The;0.015447439466238284
mean;0.01697258769943973
radius;0.022322499870737297
of;0.016051723913319108
the;0.013967460561772185
sun;0.016081504744020626
is;0.01577539719496176
432,450;0.02996148157124267
miles;0.020392847862940724
(696,000;0.025447364187314404
kilometers),;0.02161411312184835
which;0.014873552104479243
makes;0.014990134893993215
its;0.014799284790699724
diameter;0.019772334956600413
about;0.015148609956753342
864,938;0.019805359971689494
miles;0.014624307997822756
(1.392;0.017293097689284616
million;0.014246296280829226
km).;0.017675588484534942
For;0.014010663718339445
comparison,;0.016780215789803567
this;0.014026338968500184
is;0.014088103083307785
109;0.015905562989991306
times;0.015484178222885711
the;0.014250390280653462
radius;0.014020707418348741
of;0.013518141230734103
Earth.;0.015265086503308762
8;0.01784419817530574
*;0.015487665210268935
6;0.014956955036362947
=;0.01484460885388343
48.;0.014867349164787222
