text;attention
Write;0.10051004643536929
a;0.08829624436925532
python;0.09067646265150046
code;0.08310136875494621
to;0.08828606394137478
summarize;0.11514877653897827
meeting;0.10435214109614528
long;0.08464482628157795
transcript;0.08620903843290299
with;0.07876088230547995
openai;0.0800141491924694
