text;attention
Sure,;0.20255627070598284
let's;0.1537355824415234
play!;0.20032836251393188
Here's;0.14462565459897422
my;0.0923405956475529
response:;0.11492275053822122
2;0.0914907835538135
