text;attention
Taste;0.04014849922790719
of;0.00919878187063558
chocolate;0.015866218605997667
is;0.011435154820569646
a;0.007741610831676238
matter;0.008629547897971898
of;0.009386686848735908
personal;0.010079704699382694
preference,;0.02415364541295181
and;0.010587762378025412
what;0.009717082687668943
one;0.009046015908869519
person;0.012834398132177724
considers;0.011520074827942364
to;0.008243741067040997
be;0.00824232777603637
a;0.007976821569773848
minty;0.026584620525185322
aftertaste;0.03266874735698146
may;0.013416574820408624
not;0.009200189987442306
be;0.007341748597415063
noticeable;0.01216194859831587
to;0.007635452275581464
someone;0.007602973446801396
else.;0.01773980457044042
If;0.01360725658424842
you;0.010618203909042192
enjoy;0.01720106821629072
the;0.007565044927281629
taste;0.008517627460570618
of;0.008196030515356454
Tony's;0.02172860267658575
chocolate;0.009843271989727767
and;0.019220596840858268
find;0.00908091843570683
that;0.008559085739941802
it;0.008370090556133239
doesn't;0.017324477641831374
have;0.009215273576986928
a;0.007210515013956182
minty;0.012619373457631733
aftertaste,;0.04655399091207311
then;0.010347268401115942
it;0.007622070743287482
may;0.00833665140731108
simply;0.01029543111037039
be;0.0076148755865746145
a;0.006942442741488376
matter;0.007902989314643344
of;0.007586009645954521
personal;0.007612222881763631
taste.;0.014010632870556174
Some;0.009143777206101569
possible;0.00924914370302844
causes;0.010289509197482399
for;0.00865422512795667
the;0.008351729141514951
minty;0.014996306602993488
aftertaste;0.013168586118140257
in;0.008208239446746628
some;0.007849428983837514
chocolate;0.009037255708215798
brands;0.008940343930812089
can;0.008493289869470563
include:;0.012979331364248132
*;0.009176829622298158
Use;0.008626440430429393
of;0.008883548924592168
natural;0.00913958975114451
or;0.007592366079680713
artificial;0.008549270767462558
mint;0.008006673139958093
flavoring;0.008483975996327942
*;0.010761230093136764
Quality;0.008376958184759984
of;0.007824030845014547
ingredients;0.008580980227916741
used;0.006955454659884249
*;0.009547643017649226
Processing;0.009383250809622547
methods;0.007009856132259519
*;0.008626760510876134
Storage;0.009545818709071759
conditions;0.007473682721654375
and;0.007635118119535824
age;0.007666360206247207
of;0.0069079003683753465
the;0.006546426594753897
product;0.006476509787575489
