text;attention
You;0.009605040828187784
can;0.009009191998707398
use;0.00963270854938101
a;0.007845481595956985
combination;0.008528745030805073
of;0.009935084159929209
dd;0.012188735379809242
and;0.010734028621278766
gzip;0.014859061802438463
or;0.010435030096400151
zip;0.009733965214035143
to;0.01279159128312015
peform;0.009983582728153173
this;0.00883182045679418
task.;0.025599063031072265
1.;0.017585012821149777
Backup;0.014773870881128201
the;0.009975546596812627
disk;0.010246444265837734
partition;0.009941989567808639
using;0.011049508015135396
dd:;0.02863632853902959
$;0.01224373202365707
dd;0.010098135698935933
if=/dev/sdXx;0.04152911533969498
of=/path/to/destination/mybackup.img;0.16323921789113424
2.;0.026905843148760083
Compress;0.0157282094358005
the;0.008615346798717222
backup;0.009590559077412826
file;0.009029188832392468
using;0.00964619596499841
gzip;0.009676766241210584
or;0.008290973001331811
zip:;0.01361619821283397
$;0.008823102813401238
gzip;0.01063107848532656
/path/to/destination/mybackup.img;0.03678824762663617
This;0.012137233561760186
will;0.009275343986444884
create;0.009501219447258133
a;0.007871300999714333
compressed;0.008807303751355113
archive;0.009955396438535508
file;0.008071803484029298
called;0.008783716824658306
mybackup.img.gz.;0.04037685938702537
Alternatively,;0.01299982687288345
you;0.008085643720494366
can;0.008292918323963318
use;0.00795925659555296
the;0.007333451998269446
zip;0.011711768491168706
command;0.00845682045938597
to;0.008319416550463915
compress;0.008854667788849063
the;0.007468752951924144
backup;0.007659421836750095
file:;0.012406686514325234
$;0.008036462927774822
zip;0.010051850379743432
/path/to/destination/mybackup.img;0.023080842560700802
This;0.00857264152972952
will;0.007883140856979899
create;0.00765366957571853
a;0.00735070030817351
compressed;0.007237495201979166
archive;0.007140832849805007
file;0.006840239728027555
called;0.007222129092101736
mybackup.zip.;0.008227442949239045
