text;attention
Yes,;0.015056934934228307
there;0.009314958224055285
are;0.009912340304991381
plenty;0.011595474410979972
of;0.009127763257971495
materials;0.013684043467479912
that;0.010543914240620707
change;0.014835027410260304
their;0.0101179691332358
colour;0.025611281748038894
when;0.011843992972568256
a;0.009701422533807923
current;0.01952293752305649
is;0.011160572305148588
applied;0.014718821418223685
to;0.010488321384874282
them,;0.02723536712044899
they;0.011140217469508194
are;0.010486088577234992
known;0.009969905270804928
as;0.012553624194583819
‘Electrochromic;0.2238283733488818
Materials’.;0.027994875076653433
Commonly,;0.015810498934953354
electrochromic;0.0364901665391944
materials;0.011316859411484212
are;0.009917460800187277
metal;0.010983923276094477
oxides,;0.02221201687071766
and;0.009516725262992107
have;0.010524550771450206
the;0.009396079565141883
ability;0.010778847352101162
to;0.01137200929977483
change,;0.014472855036416103
remove;0.01148259957557898
or;0.00948975225109523
heighten;0.010842744142269333
their;0.009370445544763389
colour;0.010884135048072412
when;0.010441718042461702
a;0.009303171676244245
current;0.010195172720141851
passes;0.009741982405566795
through;0.009466902059261935
them.;0.01218696141283432
This;0.009357923336807782
technology;0.012433874842179915
is;0.009412811657356903
already;0.009700415130325726
used;0.011366195051776705
in;0.01173549253820894
cars,;0.013786272903004208
mirrors;0.010955356304005322
and;0.009523646985000392
windows,;0.011014017037583666
and;0.008994419811768442
should;0.009127496265861162
work;0.009514748349747424
well;0.008893582258310198
with;0.009795485883740268
your;0.009211159876354196
display;0.008882114476713929
idea.;0.009653182964799428
