text;attention
You;0.05159896796029639
can;0.04669104619219464
use;0.04857278145610441
ChatGPT;0.10316769263181443
by;0.06666785722655569
going;0.046852602173555476
to;0.04835481957516521
ChatGPT's;0.08697007421247424
website;0.04692370973069039
and;0.04715560657500531
begin;0.04558795412502486
a;0.04296483645610052
conversation,;0.05316609130022678
just;0.042523450423095244
as;0.044834939937710226
you;0.041742329543777074
did;0.043371842641291396
with;0.04155267816486857
me.;0.051300719674049235
