text;attention
Very;0.021807134176957458
small.;0.02671286881126467
But;0.02279405882194501
ironically;0.029177453784599138
the;0.023216087700462868
probability;0.02409478494083159
increases;0.024340696840122047
for;0.022723254553405358
those;0.022326477929479102
knowing;0.025762946614974712
about;0.024279548868903298
these;0.021829142550294722
statistics.;0.02679252165648063
The;0.021922926531439974
reason;0.024209355146042187
is;0.02275839871516734
quite;0.021419917302054822
obvious.;0.024925566379274688
Most;0.02230723293348175
people;0.024002594698791697
would;0.022759325058239323
naturally;0.024546325822060268
stay;0.023098131351563897
away;0.023297183642459182
from;0.023104362700840392
places;0.023747208562899358
that;0.02433490658653763
would;0.02313100515145076
expose;0.02416376681096063
them;0.022579525465872385
to;0.022456489336724405
the;0.020994414527546117
lightning,;0.0245245382396489
but;0.021580568152186848
people;0.021692309460292533
who;0.02186066405972452
knows;0.02284342442071285
that;0.0222373906376546
the;0.021200929329601048
chance;0.022990348027050408
is;0.02172922136989963
might;0.02254854655233908
not.;0.021176445777761982
