text;attention
What's;0.11821759033120914
a;0.046941278161890074
dht;0.05353006143967065
node?;0.08080025599913129
I;0.04315941634215673
saw;0.046872597593963075
some;0.04200877118582041
people;0.04145633685012903
talking;0.041231497478845386
about;0.04272840451716097
that;0.040445287550888505
but;0.042830190449998064
I;0.044175215335821964
didn't;0.08152874354939622
really;0.039869142049886924
understood;0.04121490840644438
what;0.0379379018836782
they;0.038750504073968565
were;0.03642310604944031
meaning.;0.0398787907504999
