text;attention
Just;0.11695632730057011
do;0.10572834617513496
it,;0.15007673742676977
don't;0.12394813948565744
let;0.10438075852468393
your;0.09673537278801063
dreams;0.1044022531788441
be;0.09513362058775232
dreams!;0.10263844453257676
