text;attention
Intermittent;0.22896459662196425
fasting;0.05973906326381776
is;0.011844189246152905
to;0.009204026730457787
follow;0.010909331921287431
a;0.00817642746024686
schedule;0.013727876712744171
that;0.00980117124281205
cycle;0.01127587943461938
between;0.01863423269300447
fasting;0.027922888251558312
and;0.010238853230544772
non-fasting,;0.03374095121197108
for;0.007241019343418907
example,;0.012811469993739414
not;0.009045898163390385
eating;0.01196646367387848
for;0.0098319695280135
a;0.0071998667516670984
period;0.008309993338931104
of;0.006573151820775839
time;0.008051169446928862
each;0.007045229720535025
day;0.011748042511929525
or;0.009708386739723133
week.;0.016277007728215828
Some;0.007866754364226505
popular;0.009044535764335353
methods;0.008224373166868101
are;0.008685034322066222
alternate-day;0.058082372426862636
fasting;0.013909280875105214
(eat;0.025522770687930407
normally;0.013055836978438571
one;0.008158788494341039
day;0.012357736852592113
and;0.011573116416657892
completely;0.008647309616252725
fast;0.01156738136575259
or;0.009240317940883166
reduce;0.008358609166877747
calorie;0.008958103785872275
intake;0.0076070176691878585
the;0.00678958349854296
next;0.0074142817470305225
day);0.00901591375681505
and;0.009228357270811925
daily;0.013888195695121399
time-restricted;0.03521177450896917
fasting;0.010174441731705786
(eat;0.01892965441917102
normally;0.010124430324644046
but;0.010356495087625454
only;0.008068509377550007
within;0.009087842023454184
a;0.008288231031509979
several-hour-long;0.012543692681033891
window;0.007048605493710107
each;0.006368869706340458
day).;0.006612624969385137
