text;attention
The;0.14918575157119215
left;0.14187958196452988
hand;0.14455652330280958
is;0.14010161068955626
touching;0.14884281544555322
your;0.12918548786364725
nose.;0.14624822916271168
