text;attention
That;0.013273171663386119
is;0.012362842211848477
a;0.011658722529533616
rather;0.012072759807599687
subjective;0.01998298784775898
question.;0.023474700087539376
But;0.013577635354977578
while;0.011259692068218953
some;0.01167496580963467
prefer;0.019110725149164835
the;0.013320056297079334
Sous;0.015253900846457493
Vide;0.01884086927367892
method;0.013650142795406864
others;0.01378754295739212
would;0.010846663005483028
prefer;0.012332554435001492
an;0.01240746268671845
open;0.010835392250125917
fire;0.015250344230381827
grill.;0.034433988993713326
But;0.014510972586815095
there;0.011704277263092778
are;0.010967295724649474
so;0.011784591972118195
many;0.010985216876401922
ways;0.013197223704691608
and;0.012319389612441133
the;0.011775166154506505
taste;0.012735475618933009
of;0.01042671304240066
individuals;0.015347147785790993
and;0.011665575004893028
also;0.010970403045826424
the;0.010547119134112985
culture;0.015599455120335375
they;0.010656893510489892
live;0.010676468173191048
in;0.011178055726221913
make;0.011575469602857814
it;0.010119167684473938
impossible;0.012434038090899947
to;0.010626278196809849
say.;0.017560785133206462
But;0.01428996983214175
how;0.011959006936643342
do;0.011214299658265547
you;0.011281813071898345
like;0.012325559216678213
a;0.01201010647382622
steak?;0.04414960756963046
Do;0.010756957884046332
you;0.011193334765465883
like;0.011481355218547214
it;0.012287375727216806
rare;0.01217951066717985
or;0.010971776784896695
well;0.010193792862697027
done?;0.015776466509133048
What;0.011280529608910636
kind;0.011119570698107846
of;0.010042994957243956
cut;0.013863111379079952
are;0.010986454461314233
you;0.01094018318299593
using;0.01172926280261388
and;0.01138689814988625
what;0.010565493170331538
size;0.012058937517119228
of;0.010542584032733388
steak;0.013366335914557072
are;0.01041398698969224
you;0.010510272975316483
wanting;0.010335700488976664
to;0.009995797752901714
cook?;0.010020653673691223
