text;attention
Under;0.05315366523990915
the;0.020557887402682825
US;0.020878098138592635
Constitution,;0.05119340499820643
George;0.021548778216686576
Washington;0.022265190974432258
was;0.02616404528226453
the;0.026103717118429258
first;0.02611385735000759
president;0.028672870648939103
of;0.02342041870913993
the;0.019657251598787864
United;0.017415200623939746
States.;0.03706540407732365
However,;0.0425762638431653
before;0.04977228381014826
the;0.02280053091767218
US;0.02021608875097947
Constitution;0.02228222296429198
was;0.02123360862513296
drafted;0.02410201136545198
and;0.02040742545032049
ratified,;0.04161033924524617
several;0.03848203080568442
men;0.030314212342434553
had;0.03384088609340545
run;0.039508302678034644
the;0.025297349619846345
newly;0.020278347764612736
independent;0.022011526944694534
country,;0.02569789793714204
beginning;0.02903991525599361
with;0.0217430729453551
John;0.019635307468305056
Hanson.;0.0349405847927414
