text;attention
You;0.0803256230732839
had;0.08365053782310378
better;0.08775708557773675
take;0.08541743502893648
the;0.07977255822314114
wormer;0.09728739457950945
option,;0.09008937707751102
your;0.08111507781761124
jeans;0.08244342736246359
in;0.07774673965074622
this;0.07753553432305677
options;0.07685920946289965
