text;attention
Screeching;0.04099221789151561
noise;0.03611242413563049
is;0.03505913721005938
an;0.03466695866523373
unpleasant;0.03434192690346914
noise;0.03519837535880177
created;0.03695557091379051
usually;0.03415990164301619
when;0.03718554742268731
two;0.03715054650652821
hard;0.03670902616202284
surfaces;0.037899136768949356
rub;0.03730872302423721
against;0.0359957710592784
each;0.033016867557881406
other.;0.04019810020712256
A;0.03334934189900741
common;0.03527938516188718
example;0.0347968158429559
is;0.03476745888175842
a;0.034321918027331734
sound;0.03523749358592003
of;0.033363866756353555
fingernails;0.03972745831838687
on;0.03605458364033324
a;0.033590639332345615
black;0.03303996261557908
board.;0.033520844507917
