text;attention
The;0.6680033496550469
current;0.046005371654318894
prime;0.04474789431187547
minister;0.041027125383478885
of;0.03127055022432282
Italy;0.04364990793799312
is;0.03591583634196724
Giorgia;0.04551979907000311
Meloni.;0.04386016542099347
