text;attention
First;0.06347954372554655
I;0.029096556560610685
would;0.02408399961977296
recommend;0.038561776041469785
you;0.02769982253868881
notify;0.04357005517712636
said;0.04579051542151785
online;0.03106024219697181
virtual;0.024179717320991598
assistant;0.0399155582859867
training;0.042462236090018896
crowdsourcing;0.03798343829874173
platform;0.02780635455116499
of;0.029737461137150305
the;0.023412645840557272
mistake.;0.06944563610755432
Secondly;0.0423813646724021
I;0.02986604451092919
recommend;0.026548080799558744
you;0.026395530667829775
make;0.023478396032706832
the;0.02160635049313931
choice;0.028438308752605442
based;0.028057120936181304
on;0.023851928967008773
the;0.020933597647180384
other;0.021659195800355514
factors;0.025016409401133498
in;0.020995738542092704
the;0.019950238318581483
agreement;0.021886835089242523
primarily.;0.02064930045518177
