text;attention
the;0.02977509253533544
value;0.028364098554937794
of;0.024090015017481623
the;0.02360000422334789
variable;0.025172696090695768
a;0.025158629181260064
is;0.02360908356171943
not;0.022465362901644928
updated;0.024458012734029557
within;0.023558485298280966
the;0.02237881448682316
loop.;0.037502979000284035
Therefore,;0.038713729116494726
the;0.023248441873798657
stopping;0.02688971174764686
condition;0.024138449099847796
of;0.02294458344747756
the;0.02192911139417316
loop;0.02306772042969798
will;0.024143698280431433
never;0.022574041304058465
be;0.021052275909791703
satisfied.;0.02920981396953224
One;0.02479055821172393
way;0.026682518612661302
to;0.023748823101669522
solve;0.024576564056590325
this;0.022299645940297496
issue;0.023117724519399155
is;0.022415123146359104
to;0.022465299297336132
set;0.023743411400531704
a;0.023076434403268543
to;0.02307211241659455
0;0.024977905652318878
at;0.022897570722760146
the;0.02138016767384978
end;0.021319408866545927
of;0.021166181367669807
the;0.019912178244126045
loop.;0.020313522207506457
