text;attention
This;6.826892776226777e-10
function;7.493616841828503e-10
resizes;8.996430632721507e-10
a;6.180876451492727e-10
given;6.823600411175762e-10
set;6.536435932817216e-10
of;6.894879014672803e-10
images;8.152442271277056e-10
to;6.038122124622163e-10
a;8.400779195198721e-10
specified;6.647707894431504e-10
size.;0.2627608332160059
The;6.446239920952858e-10
function;7.171983276938963e-10
takes;8.175822897131729e-10
in;6.847845152241242e-10
a;7.650897677717916e-10
list;6.587334514252269e-10
of;6.652471841213902e-10
images,;2.208584863403201e-09
along;6.548214068769755e-10
with;7.396278686720285e-10
a;8.161558915075478e-10
desired;7.754355014760422e-10
x-axis;1.028960415087953e-09
and;6.208376823436402e-10
y-axis;8.853356625689073e-10
resolutions;1.0013950514056352e-09
(resx;1.0569585905911022e-09
and;6.382546857955867e-10
resy).;1.1983242275314127e-09
The;6.866122157825653e-10
function;7.234484743836482e-10
then;6.199495828978308e-10
creates;6.619088655344068e-10
a;7.769713016714316e-10
new;6.600785696276277e-10
array;8.909298236933362e-10
of;5.959283452827945e-10
the;6.60537801998395e-10
specified;6.757026213784897e-10
size,;1.7301776268497934e-09
and;7.432651096360503e-10
iterates;8.601900272899174e-10
through;6.239246498225789e-10
the;6.433129652979125e-10
images;7.25457998542768e-10
list;6.687485318244071e-10
to;6.558170185463769e-10
resize;7.841390581368723e-10
each;6.750336927201088e-10
one;7.252662731472866e-10
using;6.424257696191382e-10
the;6.430841855374123e-10
scikit-image;2.0036675601708714e-09
library's;8.164760859530364e-10
resize);1.6286688641298917e-09
function.;0.29697790885575903
The;6.402909133837778e-10
anti-aliasing;1.4410309369700285e-09
parameter;6.482467405519854e-10
is;6.657232059544422e-10
set;7.198966225020418e-10
to;6.347938255693374e-10
false,;1.7830656687581226e-09
which;6.286258966510307e-10
will;6.906080888412079e-10
prevent;7.542997688542008e-10
the;6.552927025676434e-10
images;7.329906387731289e-10
from;6.446288429647752e-10
being;6.983392742145015e-10
blurred.;0.1749337102310194
The;6.684299727002853e-10
resized;8.041407604175757e-10
images;7.227830587405347e-10
are;6.55449970912347e-10
then;6.386985729759862e-10
returned.;0.2653274868710274
