text;attention
Without;0.01698826057873575
more;0.014350384489899358
information;0.01695940635084476
about;0.014042439843733323
you;0.018695344808178742
and;0.014199000561627432
your;0.01208405901606379
goals,;0.04017820423299644
it;0.01284370493452719
is;0.01180855791738846
impossible;0.013632702489355919
to;0.012603834113821053
say;0.013268263243911812
what;0.013772742155366717
the;0.012275991790584842
optimal;0.01518979606125476
calorie;0.020836742025784522
intake;0.018949384066127815
is.;0.03223935667761234
However,;0.024667574692150914
the;0.015271046582882251
isocaloric;0.04695327099877643
intake;0.01689957323833873
for;0.017300484590350867
an;0.013064025222490512
average;0.014893099750532388
height;0.017890454642271576
sedentary;0.01745239761390965
American;0.014855345070538326
male;0.014626963535968636
in;0.013413330077257105
their;0.012316228621055898
late;0.011544260308802701
thirties;0.017080164165101375
should;0.017051171880599778
generally;0.013426808765304858
be;0.013689998807089241
no;0.011645305828106071
more;0.011332565375150871
than;0.01366940776732808
2,400;0.022815499609624697
calories;0.014098056665891114
to;0.013229321310804206
maintain;0.014114776129789857
a;0.011272449340881948
healthy;0.011794917896695347
BMI.;0.01870031537789208
This;0.013250444712529515
can;0.013377551629674894
be;0.011716918595923893
influenced;0.014714517884946453
dramatically;0.013393068957663063
by;0.016091372333493375
exercise,;0.021021577969478504
starting;0.012343794947875707
weight,;0.016698719175868605
and;0.013240582746926197
goal;0.012552608038910918
weight,;0.0144327450396065
metabolism,;0.01411567772335878
and;0.01127931260556027
other;0.01110609830003072
factors.;0.010678020114752029
