text;attention
A;0.014223398889456066
distributed;0.02060819277195598
hash;0.017577492098993452
table;0.018547904289647723
(DHT);0.049123877506237146
is;0.013444166296521823
a;0.014744353679784139
distributed;0.014166367609020115
system;0.013735718687186295
that;0.013238227800715409
provides;0.015344875144119826
a;0.012110422834520239
lookup;0.016025673523596375
service;0.012600621266321534
similar;0.01268366265304952
to;0.012734185154394896
a;0.011130994011773173
hash;0.011516224242917424
table.;0.0279643011882965
What;0.011610383450913675
differentiates;0.017128325995759468
a;0.012297222485804497
DHT;0.015901066419645237
from;0.013228204224631708
a;0.010914573621299432
normal;0.011642194369144413
hash;0.010193790299550053
table,;0.013659220967441234
however,;0.013470222071168958
is;0.010522488326823535
the;0.01046076648700822
fact;0.010174975814554621
that;0.014099373298638484
storage;0.013603648901369449
and;0.012271488430819079
lookup;0.013632448375288923
on;0.012219533526328088
DHT;0.012368842193032218
are;0.010706812568796135
distributed;0.013110276794635792
across;0.012344967983188234
multiple;0.01348251547381551
(can;0.012693210243440785
be;0.009913139972248013
millions);0.011946217840395682
nodes;0.012659572395463605
or;0.010410873157435118
machines,;0.012830634000014244
and;0.011754700618876674
the;0.01060613722261505
node;0.011633994671972396
that;0.01142627497804913
gets;0.010614215701641583
to;0.010036068016223873
store;0.012317015069611628
a;0.011074856321595336
particular;0.010327169425658535
key;0.011439533349311684
is;0.010720877779885684
found;0.010368808741765408
by;0.011325508381242211
hashing;0.012759340057297867
that;0.010296352572616126
key,;0.011647991679389638
so;0.010952226433449052
in;0.009935533910864908
effect,;0.011100025773221259
your;0.009992713886196557
hash-table;0.01626761798333782
buckets;0.012588183451083246
are;0.010209041755444162
now;0.009898432342099788
independent;0.009989430964642845
nodes;0.010041534475987995
in;0.009702804752917855
a;0.009651484567747023
network.;0.010304475778092573
