text;attention
Sure.;0.010334955431351158
The;0.005667288603368772
sound;0.0077633969481104214
of;0.0045283732292854964
the;0.004934143581087659
letter;0.009970720071605134
"""th""";0.010108134294796187
is;0.006056627780423818
made;0.005910412856126024
by;0.008245897547440496
putting;0.0057225069565358605
your;0.004649141579861703
tongue;0.005156956792631449
between;0.004532555962962944
your;0.004093487980542242
teeth;0.004878089235446037
(not;0.01093490488158281
placing;0.005639149626059018
your;0.004384306570510087
teeth;0.0063850396733107
on;0.004963240322240834
your;0.0038840303075917057
tongue);0.008504469764689056
and;0.007251860703114519
breathing;0.0052183394147971
out.;0.011250130720847306
For;0.0044308587749473894
example,;0.017960888241244175
to;0.006080653498004872
pronounce;0.010336822114291672
the;0.005231016181597533
word;0.0068574809507943825
"""three"",";0.0446966366976281
you;0.004971785386310044
would;0.006326488784727288
say;0.006674637419122098
"""thhhh-ree""";0.18247982300142
with;0.006477992333284586
a;0.005146157304408918
short;0.00535180505958559
puff;0.009262449421564348
of;0.004830811194506255
air;0.004635640173050459
while;0.005381635528028266
bringing;0.006512606560016158
your;0.004674358184607604
tongue;0.005496642081894653
up;0.004976808243211846
to;0.005131114051042915
your;0.004275725161334805
teeth.;0.013200083997750323
Similarly,;0.01907636280594499
with;0.006104982660795462
the;0.0047437202666555265
word;0.007199223301088615
"""breathe"",";0.02976120124091041
you;0.005316075216982288
would;0.005966485587187506
say;0.00710950927299041
"""bres-thh""";0.108153863804032
with;0.007376571811940717
that;0.006205027628446265
same;0.006989929396255049
puff;0.009413525100503852
of;0.004950669054545681
air;0.005341797427590248
through;0.005634354568221113
your;0.004821168259719232
teeth.;0.013443836872030301
I;0.0064379322093483194
hope;0.006547142715802633
this;0.0053966344471979375
helps.;0.011907858866602835
Please;0.008228552323120399
ask;0.006206691059929995
if;0.005667538578457404
you;0.0056283242093230395
need;0.006935119129725208
any;0.004596779799836349
further;0.0049266396507326796
assistance;0.00795728063000166
with;0.005881307904450307
pronouncing;0.04344789170492835
the;0.007083528687061216
"""th""";0.012640794466376806
sound;0.0048054259222600065
or;0.007489912583688812
any;0.005692853459875889
other;0.005248650286375444
linguistic;0.004952098052002622
concepts.;0.012343657856369511
