text;attention
The;0.04593558708561469
1067456th;0.9502058107173482
prime;0.0007804651158387673
number;0.0007386505177769111
is;0.0007460260963145685
18677067.;0.0015934604671069838
