text;attention
Yes,;0.017465441326704675
the;0.011239907475454804
field;0.011284392908725165
of;0.011341405978881279
psychology;0.017888219070902267
that;0.011892997879314646
deals;0.011543096912466876
with;0.012251384080803191
how;0.011815707208091678
a;0.010780025828410738
person;0.012541874857951439
reacts;0.014648482150894666
to;0.011511683531787076
the;0.010369658342649522
objects;0.01132952254357037
and;0.0104990175345003
spaces;0.012285170014850013
around;0.011017387424498854
them;0.011297323185993437
is;0.010912716278105488
called;0.011177600873038894
environmental;0.014063327001162595
psychology.;0.03266976267804638
Environmental;0.012412320429845507
psychology;0.014116237896535693
examines;0.01375863852131525
how;0.012186477688712831
people;0.014962435314231226
perceive;0.012658903025309018
and;0.01106401276925276
interact;0.011069386747936803
with;0.011380768685054247
their;0.010663253473419745
physical;0.012241610988225533
environment,;0.012158574736802694
including;0.011034908465285325
their;0.010473567036372294
homes,;0.013144988330687477
workplaces,;0.012977475400380283
and;0.010746941015198068
public;0.01142253258411118
spaces.;0.018747024566000046
It;0.013224198762085786
explores;0.011758834048325355
how;0.011052186450877475
environmental;0.011094471689070604
factors;0.010805539495668006
such;0.010278856462410902
as;0.011681252914416301
lighting,;0.013050800381016784
temperature,;0.011289885537811248
noise,;0.01069461071410233
and;0.010308098404858934
layout;0.010585797797846162
can;0.010536939279482843
affect;0.010634618539090271
human;0.012446360634995669
behavior,;0.011648513186624587
mood,;0.010910258347167964
and;0.010380473034981113
well-being.;0.021257168280799706
Environmental;0.010718477120941696
psychologists;0.011444935135143807
may;0.010478992204936921
also;0.010149820974574548
study;0.011455701618788523
topics;0.010176787033847777
such;0.009926039210118065
as;0.012443168816858375
urban;0.012838008179366032
planning,;0.011094054138647587
sustainability,;0.011327833088547366
and;0.01015719998247659
the;0.010332121697875788
design;0.010155782499134793
of;0.010304412140065842
public;0.010693391384530002
spaces;0.010687245183947628
to;0.010239151041802595
promote;0.011021074520575757
health;0.010482876041605575
and;0.010038027681670813
well-being.;0.01114987358143169
